FIrst,first,s,Sequence,0
the,the,s,,0
Queens,queens,s,PersonProperty,0
Majesty,majesty,s,CommonAuthorities,0
in,in,s,,0
the,the,s,,0
figure,figure,s,SenseObject,0
of,of,s,,0
Tethys,tethys,c,UNRECOGNIZED,0
.,.,s,,0
The,the,s,PersonProperty,0
Ladies,ladies,s,PersonProperty,1
in,in,s,SpaceRelation,0
the,the,s,SpaceRelation,1
shape,shape,s,SpaceRelation,2
of,of,n,SpaceRelation,3
Nymphs,nymphs,c,SenseObject,0
",",",",s,,0
presiding,presiding,s,CommonAuthorities,0
several,several,s,Specifiers,0
Rivers,rivers,c,SenseObject,0
",",",",s,,0
appropriaten,appropriaten,c,UNRECOGNIZED,0
",",",",s,,0
either,either,s,ReasonForward,0
to,to,s,ReasonForward,1
their,their,s,PersonPronoun,0
dignity,dignity,c,StandardsPos,0
",",",",n,,0
Signiories,signiories,s,CommonAuthorities,0
or,or,s,,0
places,places,s,SpaceRelation,0
of,of,s,SpaceRelation,1
birth,birth,nn,AbstractConcepts,0
ON,on,s,,0
the,the,s,,0
Trauers,trauers,s,UNRECOGNIZED,0
which,which,s,,0
served,served,s,GenericEvents,0
as,as,s,GenericEvents,1
a,a,s,GenericEvents,2
curtain,curtain,s,SenseObject,0
for,for,s,,0
the,the,s,,0
first,first,s,LangRef,0
Scene,scene,c,LangRef,1
",",",",s,,0
was,was,s,ProjectBack,0
figured,figured,s,ReportingEvents,0
a,a,n,ReportingEvents,1
dark,dark,s,SenseObject,0
cloud,cloud,c,SenseObject,1
",",",",s,,0
in^erser,in^erser,s,UNRECOGNIZED,0
with,with,s,,0
certain,certain,s,Confidence,0
sparkling,sparkling,s,SenseProperty,0
stars,stars,c,SenseObject,0
",",",",s,Aside,0
which,which,c,Aside,1
",",",",s,,0
at,at,s,SpaceRelation,0
the,the,s,SpaceRelation,1
sound,sound,s,SenseProperty,0
of,of,n,SenseProperty,1
a,a,s,SenseProperty,2
loud,loud,s,SenseProperty,0
music,music,c,SenseProperty,0
",",",",s,,0
being,being,s,ReportingStates,0
instantly,instantly,s,Immediacy,0
drawn,drawn,c,ReportingStates,0
",",",",s,ReportingStates,1
the,the,s,SpaceRelation,0
Scene,scene,s,SpaceRelation,1
was,was,s,ProjectBack,0
discovered,discovered,s,Curiosity,0
with,with,s,,0
these,these,n,Immediacy,0
adornements,adornements,c,UNRECOGNIZED,0
:,:,s,,0
First,first,s,Sequence,0
on,on,s,SpaceRelation,0
either,either,s,SpaceRelation,1
side,side,s,SpaceRelation,2
stood,stood,s,Narrative_Verbs,0
a,a,s,Narrative_Verbs,1
great,great,s,Intensity,0
statue,statue,s,SenseObject,0
of,of,s,,0
twelve,twelve,s,SpaceRelation,0
foot,foot,s,SpaceRelation,1
high,high,c,SpaceRelation,2
",",",",n,,0
representing,representing,s,ReportingEvents,0
Neptune,neptune,s,,0
and,and,s,,0
Nereus,nereus,c,UNRECOGNIZED,0
.,.,s,,0
Neptune,neptune,s,,0
holding,holding,s,,0
a,a,s,,0
Trident,trident,c,SenseObject,0
",",",",s,,0
with,with,s,Specifiers,0
an,an,s,Specifiers,1
Anchor,anchor,s,SenseObject,0
made,made,n,ReportingEvents,0
to,to,s,ReportingEvents,1
it,it,c,,0
",",",",s,,0
and,and,s,,0
this,this,s,,0
Mot,mot,c,PersonProperty,0
.,.,s,,0
His,his,s,PersonPronoun,0
artibus,artibus,c,UNRECOGNIZED,0
:,:,s,,0
that,that,s,Specifiers,0
is,is,c,Specifiers,1
",",",",s,Specifiers,2
Regendo,regendo,c,UNRECOGNIZED,0
",",",",s,,0
and,and,s,,0
retinendo,retinendo,c,UNRECOGNIZED,0
",",",",s,,0
alluding,alluding,s,Citations,0
to,to,n,Citations,1
this,this,s,,0
verse,verse,s,SenseProperty,0
of,of,s,SenseProperty,1
Virgill,virgill,c,UNRECOGNIZED,0
",",",",s,,0
H^e,h^e,s,UNRECOGNIZED,0
tibi,tibi,s,,0
erunt,erunt,s,UNRECOGNIZED,0
arts,arts,c,AbstractConcepts,0
",",",",s,,0
etc,etc,c,AbstractConcepts,0
.,.,s,AbstractConcepts,1
Nereus,nereus,s,UNRECOGNIZED,0
holding,holding,s,ReportingEvents,0
out,out,s,ReportingEvents,1
a,a,s,,0
golden,golden,n,SenseProperty,0
fish,fish,s,SenseObject,0
in,in,s,,0
a,a,s,SenseObject,0
net,net,c,SenseObject,1
",",",",s,,0
with,with,s,Specifiers,0
this,this,s,Specifiers,1
word,word,s,LangRef,0
Industria,industria,c,UNRECOGNIZED,0
:,:,s,,0
the,the,s,Support,0
reason,reason,s,Support,1
whereof,whereof,s,CommonAuthorities,0
is,is,s,ReportingStates,0
delivered,delivered,s,ReportingEvents,0
after,after,c,Sequence,0
",",",",n,,0
in,in,s,,0
the,the,s,,0
speech,speech,s,LangRef,0
uttered,uttered,s,ReportingEvents,0
by,by,s,,0
Triton,triton,c,AbstractConcepts,0
.,.,s,,0
These,these,s,Immediacy,0
Sea-gods,sea-gods,s,UNRECOGNIZED,0
stood,stood,s,ReportingEvents,0
on,on,s,ReportingEvents,1
pedestals,pedestals,s,SenseObject,0
and,and,s,,0
were,were,s,ProjectBack,0
al,al,n,,0
of,of,s,,0
gold,gold,c,SenseObject,0
.,.,s,,0
Behind,behind,s,SpaceRelation,0
them,them,s,SpaceRelation,1
were,were,s,ProjectBack,0
two,two,s,Numbers,0
pillasters,pillasters,c,UNRECOGNIZED,0
",",",",s,,0
on,on,s,AbstractConcepts,0
which,which,s,AbstractConcepts,1
hung,hung,s,ReportingEvents,0
compartments,compartments,s,SpaceRelation,0
with,with,n,,0
other,other,s,Specifiers,0
devises,devises,c,PrivateThinking,0
:,:,s,,0
and,and,s,,0
these,these,s,Immediacy,0
bore,bore,s,SubjectivePercept,0
up,up,s,SubjectivePercept,1
a,a,s,,0
rich,rich,s,Positivity,0
Freeze,freeze,c,SenseProperty,0
",",",",s,,0
wherein,wherein,s,CommonAuthorities,0
were,were,s,ProjectBack,0
figures,figures,s,LangRef,0
of,of,s,LangRef,1
ten,ten,n,SpaceRelation,0
foot,foot,s,SpaceRelation,1
long,long,c,SenseProperty,0
",",",",s,,0
of,of,s,,0
floods,floods,c,SenseObject,0
",",",",s,,0
and,and,s,,0
Nymphs,nymphs,c,SenseObject,0
",",",",s,,0
with,with,s,Specifiers,0
a,a,s,Specifiers,1
number,number,s,AbstractConcepts,0
of,of,s,,0
naked,naked,s,SenseObject,0
children,children,c,PersonProperty,0
",",",",s,,0
dallying,dallying,n,Motions,0
with,with,s,Specifiers,0
a,a,s,Specifiers,1
draperie,draperie,c,UNRECOGNIZED,0
",",",",s,Aside,0
which,which,s,Aside,1
they,they,s,Aside,2
seemed,seemed,s,PrivateThinking,0
to,to,s,PrivateThinking,1
hold,hold,s,ReportingEvents,0
up,up,c,ReportingEvents,1
",",",",s,,0
that,that,s,,0
the,the,s,SpaceRelation,0
Scene,scene,s,SpaceRelation,1
might,might,s,Contingency,0
be,be,s,Contingency,1
seen,seen,c,ReportingStates,0
",",",",n,ReportingStates,1
and,and,s,,0
the,the,s,Sequence,0
ends,ends,s,Sequence,1
thereof,thereof,s,CommonAuthorities,0
fell,fell,s,Negativity,0
down,down,s,Negativity,1
in,in,s,,0
foldes,foldes,s,UNRECOGNIZED,0
by,by,s,,0
the,the,s,,0
pillasters,pillasters,c,UNRECOGNIZED,0
.,.,s,,0
In,in,s,Specifiers,0
the,the,s,Specifiers,1
midst,midst,s,Specifiers,2
was,was,s,ProjectBack,0
a,a,n,ProjectBack,1
compartment,compartment,c,SpaceRelation,0
",",",",s,,0
with,with,s,Specifiers,0
this,this,s,Specifiers,1
inscription,inscription,c,SpaceRelation,0
",",",",s,,0
Tethyos,tethyos,s,UNRECOGNIZED,0
Epinicia,epinicia,c,UNRECOGNIZED,0
",",",",s,,0
TETHYS,tethys,s,UNRECOGNIZED,0
feasts,feasts,s,SenseObject,0
of,of,s,,0
triumph,triumph,c,Positivity,0
.,.,n,,0
This,this,s,ProjectBack,0
was,was,s,ProjectBack,1
supported,supported,s,ReportingEvents,0
with,with,s,SpaceRelation,0
two,two,s,SpaceRelation,1
winged,winged,s,SenseProperty,0
boys,boys,c,PersonProperty,0
",",",",s,,0
and,and,s,Generalization,0
all,all,s,Generalization,1
the,the,s,GenericEvents,0
work,work,s,GenericEvents,1
was,was,s,ProjectBack,0
done,done,s,Sequence,0
with,with,s,Sequence,1
that,that,n,,0
force,force,s,,0
and,and,s,,0
boldness,boldness,s,Confidence,0
on,on,s,,0
the,the,s,SenseObject,0
gold,gold,s,SenseObject,1
and,and,s,,0
silver,silver,c,SenseObject,0
",",",",s,,0
as,as,s,,0
the,the,s,,0
figures,figures,s,SenseObject,0
seemed,seemed,s,Uncertainty,0
round,round,s,SenseProperty,0
and,and,s,DenyDisclaim,0
not,not,n,DenyDisclaim,1
painted,painted,nn,Narrative_Verbs,0
The,the,s,Narrative_Verbs,1
Scene,scene,s,AbstractConcepts,0
it,it,s,,0
self,self,s,SubjectivePercept,0
was,was,s,ProjectBack,0
a,a,s,ProjectBack,1
Port,port,s,SenseObject,0
or,or,s,,0
Haven,haven,s,Positivity,0
with,with,s,,0
Bulworkes,bulworkes,s,UNRECOGNIZED,0
at,at,s,SpaceRelation,0
the,the,s,SpaceRelation,1
entrance,entrance,c,SpaceRelation,2
",",",",s,,0
and,and,s,,0
the,the,n,,0
figure,figure,s,SenseObject,0
of,of,s,,0
a,a,s,SenseObject,0
Castle,castle,s,SenseObject,1
commanding,commanding,s,ReportingEvents,0
a,a,s,ReportingEvents,1
fortified,fortified,s,ReportingEvents,0
town,town,c,SpaceRelation,0
:,:,s,,0
within,within,s,Specifiers,0
this,this,s,Specifiers,1
Port,port,s,SenseObject,0
were,were,s,ProjectBack,0
many,many,n,,0
Ships,ships,c,SenseObject,0
",",",",s,,0
small,small,s,SenseProperty,0
and,and,s,,0
great,great,c,Intensity,0
",",",",s,,0
seeming,seeming,s,SubjectivePercept,0
to,to,s,SubjectivePercept,1
lie,lie,s,SenseProperty,0
at,at,s,SenseProperty,1
Anchor,anchor,c,SenseProperty,2
",",",",s,,0
some,some,s,Uncertainty,0
nearer,nearer,c,SpaceRelation,0
",",",",s,,0
and,and,s,,0
some,some,s,Uncertainty,0
further,further,n,AbstractConcepts,0
off,off,c,,0
",",",",s,,0
Zephirus,zephirus,s,UNRECOGNIZED,0
with,with,s,SpaceRelation,0
eight,eight,s,SpaceRelation,1
Naydes,naydes,c,UNRECOGNIZED,0
",",",",s,,0
Nymphs,nymphs,s,SenseObject,0
of,of,s,,0
fountains,fountains,c,SenseObject,0
",",",",s,,0
and,and,s,,0
two,two,s,Numbers,0
Tritons,tritons,s,AbstractConcepts,0
sent,sent,n,ReportingEvents,0
from,from,s,,0
Tethys,tethys,s,UNRECOGNIZED,0
to,to,s,,0
give,give,s,Updates,0
notice,notice,s,Updates,1
of,of,s,,0
her,her,s,PersonPronoun,0
intendement,intendement,c,UNRECOGNIZED,0
",",",",s,Aside,0
which,which,s,Aside,1
was,was,s,ProjectBack,0
the,the,s,ProjectBack,1
Ante-maske,ante-maske,s,UNRECOGNIZED,0
or,or,n,,0
first,first,s,Sequence,0
show,show,c,ReportingEvents,0
.,.,s,,0
The,the,s,,0
Duke,duke,s,CommonAuthorities,0
of,of,s,,0
York,york,s,AbstractConcepts,0
presented,presented,s,ReportingEvents,0
Zephirus,zephirus,c,UNRECOGNIZED,0
",",",",s,,0
in,in,s,,0
a,a,s,,0
short,short,s,SenseProperty,0
robe,robe,s,SenseObject,0
of,of,s,SenseObject,1
green,green,n,SenseProperty,0
satin,satin,s,SenseObject,0
imbrodered,imbrodered,s,UNRECOGNIZED,0
with,with,s,,0
golden,golden,s,SenseProperty,0
flowers,flowers,s,SenseObject,0
with,with,s,Specifiers,0
a,a,s,Specifiers,1
round,round,s,SenseProperty,0
wing,wing,s,SenseObject,0
made,made,s,Specifiers,0
of,of,s,Specifiers,1
lawnes,lawnes,s,UNRECOGNIZED,0
on,on,s,,0
wyers,wyers,c,UNRECOGNIZED,0
",",",",n,,0
and,and,s,,0
hung,hung,s,SpaceRelation,0
down,down,s,SpaceRelation,1
in,in,s,,0
labels,labels,c,SenseObject,0
.,.,s,,0
Behind,behind,s,,0
his,his,s,PersonPronoun,0
shoulders,shoulders,s,SenseObject,0
two,two,s,Numbers,0
silver,silver,s,SenseObject,0
wings,wings,c,SenseObject,0
.,.,s,,0
On,on,s,SpaceRelation,0
his,his,s,SpaceRelation,1
head,head,s,SpaceRelation,2
a,a,n,,0
Garland,garland,s,SenseObject,0
of,of,s,,0
flowers,flowers,s,SenseObject,0
consisting,consisting,s,Specifiers,0
of,of,s,Specifiers,1
all,all,s,,0
colors,colors,c,SenseProperty,0
",",",",s,,0
and,and,s,,0
on,on,s,AbstractConcepts,0
one,one,s,AbstractConcepts,1
Arm,arm,s,SenseObject,0
which,which,s,,0
was,was,s,ProjectBack,0
out,out,n,,0
bare,bare,c,SenseProperty,0
",",",",s,,0
he,he,s,Neutral_Attribution,0
wore,wore,s,Neutral_Attribution,1
a,a,s,,0
bracelet,bracelet,s,SenseObject,0
of,of,s,,0
gold,gold,s,SenseObject,0
set,set,s,ReportingEvents,0
with,with,s,,0
rich,rich,s,Positivity,0
stones,stones,c,SenseObject,0
.,.,s,,0
Eight,eight,s,Numbers,0
little,little,s,SenseProperty,0
Ladies,ladies,n,PersonProperty,0
near,near,s,SpaceRelation,0
of,of,s,,0
his,his,s,PersonPronoun,0
stature,stature,s,SenseProperty,0
represented,represented,s,Narrative_Verbs,0
the,the,s,Narrative_Verbs,1
Naydes,naydes,c,UNRECOGNIZED,0
",",",",s,,0
and,and,s,,0
were,were,s,ProjectBack,0
attired,attired,s,SenseProperty,0
in,in,s,SenseProperty,1
light,light,s,SenseProperty,0
robes,robes,n,SenseObject,0
adorned,adorned,s,SenseProperty,0
with,with,s,SenseProperty,1
flowers,flowers,c,SenseObject,0
",",",",s,,0
their,their,s,PersonPronoun,0
hair,hair,s,SenseObject,0
hanging,hanging,s,SpaceRelation,0
down,down,c,SpaceRelation,1
",",",",s,,0
and,and,s,,0
wauing,wauing,s,UNRECOGNIZED,0
with,with,s,,0
Garlands,garlands,s,SenseObject,0
of,of,n,,0
water,water,s,SenseObject,0
ornaments,ornaments,s,SenseObject,0
on,on,s,,0
their,their,s,PersonPronoun,0
heads,heads,nn,SenseObject,0
The,the,s,,0
Tritons,tritons,s,AbstractConcepts,0
wore,wore,s,ReportingEvents,0
skin-coates,skin-coates,s,UNRECOGNIZED,0
of,of,s,,0
watchet,watchet,s,SenseObject,0
Taffata,taffata,s,UNRECOGNIZED,0
(,(,c,,0
lightened,lightened,s,Transformation,0
with,with,s,,0
silver,silver,c,SenseObject,0
),),s,,0
to,to,s,,0
show,show,n,ReportingEvents,0
the,the,s,,0
Muscles,muscles,s,SenseObject,0
of,of,s,,0
their,their,s,PersonPronoun,0
bodies,bodies,c,SenseObject,0
.,.,s,,0
From,from,s,,0
the,the,s,,0
waste,waste,s,StandardsNeg,0
almost,almost,s,SubjectivePercept,0
to,to,s,,0
the,the,s,SenseObject,0
knee,knee,s,SenseObject,1
were,were,s,ProjectBack,0
finnes,finnes,s,UNRECOGNIZED,0
of,of,n,,0
silver,silver,s,SenseObject,0
in,in,s,Specifiers,0
the,the,s,Specifiers,1
manner,manner,s,Specifiers,2
of,of,s,Specifiers,3
bases,bases,c,SenseObject,0
",",",",s,,0
a,a,s,SenseObject,0
mantle,mantle,s,SenseObject,1
of,of,s,,0
Sea-greene,sea-greene,s,UNRECOGNIZED,0
laced,laced,c,SenseProperty,0
",",",",s,,0
and,and,s,,0
fringed,fringed,s,SenseProperty,0
with,with,n,SenseProperty,1
gold,gold,c,SenseObject,0
",",",",s,,0
tied,tied,s,ReportingEvents,0
with,with,s,Specifiers,0
a,a,s,Specifiers,1
knot,knot,s,SenseObject,0
upon,upon,s,,0
one,one,s,Numbers,0
shoulder,shoulder,c,SenseObject,0
",",",",s,,0
and,and,s,,0
falling,falling,s,Negativity,0
down,down,s,Negativity,1
in,in,s,,0
foldes,foldes,s,UNRECOGNIZED,0
behind,behind,c,,0
",",",",n,,0
was,was,s,ProjectBack,0
fastened,fastened,s,SenseProperty,0
to,to,s,SenseProperty,1
the,the,s,SenseProperty,2
contrary,contrary,s,Resistance,0
side,side,c,,0
:,:,s,,0
on,on,s,,0
their,their,s,PersonPronoun,0
heads,heads,s,SenseObject,0
garlands,garlands,s,SenseObject,0
of,of,s,,0
Sedge,sedge,c,SenseObject,0
",",",",s,,0
with,with,n,,0
trumpets,trumpets,s,SenseObject,0
of,of,s,,0
writhen,writhen,s,Negativity,0
shells,shells,s,SenseObject,0
in,in,s,Specifiers,0
their,their,s,Specifiers,1
hand,hand,c,SenseObject,0
:,:,s,,0
Buskins,buskins,s,SenseObject,0
of,of,s,,0
Sea-greene,sea-greene,s,UNRECOGNIZED,0
laid,laid,s,ReportingEvents,0
with,with,s,,0
silver,silver,n,SenseObject,0
lace,lace,c,SenseObject,1
.,.,s,,0
These,these,s,Immediacy,0
persons,persons,s,PersonProperty,0
thus,thus,s,ReasonForward,0
attired,attired,c,SenseProperty,0
",",",",s,,0
entered,entered,s,SceneShift,0
with,with,s,SceneShift,1
this,this,s,,0
song,song,s,SenseObject,0
of,of,s,,0
four,four,s,Numbers,0
parts,parts,c,AbstractConcepts,0
",",",",s,,0
and,and,s,,0
a,a,n,,0
music,music,s,SenseProperty,0
of,of,s,SenseProperty,1
twelve,twelve,s,Numbers,0
Lutes,lutes,nn,SenseObject,0
YOuth,youth,s,AbstractConcepts,0
of,of,s,,0
the,the,s,,0
spring,spring,c,AbstractConcepts,0
",",",",s,,0
mild,mild,s,Positivity,0
Zephirus,zephirus,s,UNRECOGNIZED,0
blow,blow,s,Motions,0
fair,fair,c,StandardsPos,0
",",",",n,,0
And,and,s,,0
breath,breath,s,SenseObject,0
the,the,s,,0
joyful,joyful,s,Positivity,0
air,air,c,ReportingEvents,0
",",",",n,Aside,0
Which,which,s,Aside,1
Tethys,tethys,s,UNRECOGNIZED,0
wishes,wishes,s,SubjectivePercept,0
may,may,s,Contingency,0
attend,attend,s,SpaceRelation,0
this,this,s,Immediacy,0
day,day,c,Immediacy,1
",",",",n,,0
Who,who,s,,0
comes,comes,s,ReportingEvents,0
her,her,s,SubjectivePercept,0
self,self,s,SubjectivePercept,1
to,to,s,,0
pay,pay,n,ReportingEvents,0
The,the,s,,0
vows,vows,s,Intensity,0
her,her,s,PersonPronoun,0
heart,heart,s,SenseObject,0
presents,presents,c,,0
",",",",n,,0
To,to,s,,0
these,these,s,Immediacy,0
fair,fair,s,StandardsPos,0
complements,complements,c,Comparison,0
.,.,n,,0
Breath,breath,s,SenseObject,0
out,out,s,,0
new,new,s,,0
flowers,flowers,c,SenseObject,0
",",",",s,Aside,0
which,which,s,Aside,1
yet,yet,s,Resistance,0
were,were,s,ProjectBack,0
never,never,s,Uncertainty,0
known,known,n,Uncertainty,1
Unto,unto,s,CommonAuthorities,0
the,the,s,,0
Spring,spring,c,AbstractConcepts,0
",",",",s,,0
nor,nor,s,DenyDisclaim,0
blown,blown,n,ReportingEvents,0
Before,before,s,Sequence,0
this,this,s,Sequence,1
time,time,c,,0
",",",",s,,0
to,to,s,,0
bewtifie,bewtifie,s,UNRECOGNIZED,0
the,the,s,SpaceRelation,0
earth,earth,c,SpaceRelation,1
",",",",n,,0
And,and,s,,0
as,as,s,Comparison,0
this,this,s,Comparison,1
day,day,s,TimeDuration,0
gives,gives,s,ReportingEvents,0
birth,birth,n,ReportingEvents,1
Unto,unto,s,CommonAuthorities,0
new,new,s,,0
types,types,s,Specifiers,0
of,of,s,Specifiers,1
State,state,c,,0
",",",",n,ReasonForward,0
So,so,s,ReasonForward,1
let,let,s,ReportingEvents,0
it,it,s,,0
bliss,bliss,s,Positivity,0
create,create,c,ReportingEvents,0
.,.,n,Imperative,0
Bear,bear,s,Imperative,1
Tethys,tethys,s,UNRECOGNIZED,0
message,message,s,AbstractConcepts,0
to,to,s,,0
the,the,s,SenseObject,0
Ocean,ocean,s,SenseObject,1
King,king,c,PersonProperty,0
",",",",n,,0
Say,say,s,Citations,0
how,how,s,,0
she,she,s,PersonPronoun,0
joys,joys,s,Positivity,0
to,to,s,,0
bring,bring,n,,0
Delight,delight,s,Positivity,0
unto,unto,s,CommonAuthorities,0
his,his,s,PersonPronoun,0
Islands,islands,s,SenseObject,0
and,and,s,,0
his,his,s,PersonPronoun,0
Seas,seas,c,SenseObject,0
",",",",n,,0
And,and,s,,0
tell,tell,s,,0
Meliades,meliades,n,UNRECOGNIZED,0
The,the,s,,0
offspring,offspring,s,PersonProperty,0
of,of,s,,0
his,his,s,PersonPronoun,0
bood,bood,c,UNRECOGNIZED,0
",",",",n,,0
How,how,s,,0
she,she,s,PersonPronoun,0
applaudes,applaudes,s,UNRECOGNIZED,0
his,his,s,PersonPronoun,0
good,good,c,,0
.,.,n,,0
The,the,s,,0
song,song,s,SenseObject,0
ended,ended,c,ReportingStates,0
",",",",s,ReportingStates,1
Triton,triton,s,AbstractConcepts,0
in,in,s,,0
the,the,s,StandardsPos,0
behalf,behalf,s,StandardsPos,1
of,of,s,StandardsPos,2
Zephirus,zephirus,s,UNRECOGNIZED,0
delivers,delivers,s,ReportingEvents,0
Tethys,tethys,s,UNRECOGNIZED,0
message,message,s,AbstractConcepts,0
with,with,n,,0
her,her,s,PersonPronoun,0
Presents,presents,s,,0
(,(,c,,0
which,which,s,,0
was,was,s,ProjectBack,0
a,a,s,ProjectBack,1
Trident,trident,s,SenseObject,0
to,to,s,,0
the,the,s,SenseObject,0
King,king,c,SenseObject,1
",",",",s,,0
and,and,s,,0
a,a,s,,0
rich,rich,s,Positivity,0
sword,sword,s,SenseObject,0
and,and,s,,0
skarfe,skarfe,s,UNRECOGNIZED,0
to,to,n,,0
the,the,s,,0
Prince,prince,s,CommonAuthorities,0
of,of,s,CommonAuthorities,1
Wales,wales,c,CommonAuthorities,2
),),s,,0
in,in,s,,0
these,these,s,Immediacy,0
words,words,nn,LangRef,0
FRom,from,s,Specifiers,0
that,that,s,Specifiers,1
intelligence,intelligence,s,AbstractConcepts,0
which,which,s,,0
moves,moves,s,Motions,0
the,the,s,,0
Sphere,sphere,n,SenseObject,0
Of,of,s,,0
circling,circling,s,Motions,0
waves,waves,s,SenseObject,0
(,(,c,,0
the,the,s,Intensity,0
mighty,mighty,s,Intensity,1
Tethys,tethys,c,UNRECOGNIZED,0
",",",",s,,0
Queen,queen,n,PersonProperty,0
Of,of,s,,0
Nymphs,nymphs,s,SenseObject,0
and,and,s,,0
rivers,rivers,c,SenseObject,0
",",",",s,Future_Question,0
who,who,s,Future_Question,1
will,will,s,Future_Question,2
straight,straight,s,AbstractConcepts,0
appear,appear,c,SubjectivePercept,0
",",",",n,,0
And,and,s,,0
in,in,s,,0
a,a,s,,0
humane,humane,s,StandardsPos,0
Character,character,s,LangRef,0
be,be,s,SpaceRelation,0
seen,seen,c,SpaceRelation,1
),),n,,0
We,we,s,Inclusive,0
have,have,s,Inclusive,1
in,in,s,Responsibility,0
charge,charge,s,Responsibility,1
to,to,s,,0
say,say,c,Citations,0
",",",",s,,0
that,that,s,,0
even,even,s,Resistance,0
as,as,s,Resistance,1
Seas,seas,n,SenseObject,0
And,and,s,,0
lands,lands,c,SpaceRelation,0
",",",",s,,0
are,are,s,ReportingStates,0
graced,graced,s,Positive_Attribution,0
by,by,s,,0
men,men,s,PersonProperty,0
of,of,s,PersonProperty,1
worth,worth,s,AbstractConcepts,0
and,and,s,,0
might,might,c,Contingency,0
",",",",n,ReasonForward,0
So,so,s,ReasonForward,1
they,they,s,,0
return,return,s,RecurringEvents,0
their,their,s,PersonPronoun,0
favors,favors,c,Positivity,0
;,;,s,,0
and,and,s,,0
in,in,s,,0
these,these,n,Immediacy,0
Exalting,exalting,s,StandardsPos,0
of,of,s,,0
the,the,s,Positivity,0
good,good,s,Positivity,1
seem,seem,s,Uncertainty,0
to,to,s,,0
delight,delight,c,Positivity,0
.,.,n,DirectAddress,0
Which,which,s,DirectAddress,1
she,she,c,PersonPronoun,0
",",",",s,,0
in,in,s,StandardsPos,0
glory,glory,c,StandardsPos,1
",",",",s,,0
lately,lately,s,Updates,0
visiting,visiting,n,SceneShift,0
The,the,s,SceneShift,1
sweet,sweet,c,SenseProperty,0
",",",",s,,0
and,and,s,,0
pleasant,pleasant,s,Positivity,0
Shores,shores,s,SenseObject,0
of,of,s,,0
Cambria,cambria,c,UNRECOGNIZED,0
",",",",s,,0
found,found,n,ReportingEvents,0
By,by,s,,0
an,an,s,,0
unusual,unusual,c,Exceptions,0
",",",",s,,0
and,and,s,,0
most,most,s,Comparison,0
forward,forward,s,AbstractConcepts,0
Spring,spring,n,SpaceRelation,0
Of,of,s,SpaceRelation,1
comfort,comfort,c,Positivity,0
",",",",s,,0
wherewith,wherewith,s,CommonAuthorities,0
all,all,s,SubjectivePercept,0
things,things,s,SubjectivePercept,1
did,did,s,ReportingEvents,0
abound,abound,c,Intensity,0
",",",",n,ReasonForward,0
For,for,s,ReasonForward,1
joy,joy,s,Positivity,0
of,of,s,,0
the,the,s,,0
Inuestiture,inuestiture,s,UNRECOGNIZED,0
at,at,s,Immediacy,0
hand,hand,n,Immediacy,1
Of,of,s,,0
their,their,s,PersonPronoun,0
new,new,s,,0
Prince,prince,c,PersonProperty,0
",",",",s,,0
whose,whose,s,PersonPronoun,0
Rites,rites,c,CommonAuthorities,0
",",",",s,,0
with,with,s,,0
acts,acts,s,ReportingEvents,0
renownd,renownd,n,UNRECOGNIZED,0
Were,were,s,SpaceRelation,0
here,here,s,SpaceRelation,1
to,to,s,GenericEvents,0
be,be,s,GenericEvents,1
solemnized,solemnized,s,Transformation,0
on,on,s,,0
this,this,s,,0
Strand,strand,c,SenseObject,0
:,:,n,,0
And,and,s,,0
therefore,therefore,s,ReasonForward,0
straight,straight,s,AbstractConcepts,0
resolves,resolves,s,StandardsPos,0
t'adorne,t'adorne,s,UNRECOGNIZED,0
the,the,s,TimeDuration,0
day,day,n,TimeDuration,1
With,with,s,,0
her,her,s,PersonPronoun,0
al-gracing,al-gracing,s,UNRECOGNIZED,0
presence,presence,c,AbstractConcepts,0
",",",",s,,0
and,and,s,,0
the,the,s,SenseObject,0
train,train,c,SenseObject,1
",",",",n,,0
Of,of,s,,0
some,some,s,Uncertainty,0
choice,choice,s,SubjectivePercept,0
Nymphs,nymphs,s,SenseObject,0
she,she,s,PersonPronoun,0
pleased,pleased,s,Positivity,0
to,to,s,Positivity,1
call,call,s,ReportingEvents,0
away,away,n,ReportingEvents,1
From,from,s,,0
several,several,s,Specifiers,0
Rivers,rivers,s,SenseObject,0
which,which,s,,0
they,they,s,,0
entertain,entertain,c,Positivity,0
.,.,n,DirectAddress,0
And,and,s,DirectAddress,1
first,first,s,Sequence,0
the,the,s,,0
lovely,lovely,s,Positivity,0
Nymphe,nymphe,s,UNRECOGNIZED,0
of,of,s,,0
stately,stately,s,StandardsPos,0
Thames,thames,c,,0
",",",",n,,0
(,(,c,,0
The,the,s,Positivity,0
darling,darling,s,Positivity,1
of,of,s,,0
the,the,s,SenseObject,0
Ocean,ocean,c,SenseObject,1
),),s,,0
summond,summond,s,UNRECOGNIZED,0
is,is,c,ReportingStates,0
:,:,n,,0
Then,then,s,,0
those,those,s,,0
of,of,s,,0
Trent,trent,s,UNRECOGNIZED,0
and,and,s,,0
Aruns,aruns,s,UNRECOGNIZED,0
graceful,graceful,s,Positive_Attribution,0
streams,streams,c,SenseObject,0
",",",",n,,0
Then,then,s,,0
Darwent,darwent,s,UNRECOGNIZED,0
next,next,s,Sequence,0
with,with,s,,0
cleare-wau'd,cleare-wau'd,s,UNRECOGNIZED,0
worthiness,worthiness,c,StandardsPos,0
.,.,n,,0
The,the,s,,0
beauteous,beauteous,s,StandardsPos,0
Nymph,nymph,s,SenseObject,0
of,of,s,,0
Chrystall-streaming,chrystall-streaming,s,UNRECOGNIZED,0
Lee,lee,n,SenseObject,0
Gives,gives,s,,0
next,next,s,Sequence,0
attendance,attendance,c,GenericEvents,0
:,:,s,,0
Then,then,s,,0
the,the,s,,0
Nymph,nymph,s,SenseObject,0
of,of,s,,0
Air,air,n,ReportingEvents,0
With,with,s,,0
modest,modest,s,SubjectivePercept,0
motion,motion,s,Motions,0
makes,makes,s,ReportingEvents,0
her,her,s,PersonPronoun,0
sweet,sweet,s,SenseProperty,0
repair,repair,c,ReportingEvents,0
.,.,n,,0
The,the,s,,0
Nymph,nymph,s,SenseObject,0
of,of,s,,0
Seuerne,seuerne,s,UNRECOGNIZED,0
follows,follows,s,SceneShift,0
in,in,s,SceneShift,1
degree,degree,c,AbstractConcepts,0
",",",",n,,0
With,with,s,,0
ample,ample,s,StandardsPos,0
streams,streams,s,SenseObject,0
of,of,s,,0
grace,grace,c,StandardsPos,0
:,:,s,,0
and,and,s,Sequence,0
next,next,s,Sequence,1
to,to,s,PersonPronoun,0
her,her,n,PersonPronoun,1
The,the,s,,0
cheerful,cheerful,s,Positivity,0
Nymph,nymph,s,SenseObject,0
of,of,s,,0
Rother,rother,s,SenseObject,0
does,does,s,ReportingEvents,0
appaere,appaere,n,UNRECOGNIZED,0
With,with,s,,0
comely,comely,s,Positivity,0
Medway,medway,c,UNRECOGNIZED,0
",",",",s,,0
th'ornament,th'ornament,s,UNRECOGNIZED,0
of,of,s,,0
Kent,kent,c,,0
",",",",n,,0
And,and,s,Sequence,0
then,then,s,Sequence,1
four,four,s,Numbers,0
goodly,goodly,s,StandardsPos,0
Nymphs,nymphs,s,SenseObject,0
that,that,s,,0
beutifie,beutifie,n,UNRECOGNIZED,0
Cambers,cambers,s,SenseObject,0
fair,fair,s,StandardsPos,0
shores,shores,c,SenseObject,0
",",",",s,,0
and,and,s,SubjectivePercept,0
all,all,s,SubjectivePercept,1
that,that,s,SubjectivePercept,2
Continent,continent,n,AbstractConcepts,0
The,the,s,StandardsPos,0
graces,graces,s,StandardsPos,1
of,of,s,,0
clear,clear,s,,0
Vske,vske,c,UNRECOGNIZED,0
",",",",s,,0
Olwy,olwy,c,UNRECOGNIZED,0
",",",",s,,0
Dulesse,dulesse,c,UNRECOGNIZED,0
",",",",s,,0
Wy^,wy^,n,UNRECOGNIZED,0
All,all,s,Generalization,0
these,these,s,Generalization,1
within,within,s,,0
the,the,s,Intensity,0
goodly,goodly,s,Intensity,1
spacious,spacious,s,SenseProperty,0
Bay,bay,n,SenseObject,0
Of,of,s,,0
manifold,manifold,s,AbstractConcepts,0
inharboring,inharboring,s,UNRECOGNIZED,0
Mil^ord,mil^ord,s,UNRECOGNIZED,0
meet,meet,c,ReportingEvents,0
",",",",n,,0
The,the,s,Positivity,0
happy,happy,s,Positivity,1
Port,port,s,SenseObject,0
of,of,s,,0
Union,union,c,AbstractConcepts,0
",",",",s,Aside,0
which,which,s,Aside,1
gave,gave,s,SubjectivePercept,0
way,way,n,SubjectivePercept,1
To,to,s,SubjectivePercept,2
that,that,s,,0
great,great,s,Intensity,0
Heroes,heroes,s,StandardsPos,0
HENRY,henry,c,PersonProperty,0
",",",",s,,0
and,and,s,,0
his,his,s,PersonPronoun,0
fleet,fleet,c,SenseProperty,0
",",",",n,,0
To,to,s,,0
make,make,s,ReportingEvents,0
the,the,s,StandardsPos,0
blessed,blessed,s,StandardsPos,1
conjunction,conjunction,s,AbstractConcepts,0
that,that,s,,0
beg,beg,s,Intensity,0
at,at,n,SpaceRelation,0
A,a,s,SpaceRelation,1
greater,greater,c,Comparison,0
",",",",s,,0
and,and,s,,0
more,more,s,Comparison,0
glorious,glorious,s,Positivity,0
far,far,s,SpaceRelation,0
then,then,s,,0
that,that,c,,0
.,.,n,,0
From,from,s,,0
hence,hence,s,ReasonForward,0
she,she,s,Neutral_Attribution,0
sends,sends,s,Neutral_Attribution,1
her,her,s,PersonPronoun,0
dear,dear,s,Positivity,0
loved,loved,s,Positivity,0
Zephirus,zephirus,c,UNRECOGNIZED,0
;,;,n,,0
To,to,s,,0
breath,breath,s,SenseObject,0
out,out,s,Negativity,0
her,her,s,Negativity,1
affection,affection,s,Positivity,0
and,and,s,,0
her,her,s,PersonPronoun,0
zeal,zeal,n,StandardsPos,0
To,to,s,DirectAddress,0
you,you,s,DirectAddress,1
great,great,s,Intensity,0
Monarch,monarch,s,PersonProperty,0
of,of,s,,0
Oceanus,oceanus,c,UNRECOGNIZED,0
",",",",n,,0
And,and,s,,0
to,to,s,,0
present,present,s,,0
this,this,s,,0
Trident,trident,s,SenseObject,0
as,as,s,,0
the,the,s,,0
seal,seal,n,SenseObject,0
And,and,s,,0
ensign,ensign,s,PersonProperty,0
of,of,s,,0
her,her,s,PersonPronoun,0
love,love,s,Positivity,0
and,and,s,,0
of,of,s,DirectAddress,0
your,your,s,DirectAddress,1
right,right,c,,0
.,.,n,DirectAddress,0
And,and,s,DirectAddress,1
therewithal,therewithal,s,CommonAuthorities,0
she,she,s,PersonPronoun,0
wills,wills,s,SubjectivePercept,0
him,him,c,SubjectivePercept,1
",",",",s,,0
greet,greet,s,SpaceRelation,0
the,the,s,,0
Lord,lord,n,CommonAuthorities,0
And,and,s,,0
Prince,prince,s,CommonAuthorities,0
of,of,s,CommonAuthorities,1
the,the,s,,0
Isles,isles,s,SpaceRelation,0
(,(,c,,0
the,the,s,,0
hope,hope,s,Positivity,0
and,and,s,,0
the,the,s,,0
delight,delight,c,Positivity,0
",",",",n,,0
Of,of,s,Specifiers,0
all,all,s,Specifiers,1
the,the,s,Specifiers,2
Northern,northern,s,SpaceRelation,0
Nations,nations,c,CommonAuthorities,0
),),s,,0
with,with,s,Specifiers,0
this,this,s,Specifiers,1
sword,sword,n,SenseObject,0
Which,which,s,,0
she,she,s,PersonPronoun,0
unto,unto,s,CommonAuthorities,0
Astraea,astraea,s,UNRECOGNIZED,0
sacred,sacred,s,StandardsPos,0
found,found,c,ReportingStates,0
",",",",n,ReportingStates,1
And,and,s,DenyDisclaim,0
not,not,s,DenyDisclaim,1
to,to,s,GenericEvents,0
be,be,s,GenericEvents,1
vnsheath'd,vnsheath'd,s,UNRECOGNIZED,0
but,but,s,Resistance,0
on,on,s,,0
just,just,s,Intensity,0
ground,ground,c,SenseObject,0
.,.,n,,0
Herewith,herewith,c,Metadiscourse,0
",",",",s,,0
says,says,s,Citations,0
she,she,c,PersonPronoun,0
",",",",s,,0
deliver,deliver,s,ReportingEvents,0
him,him,s,ReportingEvents,1
from,from,s,SelfDisclosure,0
me,me,n,SelfDisclosure,1
This,this,s,,0
skarffe,skarffe,c,UNRECOGNIZED,0
",",",",s,,0
the,the,s,,0
zone,zone,s,AbstractConcepts,0
of,of,s,StandardsPos,0
love,love,s,StandardsPos,1
and,and,s,,0
Amity,amity,c,StandardsPos,0
",",",",n,,0
Tingird,tingird,s,UNRECOGNIZED,0
the,the,s,Comparison,0
same,same,c,Comparison,1
;,;,s,,0
wherein,wherein,s,CommonAuthorities,0
he,he,s,PersonPronoun,0
may,may,s,Contingency,0
suruay,suruay,c,UNRECOGNIZED,0
",",",",n,,0
Infigur'd,infigur'd,s,UNRECOGNIZED,0
all,all,s,Generalization,0
the,the,s,Generalization,1
spacious,spacious,s,SenseProperty,0
Emperie,emperie,n,UNRECOGNIZED,0
That,that,s,,0
he,he,s,Updates,0
is,is,s,Updates,1
borne,borne,s,ReportingEvents,0
unto,unto,s,CommonAuthorities,0
another,another,s,Specifiers,0
day,day,c,TimeDuration,0
.,.,n,DirectAddress,0
Which,which,c,DirectAddress,1
",",",",s,,0
tell,tell,s,,0
him,him,c,PersonPronoun,0
",",",",s,,0
will,will,s,PredictedFuture,0
be,be,s,PredictedFuture,1
world,world,s,AbstractConcepts,0
enough,enough,s,SubjectivePercept,0
to,to,s,SubjectivePercept,1
yield,yield,n,ReportingEvents,0
All,all,s,,0
works,works,s,LangRef,0
of,of,s,LangRef,1
glory,glory,s,StandardsPos,0
ever,ever,s,Contingency,0
can,can,s,Contingency,1
be,be,s,ReportingStates,0
wrought,wrought,c,ReportingEvents,0
.,.,n,DirectAddress,0
Let,let,s,DirectAddress,1
him,him,s,DirectAddress,2
not,not,s,DenyDisclaim,0
pass,pass,s,DenyDisclaim,1
the,the,s,,0
circle,circle,s,AbstractConcepts,0
of,of,s,AbstractConcepts,1
that,that,s,,0
field,field,c,SenseObject,0
",",",",n,Resistance,0
But,but,s,Resistance,1
think,think,s,PrivateThinking,0
Alcides,alcides,s,UNRECOGNIZED,0
pillars,pillars,s,SenseObject,0
are,are,s,ReportingStates,0
the,the,s,ReportingStates,1
knot,knot,n,SenseObject,0
For,for,s,ReasonBackward,0
there,there,s,ReasonBackward,1
will,will,s,PredictedFuture,0
be,be,s,PredictedFuture,1
within,within,s,,0
the,the,s,,0
large,large,s,SenseProperty,0
extent,extent,n,AbstractConcepts,0
Of,of,s,AbstractConcepts,1
these,these,s,Immediacy,0
my,my,s,FirstPer,0
waves,waves,c,SenseObject,0
",",",",s,,0
and,and,s,,0
watery,watery,s,SenseProperty,0
Government,government,n,CommonAuthorities,0
More,more,s,Comparison,0
treasure,treasure,c,Positivity,0
",",",",s,,0
and,and,s,,0
more,more,s,Comparison,0
certain,certain,s,Confidence,0
riches,riches,s,Positivity,0
got,got,n,ReportingEvents,0
Then,then,s,,0
all,all,s,Generalization,0
the,the,s,Generalization,1
Indies,indies,s,,0
to,to,s,,0
Iberus,iberus,s,UNRECOGNIZED,0
brought,brought,c,ReportingStates,0
",",",",n,ReportingStates,1
For,for,s,,0
Nereus,nereus,s,UNRECOGNIZED,0
will,will,s,PredictedFuture,0
by,by,s,,0
industry,industry,s,CommonAuthorities,0
unfold,unfold,n,Motions,0
A,a,s,Motions,1
Chimicke,chimicke,s,UNRECOGNIZED,0
secret,secret,c,AbstractConcepts,0
",",",",s,,0
and,and,s,,0
turn,turn,s,,0
fish,fish,s,SenseObject,0
to,to,s,,0
gold,gold,c,SenseObject,0
.,.,n,,0
This,this,s,,0
charge,charge,s,AbstractConcepts,0
she,she,s,PersonPronoun,0
gave,gave,c,ReportingStates,0
",",",",s,ReportingStates,1
and,and,s,,0
looks,looks,s,ReportingEvents,0
^,^,c,UNRECOGNIZED,0
ith,ith,s,UNRECOGNIZED,0
such,such,s,Specifiers,0
a,a,s,Specifiers,1
cheer,cheer,n,Positivity,0
As,as,s,,0
did,did,s,Narrative_Verbs,0
her,her,s,Narrative_Verbs,1
comfort,comfort,s,Positivity,0
and,and,s,,0
delight,delight,s,Positivity,0
bewray,bewray,c,SubjectivePercept,0
",",",",n,,0
Like,like,s,SubjectivePercept,0
clear,clear,s,,0
Aurora,aurora,s,SenseObject,0
when,when,s,TimeShift,0
she,she,s,TimeShift,1
does,does,s,ReportingEvents,0
appear,appear,n,SpaceRelation,0
In,in,s,SpaceRelation,1
brightest,brightest,s,Positivity,0
roabes,roabes,s,UNRECOGNIZED,0
to,to,s,,0
make,make,s,ReportingEvents,0
a,a,s,,0
glorious,glorious,s,Positivity,0
day,day,c,TimeDuration,0
.,.,n,,0
The,the,s,,0
Speech,speech,s,LangRef,0
ended,ended,c,ReportingStates,0
",",",",s,ReportingStates,1
the,the,s,,0
Naydes,naydes,s,UNRECOGNIZED,0
dance,dance,s,Motions,0
about,about,s,,0
Zephirus,zephirus,c,UNRECOGNIZED,0
",",",",s,,0
and,and,s,Sequence,0
then,then,s,Sequence,1
withdraw,withdraw,s,ReportingEvents,0
them,them,n,ReportingEvents,1
aside,aside,c,Metadiscourse,0
",",",",s,Metadiscourse,1
when,when,s,TimeShift,0
suddenly,suddenly,s,TimeShift,1
at,at,s,SpaceRelation,0
the,the,s,SpaceRelation,1
sound,sound,s,SenseProperty,0
of,of,s,SenseProperty,1
a,a,s,SenseProperty,2
loud,loud,s,SenseProperty,0
and,and,s,,0
fuller,fuller,s,Comparison,0
music,music,c,SenseProperty,0
",",",",s,,0
Tethys,tethys,s,UNRECOGNIZED,0
with,with,s,,0
her,her,n,PersonPronoun,0
Nymphs,nymphs,s,SenseObject,0
appears,appears,c,SubjectivePercept,0
",",",",s,,0
with,with,s,,0
another,another,s,Specifiers,0
Scene,scene,c,AbstractConcepts,0
",",",",s,Aside,0
which,which,s,Aside,1
I,i,s,FirstPer,0
will,will,s,PredictedFuture,0
likewise,likewise,s,Specifiers,0
describe,describe,c,Citations,0
",",",",s,,0
in,in,s,,0
the,the,n,,0
language,language,s,LangRef,0
of,of,s,,0
the,the,s,,0
Architector,architector,c,UNRECOGNIZED,0
",",",",s,,0
who,who,s,,0
contrived,contrived,s,SubjectivePercept,0
it,it,c,,0
",",",",s,,0
and,and,s,,0
speaks,speaks,s,,0
in,in,s,SubjectivePercept,0
his,his,s,SubjectivePercept,1
own,own,s,SubjectivePercept,2
mestier,mestier,n,UNRECOGNIZED,0
to,to,s,,0
such,such,s,Specifiers,0
as,as,s,Specifiers,1
are,are,s,ReportingStates,0
vndersta^ders,vndersta^ders,s,UNRECOGNIZED,0
and,and,s,,0
lovers,lovers,s,Positivity,0
of,of,s,Positivity,1
that,that,s,,0
design,design,c,AbstractConcepts,0
.,.,s,Sequence,0
First,first,s,Sequence,1
at,at,s,SpaceRelation,0
the,the,s,SpaceRelation,1
opening,opening,s,SpaceRelation,2
of,of,n,,0
the,the,s,,0
heavens,heavens,s,Positivity,0
appeared,appeared,s,ReportingEvents,0
3,3,c,Sequence,0
.,.,s,Sequence,1
circles,circles,s,SenseProperty,0
of,of,s,SenseProperty,1
lights,lights,s,SenseObject,0
and,and,s,,0
glasses,glasses,c,SenseObject,0
",",",",s,,0
one,one,s,Numbers,0
within,within,s,,0
another,another,c,Specifiers,0
",",",",s,,0
and,and,n,,0
came,came,s,Motions,0
down,down,s,Motions,1
in,in,s,,0
a,a,s,,0
straight,straight,s,AbstractConcepts,0
motion,motion,s,Motions,0
five,five,s,SpaceRelation,0
foot,foot,c,SpaceRelation,1
",",",",s,,0
and,and,s,Sequence,0
then,then,s,Sequence,1
began,began,s,Sequence,0
to,to,s,Sequence,1
move,move,s,Motions,0
circularly,circularly,c,SenseProperty,0
;,;,n,,0
which,which,s,,0
lights,lights,s,SenseObject,0
and,and,s,,0
motion,motion,s,Motions,0
so,so,s,,0
occupied,occupied,s,ReportingEvents,0
the,the,s,,0
eyes,eyes,s,SenseObject,0
of,of,s,,0
the,the,s,PersonProperty,0
spectators,spectators,c,PersonProperty,1
",",",",s,,0
that,that,s,,0
the,the,s,,0
manner,manner,n,SubjectivePercept,0
of,of,s,SubjectivePercept,1
altering,altering,s,ReportingEvents,0
the,the,s,ReportingEvents,1
Scene,scene,s,AbstractConcepts,0
was,was,s,ProjectBack,0
scarcely,scarcely,s,DenyDisclaim,0
discerned,discerned,c,PrivateThinking,0
:,:,s,,0
for,for,s,,0
in,in,s,Immediacy,0
a,a,s,Immediacy,1
moment,moment,s,Immediacy,2
the,the,s,Specifiers,0
whole,whole,s,Specifiers,1
face,face,s,SenseProperty,0
of,of,n,SenseProperty,1
it,it,s,ProjectBack,0
was,was,s,ProjectBack,1
changed,changed,c,ReportingStates,0
",",",",s,ReportingStates,1
the,the,s,,0
Port,port,s,SenseObject,0
vanished,vanished,c,ReportingStates,0
",",",",s,ReportingStates,1
and,and,s,,0
Tethys,tethys,s,UNRECOGNIZED,0
with,with,s,,0
her,her,s,PersonPronoun,0
Nymphs,nymphs,s,SenseObject,0
appeared,appeared,s,SpaceRelation,0
in,in,n,SpaceRelation,1
their,their,s,PersonPronoun,0
several,several,s,Specifiers,0
Cauernes,cauernes,s,UNRECOGNIZED,0
gloriously,gloriously,s,Positivity,0
adorned,adorned,c,Positivity,0
.,.,s,,0
This,this,s,,0
Scene,scene,s,AbstractConcepts,0
was,was,s,ProjectBack,0
comparted,comparted,s,ReportingEvents,0
into,into,s,,0
5,5,c,Sequence,0
.,.,n,Sequence,1
Neeces,neeces,c,UNRECOGNIZED,0
",",",",s,,0
whereof,whereof,s,CommonAuthorities,0
that,that,s,,0
in,in,s,Specifiers,0
the,the,s,Specifiers,1
midst,midst,s,Specifiers,2
had,had,s,ProjectBack,0
some,some,s,Uncertainty,0
slender,slender,s,SenseProperty,0
pillowes,pillowes,s,UNRECOGNIZED,0
of,of,s,,0
whole,whole,s,,0
round,round,c,SenseProperty,0
",",",",n,,0
and,and,s,,0
were,were,s,ProjectBack,0
made,made,s,Specifiers,0
of,of,s,Specifiers,1
modern,modern,s,SubjectiveTime,0
Architecture,architecture,s,AbstractConcepts,0
in,in,s,Specifiers,0
regard,regard,s,Specifiers,1
of,of,s,Specifiers,2
room,room,c,SenseObject,0
:,:,s,,0
these,these,s,ProjectBack,0
were,were,s,ProjectBack,1
of,of,n,,0
burnisht,burnisht,s,UNRECOGNIZED,0
gold,gold,c,SenseObject,0
",",",",s,,0
and,and,s,,0
bare,bare,s,SubjectivePercept,0
up,up,s,SubjectivePercept,1
the,the,s,,0
returns,returns,s,RecurringEvents,0
of,of,s,,0
an,an,s,,0
Architraue,architraue,c,UNRECOGNIZED,0
",",",",s,,0
Freeze,freeze,c,SenseProperty,0
",",",",s,,0
and,and,s,,0
Cornish,cornish,n,AbstractConcepts,0
of,of,s,,0
the,the,s,Comparison,0
same,same,s,Comparison,1
work,work,c,GenericEvents,0
:,:,s,,0
on,on,s,AbstractConcepts,0
which,which,c,AbstractConcepts,1
",",",",s,,0
upon,upon,s,,0
either,either,s,Metadiscourse,0
side,side,s,,0
was,was,s,ProjectBack,0
a,a,s,ProjectBack,1
Plinth,plinth,s,SpaceRelation,0
directly,directly,s,Immediacy,0
over,over,s,SpaceRelation,0
the,the,n,SpaceRelation,1
pillars,pillars,c,SenseObject,0
",",",",s,,0
and,and,s,,0
on,on,s,,0
them,them,s,,0
were,were,s,ProjectBack,0
placed,placed,c,ReportingStates,0
",",",",s,ReportingStates,1
for,for,s,,0
finishings,finishings,c,,0
",",",",s,,0
two,two,s,Numbers,0
Dolphins,dolphins,s,SenseObject,0
of,of,s,,0
silver,silver,c,SenseObject,0
",",",",s,,0
with,with,n,,0
their,their,s,PersonPronoun,0
tails,tails,s,SenseObject,0
wreathed,wreathed,s,SenseProperty,0
together,together,c,Inclusive,0
",",",",s,Aside,0
which,which,s,Aside,1
supported,supported,s,ReportingEvents,0
ouall,ouall,s,UNRECOGNIZED,0
vases,vases,s,SenseObject,0
of,of,s,,0
gold,gold,nn,SenseObject,0
Between,between,s,,0
the,the,s,,0
two,two,s,Numbers,0
pillars,pillars,s,SenseObject,0
on,on,s,SpaceRelation,0
either,either,s,SpaceRelation,1
side,side,s,SpaceRelation,2
were,were,s,ProjectBack,0
great,great,s,Intensity,0
ornaments,ornaments,s,SenseObject,0
of,of,s,,0
^,^,c,UNRECOGNIZED,0
elieuo,elieuo,c,UNRECOGNIZED,0
",",",",s,,0
the,the,n,,0
Basement,basement,s,SenseObject,0
were,were,s,ProjectBack,0
two,two,s,Numbers,0
huge,huge,s,Intensity,0
Whales,whales,s,SenseObject,0
of,of,s,,0
silver,silver,c,SenseObject,0
.,.,s,,0
Above,above,s,SpaceRelation,0
in,in,s,,0
an,an,s,,0
action,action,s,GenericEvents,0
mounting,mounting,s,Motions,0
were,were,s,ProjectBack,0
two,two,n,Numbers,0
Sea-horses,sea-horses,c,UNRECOGNIZED,0
",",",",s,,0
and,and,s,,0
above,above,s,SpaceRelation,0
them,them,c,SpaceRelation,1
",",",",s,,0
on,on,s,,0
each,each,s,Specifiers,0
side,side,s,SpaceRelation,0
of,of,s,SpaceRelation,1
Tethys,tethys,s,UNRECOGNIZED,0
seat,seat,s,SenseObject,0
was,was,s,ProjectBack,0
placed,placed,s,Narrative_Verbs,0
a,a,s,Narrative_Verbs,1
great,great,n,Intensity,0
Trident,trident,s,SenseObject,0
The,the,s,,0
seat,seat,s,SenseObject,0
or,or,s,,0
Throne,throne,s,SenseObject,0
it,it,s,,0
self,self,s,SubjectivePercept,0
was,was,s,ProjectBack,0
raised,raised,s,ReportingEvents,0
six,six,s,Numbers,0
steps,steps,c,Sequence,0
",",",",s,,0
and,and,s,Generalization,0
all,all,s,Generalization,1
covered,covered,n,SenseProperty,0
with,with,s,SenseProperty,1
such,such,s,Specifiers,0
an,an,s,Specifiers,1
artificial,artificial,s,SubjectivePercept,0
stuff,stuff,c,Uncertainty,0
",",",",s,,0
as,as,s,,0
seemed,seemed,s,Uncertainty,0
richer,richer,s,Comparison,0
by,by,s,,0
candle,candle,c,SenseObject,0
",",",",s,,0
then,then,s,,0
any,any,s,,0
cloth,cloth,s,SenseObject,0
of,of,n,SenseObject,1
gold,gold,c,SenseObject,2
.,.,s,,0
The,the,s,,0
rests,rests,s,TimeDuration,0
for,for,s,TimeDuration,1
her,her,s,PersonPronoun,0
arms,arms,s,SenseObject,0
were,were,s,ProjectBack,0
two,two,s,Numbers,0
Cherubines,cherubines,s,UNRECOGNIZED,0
of,of,s,,0
gold,gold,c,SenseObject,0
:,:,s,,0
over,over,s,Negative_Attribution,0
her,her,s,Negative_Attribution,1
head,head,s,Negative_Attribution,2
was,was,s,ProjectBack,0
a,a,n,ProjectBack,1
great,great,s,Intensity,0
skallop,skallop,s,UNRECOGNIZED,0
of,of,s,,0
silver,silver,s,SenseObject,0
from,from,s,Specifiers,0
which,which,s,Specifiers,1
hung,hung,s,Narrative_Verbs,0
the,the,s,Narrative_Verbs,1
foldes,foldes,s,UNRECOGNIZED,0
of,of,s,Specifiers,0
this,this,s,Specifiers,1
rich,rich,s,Positivity,0
drapery,drapery,nn,SenseObject,0
Above,above,s,SpaceRelation,0
the,the,s,SpaceRelation,1
Skallop,skallop,s,UNRECOGNIZED,0
and,and,s,,0
round,round,s,AbstractConcepts,0
about,about,s,AbstractConcepts,1
the,the,s,,0
sides,sides,s,AbstractConcepts,0
was,was,s,ProjectBack,0
a,a,s,ProjectBack,1
resplendent,resplendent,s,Positivity,0
freeze,freeze,s,SenseProperty,0
of,of,s,,0
jewel,jewel,n,SenseObject,0
glasses,glasses,s,SenseObject,0
or,or,s,,0
lights,lights,c,SenseObject,0
",",",",s,Aside,0
which,which,s,Aside,1
showed,showed,s,ReportingEvents,0
like,like,s,SubjectivePercept,0
Diamonds,diamonds,c,SenseObject,0
",",",",s,,0
Rubies,rubies,c,SenseObject,0
",",",",s,,0
Saphires,saphires,c,UNRECOGNIZED,0
",",",",s,,0
Emralds,emralds,c,UNRECOGNIZED,0
",",",",s,,0
and,and,n,,0
such,such,s,Resemblances,0
like,like,nn,Resemblances,1
The,the,s,,0
part,part,s,,0
which,which,s,,0
returned,returned,s,SceneShift,0
from,from,s,SceneShift,1
the,the,s,,0
two,two,s,Numbers,0
Plinthes,plinthes,s,UNRECOGNIZED,0
that,that,s,,0
bare,bare,s,SubjectivePercept,0
up,up,s,SubjectivePercept,1
the,the,s,,0
Dolphines,dolphines,c,UNRECOGNIZED,0
",",",",s,,0
was,was,n,ProjectBack,0
circular,circular,c,SenseProperty,0
",",",",s,,0
and,and,s,,0
made,made,s,ReportingEvents,0
a,a,s,,0
hollownesse,hollownesse,s,UNRECOGNIZED,0
over,over,s,,0
Tethys,tethys,s,UNRECOGNIZED,0
head,head,c,SenseObject,0
",",",",s,,0
and,and,s,,0
on,on,s,,0
this,this,s,,0
circle,circle,s,AbstractConcepts,0
were,were,s,ProjectBack,0
4,4,c,Sequence,0
.,.,n,Sequence,1
great,great,s,Intensity,0
C^artuses,c^artuses,s,UNRECOGNIZED,0
of,of,s,,0
gold,gold,c,SenseObject,0
",",",",s,Aside,0
which,which,s,Aside,1
bore,bore,s,SubjectivePercept,0
up,up,s,SubjectivePercept,1
a,a,s,SpaceRelation,0
round,round,s,SpaceRelation,1
bowl,bowl,s,SenseObject,0
of,of,s,SenseObject,1
silver,silver,c,SenseObject,0
",",",",s,,0
in,in,s,,0
mannner,mannner,s,UNRECOGNIZED,0
of,of,s,,0
a,a,n,,0
fountain,fountain,c,SenseObject,0
",",",",s,,0
with,with,s,,0
mask-heads,mask-heads,s,UNRECOGNIZED,0
of,of,s,,0
gold,gold,c,SenseObject,0
",",",",s,,0
out,out,s,,0
of,of,s,Specifiers,0
which,which,s,Specifiers,1
ran,ran,s,Narrative_Verbs,0
an,an,s,Narrative_Verbs,1
artificial,artificial,s,SubjectivePercept,0
water,water,c,SenseObject,0
.,.,s,,0
On,on,n,,0
the,the,s,,0
midst,midst,s,SenseProperty,0
of,of,s,SenseProperty,1
this,this,s,ProjectBack,0
was,was,s,ProjectBack,1
a,a,s,SenseProperty,0
triangular,triangular,s,SenseProperty,1
basement,basement,s,SenseObject,0
formed,formed,s,ReportingStates,0
of,of,s,ReportingStates,1
scrowles,scrowles,s,UNRECOGNIZED,0
and,and,s,,0
leaves,leaves,c,,0
",",",",n,,0
and,and,s,Sequence,0
then,then,s,Sequence,1
a,a,s,,0
rich,rich,s,Positivity,0
Veil,veil,s,SenseObject,0
adorned,adorned,s,SenseProperty,0
with,with,s,SenseProperty,1
flutings,flutings,c,SenseProperty,0
",",",",s,,0
and,and,s,,0
inchased,inchased,s,UNRECOGNIZED,0
work,work,s,Inclusive,0
with,with,s,Inclusive,1
a,a,s,SenseProperty,0
freeze,freeze,n,SenseProperty,1
of,of,s,SenseProperty,2
fishes,fishes,c,SenseObject,0
",",",",s,,0
and,and,s,,0
a,a,s,,0
batta^e,batta^e,s,UNRECOGNIZED,0
of,of,s,,0
Tritons,tritons,c,AbstractConcepts,0
",",",",s,,0
out,out,s,,0
of,of,s,,0
whose,whose,s,PersonPronoun,0
mouths,mouths,c,SenseObject,0
",",",",s,,0
sprang,sprang,s,Motions,0
water,water,s,SenseObject,0
into,into,n,Transformation,0
the,the,s,Transformation,1
Bowl,bowl,s,SenseObject,0
underneath,underneath,c,SpaceRelation,0
.,.,s,,0
On,on,s,SpaceRelation,0
the,the,s,SpaceRelation,1
top,top,s,SpaceRelation,2
of,of,s,SpaceRelation,3
this,this,s,ProjectBack,0
was,was,s,ProjectBack,1
a,a,s,SpaceRelation,0
round,round,s,SpaceRelation,1
globe,globe,s,SenseObject,0
of,of,s,,0
gold,gold,s,SenseObject,0
full,full,s,Negativity,0
of,of,n,Negativity,1
holes,holes,c,Negativity,2
",",",",s,,0
out,out,s,,0
of,of,s,Specifiers,0
which,which,s,Specifiers,1
issued,issued,s,ReportingEvents,0
abundance,abundance,s,StandardsPos,0
of,of,s,StandardsPos,1
water,water,c,SenseObject,0
",",",",s,,0
some,some,s,Uncertainty,0
falling,falling,s,ReportingEvents,0
into,into,s,ReportingEvents,1
the,the,s,,0
receipt,receipt,n,SenseObject,0
below,below,c,Specifiers,0
",",",",s,Specifiers,1
some,some,s,Uncertainty,0
into,into,s,Transformation,0
the,the,s,Transformation,1
Ovall,ovall,s,UNRECOGNIZED,0
vase,vase,c,SenseObject,0
",",",",s,,0
borne,borne,s,ReportingEvents,0
up,up,s,,0
by,by,s,,0
the,the,s,,0
Dolphines,dolphines,c,UNRECOGNIZED,0
",",",",s,,0
and,and,s,,0
indeed,indeed,s,Intensity,0
there,there,n,ProjectBack,0
was,was,s,ProjectBack,1
no,no,s,DenyDisclaim,0
place,place,s,SpaceRelation,0
in,in,s,,0
this,this,s,,0
great,great,s,Intensity,0
Aquatick,aquatick,s,UNRECOGNIZED,0
throne,throne,c,SenseObject,0
",",",",s,,0
that,that,s,ProjectBack,0
was,was,s,ProjectBack,1
not,not,s,DenyDisclaim,0
filled,filled,s,DenyDisclaim,1
with,with,s,Specifiers,0
the,the,n,Specifiers,1
sprinckling,sprinckling,s,UNRECOGNIZED,0
of,of,s,,0
these,these,s,Immediacy,0
two,two,s,Numbers,0
natural,natural,s,AbstractConcepts,0
seeming,seeming,s,Uncertainty,0
waters,waters,c,SenseObject,0
.,.,s,,0
The,the,s,,0
Neeces,neeces,s,UNRECOGNIZED,0
wherein,wherein,s,CommonAuthorities,0
the,the,s,PersonProperty,0
Ladies,ladies,n,PersonProperty,1
sat,sat,c,ReportingStates,0
",",",",s,ReportingStates,1
were,were,s,ProjectBack,0
four,four,c,Numbers,0
",",",",s,,0
with,with,s,,0
Pillasters,pillasters,s,UNRECOGNIZED,0
of,of,s,,0
gold,gold,c,SenseObject,0
",",",",s,,0
mingled,mingled,s,SpaceRelation,0
with,with,s,SpaceRelation,1
rustic,rustic,s,SenseProperty,0
stones,stones,s,SenseObject,0
showing,showing,n,ReportingEvents,0
like,like,s,Resemblances,0
a,a,s,Resemblances,1
mineral,mineral,s,SenseObject,0
to,to,s,,0
make,make,s,ReportingEvents,0
it,it,s,ReportingEvents,1
more,more,s,Comparison,0
rock,rock,c,SenseObject,0
",",",",s,,0
and,and,s,,0
Cauern-like,cauern-like,c,UNRECOGNIZED,0
",",",",s,,0
varying,varying,s,ReportingEvents,0
from,from,s,ReportingEvents,1
that,that,s,,0
of,of,n,,0
Tethys,tethys,s,UNRECOGNIZED,0
throne,throne,c,SenseObject,0
.,.,s,Imperative,0
Equal,equal,s,Imperative,1
with,with,s,Specifiers,0
the,the,s,Specifiers,1
heads,heads,s,SenseObject,0
of,of,s,,0
the,the,s,,0
Pillars,pillars,s,SenseObject,0
was,was,s,ProjectBack,0
an,an,s,ProjectBack,1
Architraue,architraue,s,UNRECOGNIZED,0
of,of,s,,0
the,the,n,Comparison,0
same,same,s,Comparison,1
work,work,c,GenericEvents,0
",",",",s,,0
above,above,s,SpaceRelation,0
was,was,s,ProjectBack,0
a,a,s,ProjectBack,1
circular,circular,s,SenseProperty,0
frontispice,frontispice,c,UNRECOGNIZED,0
",",",",s,Aside,0
which,which,s,Aside,1
rose,rose,s,ReportingEvents,0
equal,equal,s,Comparison,0
with,with,s,Specifiers,0
the,the,s,Specifiers,1
Bowl,bowl,n,SenseObject,0
of,of,s,SenseObject,1
the,the,s,,0
fountain,fountain,s,SenseObject,0
fore,fore,s,Sequence,0
discribed,discribed,c,UNRECOGNIZED,0
.,.,s,,0
On,on,s,,0
the,the,s,,0
rustic,rustic,s,SenseProperty,0
frontispice,frontispice,s,UNRECOGNIZED,0
lay,lay,s,ReportingEvents,0
two,two,s,Numbers,0
great,great,n,Intensity,0
figures,figures,s,ReportingEvents,0
in,in,s,ReportingEvents,1
Rileue,rileue,c,UNRECOGNIZED,0
",",",",s,Aside,0
which,which,s,Aside,1
seemed,seemed,s,PrivateThinking,0
to,to,s,PrivateThinking,1
bear,bear,s,SubjectivePercept,0
up,up,s,SubjectivePercept,1
a,a,s,,0
Garland,garland,s,SenseObject,0
of,of,s,,0
Sea-weeds,sea-weeds,c,UNRECOGNIZED,0
:,:,s,,0
to,to,s,,0
which,which,n,,0
from,from,s,,0
two,two,s,Numbers,0
antic,antic,s,SubjectivePercept,0
Candlestickes,candlestickes,s,UNRECOGNIZED,0
which,which,s,,0
stood,stood,s,SpaceRelation,0
over,over,s,SpaceRelation,1
the,the,s,,0
Pillasters,pillasters,s,UNRECOGNIZED,0
were,were,s,ProjectBack,0
hanging,hanging,n,SpaceRelation,0
Labells,labells,s,UNRECOGNIZED,0
of,of,s,,0
gold,gold,c,SenseObject,0
.,.,s,DirectAddress,0
And,and,s,DirectAddress,1
these,these,s,ProjectBack,0
were,were,s,ProjectBack,1
the,the,s,,0
finishings,finishings,s,,0
of,of,s,,0
the,the,s,SpaceRelation,0
top,top,s,SpaceRelation,1
of,of,s,SpaceRelation,2
the,the,s,SpaceRelation,3
two,two,s,Numbers,0
Neeces,neeces,n,UNRECOGNIZED,0
next,next,s,SpaceRelation,0
to,to,s,SpaceRelation,1
that,that,s,,0
of,of,s,,0
Tethys,tethys,nn,UNRECOGNIZED,0
In,in,s,,0
the,the,s,,0
space,space,s,SpaceRelation,0
between,between,s,SpaceRelation,1
the,the,s,,0
frontispice,frontispice,s,UNRECOGNIZED,0
and,and,s,,0
the,the,s,,0
Architraue,architraue,s,UNRECOGNIZED,0
stood,stood,s,Narrative_Verbs,0
a,a,s,Narrative_Verbs,1
great,great,s,Intensity,0
Concaue,concaue,n,UNRECOGNIZED,0
shel,shel,c,UNRECOGNIZED,0
",",",",s,,0
wherein,wherein,s,CommonAuthorities,0
was,was,s,ProjectBack,0
the,the,s,ProjectBack,1
head,head,s,PersonProperty,0
of,of,s,PersonProperty,1
a,a,s,PersonProperty,2
Sea-god,sea-god,c,SenseProperty,0
",",",",s,,0
and,and,s,,0
on,on,s,SpaceRelation,0
either,either,s,SpaceRelation,1
side,side,s,SpaceRelation,2
the,the,s,,0
shell,shell,s,SenseObject,0
to,to,s,,0
fill,fill,n,Motions,0
up,up,s,Motions,1
the,the,s,Motions,2
room,room,c,SenseObject,0
",",",",s,,0
two,two,s,Numbers,0
great,great,s,Intensity,0
mask,mask,s,SenseObject,0
heads,heads,s,SenseObject,0
in,in,s,,0
perfile,perfile,c,UNRECOGNIZED,0
.,.,s,,0
The,the,s,Specifiers,0
other,other,s,Specifiers,1
two,two,s,Numbers,0
Neeces,neeces,s,UNRECOGNIZED,0
which,which,s,,0
were,were,n,ProjectBack,0
outermost,outermost,c,SpaceRelation,0
",",",",s,,0
were,were,s,ProjectBack,0
likewise,likewise,s,Specifiers,0
borne,borne,s,ReportingEvents,0
up,up,s,,0
with,with,s,,0
Pillasters,pillasters,s,UNRECOGNIZED,0
of,of,s,,0
gold,gold,c,SenseObject,0
",",",",s,,0
and,and,s,,0
for,for,s,,0
variation,variation,n,AbstractConcepts,0
had,had,s,ProjectBack,0
square,square,s,SenseProperty,0
frontispices,frontispices,c,UNRECOGNIZED,0
",",",",s,,0
and,and,s,,0
against,against,s,Resistance,0
the,the,s,Resistance,1
straight,straight,s,AbstractConcepts,0
Architraue,architraue,s,UNRECOGNIZED,0
of,of,s,,0
the,the,s,Specifiers,0
other,other,s,Specifiers,1
was,was,n,ProjectBack,0
an,an,s,ProjectBack,1
Arch,arch,c,SpaceRelation,0
.,.,s,SpaceRelation,1
All,all,s,Generalization,0
these,these,s,Generalization,1
were,were,s,ProjectBack,0
mingled,mingled,s,SpaceRelation,0
with,with,s,SpaceRelation,1
rustic,rustic,c,SenseProperty,0
",",",",s,,0
as,as,s,ProjectBack,0
before,before,nn,ProjectBack,1
In,in,s,Sequence,0
the,the,s,Sequence,1
middle,middle,s,Sequence,2
between,between,s,,0
the,the,s,,0
frontispice,frontispice,s,UNRECOGNIZED,0
and,and,s,,0
the,the,s,SenseObject,0
Arch,arch,c,SenseObject,1
",",",",s,ProjectBack,0
was,was,s,ProjectBack,1
a,a,s,ProjectBack,2
Bowl,bowl,s,SenseObject,0
or,or,s,,0
fountain,fountain,n,SenseObject,0
made,made,s,Specifiers,0
of,of,s,Specifiers,1
four,four,s,Numbers,0
great,great,s,Intensity,0
skallops,skallops,c,UNRECOGNIZED,0
",",",",s,,0
borne,borne,s,ReportingEvents,0
up,up,s,,0
by,by,s,,0
a,a,s,Intensity,0
great,great,s,Intensity,1
mask,mask,s,SenseObject,0
head,head,s,SenseObject,0
which,which,s,,0
had,had,s,ProjectBack,0
likewise,likewise,n,Specifiers,0
four,four,s,Numbers,0
aspects,aspects,c,Specifiers,0
",",",",s,,0
and,and,s,,0
lying,lying,s,Negativity,0
upon,upon,s,,0
this,this,s,,0
Arch,arch,s,SpaceRelation,0
(,(,c,,0
to,to,s,,0
fill,fill,s,Motions,0
up,up,s,Motions,1
the,the,s,Motions,2
Concaues,concaues,c,UNRECOGNIZED,0
),),s,,0
were,were,s,ProjectBack,0
two,two,n,Numbers,0
figures,figures,s,SenseObject,0
turned,turned,s,ReportingEvents,0
half,half,s,Numbers,0
into,into,s,,0
fishes,fishes,c,SenseObject,0
",",",",s,,0
these,these,s,Immediacy,0
with,with,s,,0
their,their,s,PersonPronoun,0
heads,heads,s,SenseObject,0
held,held,s,ReportingEvents,0
up,up,s,ReportingEvents,1
the,the,s,,0
sides,sides,s,AbstractConcepts,0
of,of,n,Specifiers,0
this,this,s,Specifiers,1
Bowl,bowl,c,SenseObject,0
:,:,s,,0
above,above,s,SpaceRelation,0
this,this,s,,0
were,were,s,ProjectBack,0
three,three,s,Numbers,0
great,great,s,Intensity,0
Cherubines,cherubines,s,UNRECOGNIZED,0
heads,heads,s,SenseObject,0
spouting,spouting,s,ReportingEvents,0
water,water,s,SenseObject,0
into,into,n,Transformation,0
the,the,s,Transformation,1
Bowl,bowl,c,SenseObject,0
.,.,s,,0
On,on,s,,0
the,the,s,,0
midst,midst,s,SenseProperty,0
of,of,s,SenseProperty,1
the,the,s,,0
square,square,s,SenseProperty,0
frontispice,frontispice,s,UNRECOGNIZED,0
stood,stood,s,Narrative_Verbs,0
a,a,s,Narrative_Verbs,1
great,great,s,Intensity,0
vase,vase,s,SenseObject,0
adorned,adorned,nn,Positivity,0
The,the,s,Sequence,0
rest,rest,s,Sequence,1
of,of,s,Sequence,2
the,the,s,Sequence,3
ornaments,ornaments,s,SenseObject,0
consisted,consisted,s,ReportingStates,0
of,of,s,ReportingStates,1
maske-heads,maske-heads,c,UNRECOGNIZED,0
",",",",s,,0
spouting,spouting,s,ReportingEvents,0
water,water,c,SenseObject,0
",",",",s,,0
swannes,swannes,c,UNRECOGNIZED,0
",",",",n,,0
festons,festons,s,UNRECOGNIZED,0
of,of,s,,0
maritime,maritime,s,AbstractConcepts,0
weeds,weeds,c,SenseObject,0
",",",",s,,0
great,great,s,Intensity,0
shells,shells,c,SenseObject,0
",",",",s,,0
and,and,s,,0
such,such,s,Resemblances,0
like,like,c,Resemblances,1
;,;,s,,0
and,and,s,Generalization,0
all,all,s,Generalization,1
this,this,s,Intensity,0
whole,whole,n,Intensity,1
Scene,scene,s,AbstractConcepts,0
was,was,s,ProjectBack,0
filled,filled,s,ReportingEvents,0
with,with,s,ReportingEvents,1
the,the,s,ReportingEvents,2
splendour,splendour,s,StandardsPos,0
of,of,s,,0
gold,gold,s,SenseObject,0
and,and,s,,0
silver,silver,c,SenseObject,0
:,:,s,,0
only,only,s,SubjectivePercept,0
some,some,s,Uncertainty,0
beautiful,beautiful,n,StandardsPos,0
colors,colors,s,SenseProperty,0
behind,behind,s,,0
to,to,s,,0
distinguish,distinguish,s,Comparison,0
them,them,c,,0
",",",",s,,0
and,and,s,,0
to,to,s,,0
set,set,s,Sequence,0
off,off,s,Sequence,1
the,the,s,,0
rest,rest,nn,ReportingEvents,0
The,the,s,ReportingEvents,1
whole,whole,s,,0
work,work,s,GenericEvents,0
came,came,s,SceneShift,0
into,into,s,SceneShift,1
the,the,s,SceneShift,2
form,form,s,AbstractConcepts,0
of,of,s,,0
a,a,s,,0
half,half,s,Numbers,0
round,round,c,SenseProperty,0
:,:,s,,0
there,there,s,SpaceRelation,0
sat,sat,s,SpaceRelation,1
three,three,s,Numbers,0
Ladies,ladies,n,PersonProperty,0
in,in,s,,0
each,each,s,Specifiers,0
Niece,niece,c,PersonProperty,0
",",",",s,Aside,0
which,which,s,Aside,1
made,made,s,ReportingEvents,0
six,six,s,Numbers,0
of,of,s,,0
a,a,s,,0
side,side,c,,0
:,:,s,,0
the,the,s,,0
Queen,queen,s,PersonProperty,0
in,in,s,Specifiers,0
the,the,s,Specifiers,1
midst,midst,c,Specifiers,2
",",",",s,,0
and,and,s,,0
the,the,n,PersonProperty,0
Lady,lady,s,PersonProperty,1
Elizabeth,elizabeth,s,,0
at,at,s,SubjectivePercept,0
her,her,s,SubjectivePercept,1
feet,feet,nn,SubjectivePercept,2
Now,now,s,Immediacy,0
concerning,concerning,s,Specifiers,0
their,their,s,Specifiers,1
habit,habit,c,RecurringEvents,0
:,:,s,,0
first,first,s,Sequence,0
their,their,s,PersonPronoun,0
head-tire,head-tire,s,SenseProperty,0
was,was,s,ProjectBack,0
composed,composed,s,ReportingStates,0
of,of,s,ReportingStates,1
shells,shells,s,SenseObject,0
and,and,n,,0
corrall,corrall,c,UNRECOGNIZED,0
",",",",s,,0
and,and,s,,0
from,from,s,,0
a,a,s,Intensity,0
great,great,s,Intensity,1
Muriake,muriake,s,UNRECOGNIZED,0
shell,shell,s,SenseObject,0
in,in,s,,0
form,form,s,AbstractConcepts,0
of,of,s,,0
the,the,s,,0
crest,crest,s,SenseObject,0
of,of,s,,0
an,an,s,SenseObject,0
helm,helm,c,SenseObject,1
",",",",s,,0
hung,hung,n,Narrative_Verbs,0
a,a,s,Narrative_Verbs,1
thin,thin,s,SenseProperty,0
wauing,wauing,s,UNRECOGNIZED,0
veil,veil,c,SenseObject,0
.,.,s,,0
Their,their,s,PersonPronoun,0
upper,upper,s,SpaceRelation,0
garments,garments,s,SenseObject,0
had,had,s,ProjectBack,0
the,the,s,,0
boddies,boddies,s,UNRECOGNIZED,0
of,of,s,,0
sky-colored,sky-colored,n,SenseProperty,0
taffataes,taffataes,s,UNRECOGNIZED,0
for,for,s,,0
lightness,lightness,c,AbstractConcepts,0
",",",",s,Generalization,0
all,all,s,Generalization,1
embrodered,embrodered,s,UNRECOGNIZED,0
with,with,s,,0
maritime,maritime,s,AbstractConcepts,0
invention,invention,c,StandardsPos,0
:,:,s,,0
then,then,s,,0
had,had,s,Contingency,0
they,they,s,Contingency,1
a,a,n,Specifiers,0
kind,kind,s,Specifiers,1
of,of,s,Specifiers,2
half,half,s,Numbers,0
skirts,skirts,s,SenseObject,0
of,of,s,,0
cloth,cloth,s,SenseObject,0
of,of,s,,0
silver,silver,s,SenseObject,0
imbrodered,imbrodered,s,UNRECOGNIZED,0
with,with,s,,0
gold,gold,c,SenseObject,0
",",",",s,Generalization,0
all,all,s,Generalization,1
the,the,s,SenseObject,0
ground,ground,n,SenseObject,1
work,work,s,GenericEvents,0
cut,cut,s,StandardsPos,0
out,out,s,StandardsPos,1
for,for,s,StandardsPos,2
lightness,lightness,s,AbstractConcepts,0
which,which,s,,0
hung,hung,s,SpaceRelation,0
down,down,s,SpaceRelation,1
full,full,c,,0
",",",",s,,0
and,and,s,,0
cut,cut,s,ReportingEvents,0
in,in,s,ReportingEvents,1
points,points,c,AbstractConcepts,0
:,:,s,,0
underneath,underneath,n,SpaceRelation,0
that,that,c,,0
",",",",s,,0
came,came,s,ReportingEvents,0
bases,bases,s,SenseObject,0
(,(,c,,0
of,of,s,,0
the,the,s,Comparison,0
same,same,s,Comparison,1
as,as,s,Comparison,2
was,was,s,ProjectBack,0
their,their,s,ProjectBack,1
bodies,bodies,c,SenseObject,0
),),s,,0
beneath,beneath,s,SpaceRelation,0
their,their,s,PersonPronoun,0
knee,knee,c,SenseObject,0
.,.,s,,0
The,the,s,,0
long,long,n,SenseObject,0
skirt,skirt,s,SenseObject,1
was,was,s,ProjectBack,0
wrought,wrought,s,ReportingEvents,0
with,with,s,SenseProperty,0
lace,lace,c,SenseProperty,1
",",",",s,,0
waued,waued,s,UNRECOGNIZED,0
round,round,s,AbstractConcepts,0
about,about,s,AbstractConcepts,1
like,like,s,Resemblances,0
a,a,s,Resemblances,1
River,river,c,SenseObject,0
",",",",s,,0
and,and,s,,0
on,on,s,,0
the,the,s,SenseObject,0
banks,banks,n,SenseObject,1
sedge,sedge,s,SenseObject,0
and,and,s,,0
Sea-weedes,sea-weedes,c,UNRECOGNIZED,0
",",",",s,Generalization,0
all,all,s,Generalization,1
of,of,s,,0
gold,gold,c,SenseObject,0
.,.,s,,0
Their,their,s,PersonPronoun,0
shoulders,shoulders,s,SenseObject,0
were,were,s,ProjectBack,0
all,all,s,ProjectBack,1
imbrodered,imbrodered,s,UNRECOGNIZED,0
with,with,n,Specifiers,0
the,the,s,Specifiers,1
work,work,s,LangRef,0
of,of,s,LangRef,1
the,the,s,,0
short,short,s,SenseObject,0
skirt,skirt,s,SenseObject,1
of,of,s,,0
cloth,cloth,s,SenseObject,0
of,of,s,,0
silver,silver,c,SenseObject,0
",",",",s,,0
and,and,s,,0
had,had,s,ProjectBack,0
cypress,cypress,s,SenseProperty,0
spangled,spangled,c,SenseProperty,0
",",",",n,,0
ruffed,ruffed,s,SenseProperty,0
out,out,c,,0
",",",",s,,0
and,and,s,,0
fell,fell,s,Motions,0
in,in,s,Motions,1
a,a,s,Motions,2
ruff,ruff,s,SenseObject,0
above,above,s,SpaceRelation,0
the,the,s,SpaceRelation,1
Elbow,elbow,c,PersonProperty,0
.,.,s,,0
The,the,s,,0
under,under,s,,0
sleeves,sleeves,s,SenseObject,0
were,were,s,ProjectBack,0
all,all,n,ProjectBack,1
imbrodered,imbrodered,s,UNRECOGNIZED,0
as,as,s,,0
the,the,s,,0
bodies,bodies,c,SenseObject,0
:,:,s,,0
their,their,s,PersonPronoun,0
shoes,shoes,s,SenseObject,0
were,were,s,ProjectBack,0
of,of,s,,0
Satin,satin,c,SenseObject,0
",",",",s,,0
richly,richly,s,Positivity,0
imbrodered,imbrodered,c,UNRECOGNIZED,0
",",",",s,,0
with,with,n,Specifiers,0
the,the,s,Specifiers,1
work,work,s,LangRef,0
of,of,s,LangRef,1
the,the,s,,0
short,short,s,SenseObject,0
skirt,skirt,nn,SenseObject,1
In,in,s,,0
this,this,s,,0
habit,habit,s,RecurringEvents,0
they,they,s,,0
descended,descended,s,ReportingEvents,0
out,out,s,,0
of,of,s,,0
their,their,s,PersonPronoun,0
Cauernes,cauernes,s,UNRECOGNIZED,0
one,one,s,Sequence,0
after,after,s,Sequence,1
another,another,c,Sequence,2
",",",",s,ReasonForward,0
and,and,s,ReasonForward,1
so,so,n,ReasonForward,2
marched,marched,s,Motions,0
up,up,s,Motions,1
with,with,s,,0
winding,winding,s,SenseProperty,0
meanders,meanders,s,Motions,0
like,like,s,Resemblances,0
a,a,s,Resemblances,1
River,river,c,SenseObject,0
",",",",s,,0
till,till,s,TimeShift,0
they,they,s,TimeShift,1
came,came,s,Transformation,0
to,to,s,Transformation,1
the,the,s,Transformation,2
Tree,tree,s,SenseObject,0
of,of,n,,0
victory,victory,c,Positivity,0
",",",",s,Aside,0
which,which,s,Aside,1
was,was,s,ProjectBack,0
a,a,s,ProjectBack,1
Bay,bay,s,SenseObject,0
erected,erected,s,SpaceRelation,0
at,at,s,SpaceRelation,1
the,the,s,StandardsPos,0
right,right,s,StandardsPos,1
side,side,s,StandardsPos,2
of,of,s,StandardsPos,3
the,the,s,,0
state,state,c,,0
",",",",s,,0
upon,upon,s,,0
a,a,s,SubjectivePercept,0
little,little,n,SubjectivePercept,1
mount,mount,s,Motions,0
there,there,s,,0
raised,raised,c,ReportingStates,0
",",",",s,ReportingStates,1
where,where,s,SpaceRelation,0
they,they,s,SpaceRelation,1
offer,offer,s,ReportingEvents,0
their,their,s,ReportingEvents,1
several,several,s,Specifiers,0
flowers,flowers,s,SenseObject,0
in,in,s,,0
golden,golden,s,SenseProperty,0
vrnes,vrnes,n,UNRECOGNIZED,0
which,which,s,,0
they,they,s,,0
bare,bare,s,SenseProperty,0
in,in,s,SpaceRelation,0
their,their,s,SpaceRelation,1
hands,hands,c,SpaceRelation,2
:,:,s,,0
whilst,whilst,s,TimeDuration,0
a,a,s,,0
soft,soft,s,SenseProperty,0
music,music,s,SenseProperty,0
of,of,s,SenseProperty,1
twelve,twelve,s,Numbers,0
Lutes,lutes,s,SenseObject,0
and,and,n,,0
twelve,twelve,s,Numbers,0
voices,voices,c,SenseObject,0
",",",",s,Aside,0
which,which,s,Aside,1
entertained,entertained,s,Positivity,0
the,the,s,TimeShift,0
time,time,c,TimeShift,1
",",",",s,,0
expressed,expressed,s,ReportingEvents,0
as,as,s,,0
a,a,s,,0
Chorus,chorus,c,PersonProperty,0
",",",",s,,0
their,their,s,PersonPronoun,0
action,action,s,GenericEvents,0
in,in,n,,0
this,this,s,,0
manner,manner,nn,AbstractConcepts,0
WAs,was,s,ProjectBack,0
ever,ever,s,Biographical_Time,0
hour,hour,s,TimeDuration,0
brought,brought,s,ReportingEvents,0
more,more,s,Comparison,0
delight,delight,n,Positivity,0
To,to,s,,0
mortal,mortal,s,PersonProperty,0
sight,sight,c,SenseProperty,0
",",",",n,,0
Then,then,s,,0
this,this,c,Immediacy,0
",",",",s,Immediacy,1
wherein,wherein,s,CommonAuthorities,0
fair,fair,s,StandardsPos,0
Tethys,tethys,s,UNRECOGNIZED,0
daignes,daignes,s,UNRECOGNIZED,0
to,to,s,,0
show,show,n,ReportingEvents,0
Her,her,c,PersonPronoun,0
",",",",s,,0
and,and,s,,0
her,her,s,PersonPronoun,0
Nymphs,nymphs,s,SenseObject,0
arow,arow,n,UNRECOGNIZED,0
In,in,s,StandardsPos,0
glory,glory,s,StandardsPos,1
bright,bright,c,Positivity,0
?,?,n,Question,0
See,see,s,Curiosity,0
how,how,s,Curiosity,1
they,they,s,,0
bring,bring,s,,0
their,their,s,PersonPronoun,0
flowers,flowers,c,SenseObject,0
",",",",n,,0
From,from,s,,0
out,out,s,Negativity,0
their,their,s,Negativity,1
watery,watery,s,SenseProperty,0
bowers,bowers,c,SenseObject,0
",",",",n,,0
To,to,s,,0
deck,deck,s,SenseObject,0
Apollos,apollos,s,UNRECOGNIZED,0
Tree,tree,c,SenseObject,0
",",",",n,,0
The,the,s,SenseObject,0
tree,tree,s,SenseObject,1
of,of,s,,0
victory,victory,c,Positivity,0
.,.,n,,0
About,about,s,,0
whose,whose,s,PersonPronoun,0
verdant,verdant,s,SenseProperty,0
bows,bows,c,SenseObject,0
",",",",n,,0
They,they,s,,0
Sacrifice,sacrifice,s,StandardsPos,0
their,their,s,PersonPronoun,0
vows,vows,c,Intensity,0
",",",",n,,0
And,and,s,,0
wish,wish,s,SubjectivePercept,0
an,an,s,CommonAuthorities,0
everlasting,everlasting,s,CommonAuthorities,1
spring,spring,n,SpaceRelation,0
Of,of,s,SpaceRelation,1
glory,glory,c,StandardsPos,0
",",",",s,,0
to,to,s,,0
the,the,s,,0
Oceans,oceans,s,SenseObject,0
King,king,c,PersonProperty,0
.,.,n,,0
This,this,s,,0
song,song,s,SenseObject,0
and,and,s,,0
ceremony,ceremony,s,CommonAuthorities,0
ended,ended,s,ReportingEvents,0
they,they,s,,0
fall,fall,s,ReportingEvents,0
into,into,s,ReportingEvents,1
their,their,s,PersonPronoun,0
first,first,s,Biographical_Time,0
dance,dance,c,Biographical_Time,1
",",",",s,,0
after,after,s,Sequence,0
which,which,n,Sequence,1
Tethys,tethys,s,UNRECOGNIZED,0
with,with,s,,0
draws,draws,s,Motions,0
and,and,s,,0
reposes,reposes,s,SpaceRelation,0
her,her,s,PersonPronoun,0
upon,upon,s,,0
the,the,s,SenseObject,0
Mount,mount,s,SenseObject,1
under,under,s,SpaceRelation,0
the,the,s,SpaceRelation,1
tree,tree,s,SenseObject,0
of,of,s,,0
victory,victory,c,Positivity,0
",",",",n,,0
entertained,entertained,s,Positivity,0
with,with,s,,0
Musicque,musicque,s,UNRECOGNIZED,0
and,and,s,,0
this,this,s,,0
Song,song,nn,SenseObject,0
IF,if,s,Contingency,0
joy,joy,s,Positivity,0
had,had,s,ProjectBack,0
other,other,s,Specifiers,0
figure,figure,n,SenseObject,0
Then,then,s,,0
soundes,soundes,c,UNRECOGNIZED,0
",",",",s,,0
and,and,s,,0
words,words,c,LangRef,0
",",",",s,,0
and,and,s,,0
motion,motion,c,Motions,0
",",",",n,,0
To,to,s,,0
intimate,intimate,s,Positivity,0
the,the,s,,0
measure,measure,c,AbstractConcepts,0
",",",",n,,0
And,and,s,,0
height,height,s,SenseProperty,0
of,of,s,Inclusive,0
our,our,s,Inclusive,1
devotion,devotion,c,StandardsPos,0
:,:,n,,0
This,this,s,Immediacy,0
day,day,s,Immediacy,1
it,it,s,ProjectBack,0
had,had,s,ProjectBack,1
been,been,s,ProjectBack,2
showed,showed,n,ReportingEvents,0
But,but,s,Resistance,0
what,what,s,Resistance,1
it,it,s,Contingency,0
can,can,c,Contingency,1
",",",",s,,0
it,it,s,,0
does,does,s,ReportingEvents,0
perform,perform,c,ReportingEvents,0
",",",",n,ReasonForward,0
Since,since,s,ReasonForward,1
nature,nature,s,AbstractConcepts,0
has,has,s,,0
bestowd,bestowd,n,UNRECOGNIZED,0
No,no,s,Exceptions,0
other,other,s,Exceptions,1
letter,letter,c,SenseObject,0
",",",",n,,0
To,to,s,,0
express,express,s,Citations,0
it,it,s,Insist,0
better,better,c,Insist,1
",",",",n,,0
Then,then,s,,0
in,in,s,,0
this,this,s,,0
form,form,c,AbstractConcepts,0
;,;,n,,0
Our,our,s,Inclusive,0
motions,motions,c,Motions,0
",",",",s,,0
soundes,soundes,c,UNRECOGNIZED,0
",",",",s,,0
and,and,s,,0
words,words,c,LangRef,0
",",",",n,,0
Tuned,tuned,s,SenseProperty,0
to,to,s,SenseProperty,1
accordes,accordes,c,UNRECOGNIZED,0
",",",",n,,0
Must,must,s,Insist,0
show,show,s,ReportingEvents,0
the,the,s,,0
well-set,well-set,s,MatureProcess,0
parts,parts,c,AbstractConcepts,0
",",",",n,,0
Of,of,s,Inclusive,0
our,our,s,Inclusive,1
affections,affections,s,Positivity,0
and,and,s,,0
our,our,s,Inclusive,0
hearts,hearts,c,SenseObject,0
",",",",n,,0
After,after,s,Sequence,0
this,this,s,Sequence,1
Tethys,tethys,s,UNRECOGNIZED,0
rises,rises,c,Motions,0
",",",",s,,0
and,and,s,,0
with,with,s,,0
her,her,s,PersonPronoun,0
Nymphs,nymphs,s,SenseObject,0
performs,performs,s,ReportingEvents,0
her,her,s,PersonPronoun,0
second,second,s,Sequence,0
dance,dance,c,Motions,0
",",",",s,,0
and,and,n,Sequence,0
then,then,s,Sequence,1
reposes,reposes,s,SpaceRelation,0
her,her,s,PersonPronoun,0
again,again,s,RecurringEvents,0
upon,upon,s,,0
the,the,s,SenseObject,0
Mount,mount,c,SenseObject,1
",",",",s,,0
entertaind,entertaind,s,UNRECOGNIZED,0
with,with,s,,0
another,another,s,Specifiers,0
song,song,nn,SenseObject,0
ARe,are,s,Question,0
they,they,s,Question,1
shadows,shadows,s,SenseObject,0
that,that,s,Inclusive,0
we,we,s,Inclusive,1
see,see,c,,0
?,?,n,Question,0
And,and,s,,0
can,can,s,Contingency,0
shadows,shadows,s,SenseObject,0
pleasure,pleasure,s,Positivity,0
give,give,c,,0
?,?,n,Question,0
Pleasures,pleasures,s,Positivity,0
only,only,s,SubjectivePercept,0
shadows,shadows,s,SenseObject,0
be,be,n,ReportingStates,0
Cast,cast,s,Negativity,0
by,by,s,Negativity,1
bodies,bodies,s,SenseObject,0
we,we,s,,0
conceive,conceive,c,PrivateThinking,0
",",",",n,,0
And,and,s,,0
are,are,s,ReportingStates,0
made,made,s,ReportingEvents,0
the,the,s,Specifiers,0
things,things,s,Specifiers,1
we,we,s,,0
deem,deem,c,CommonAuthorities,0
",",",",n,,0
In,in,s,,0
those,those,s,,0
figures,figures,s,SenseObject,0
which,which,s,,0
they,they,s,Resemblances,0
seem,seem,c,Resemblances,1
.,.,n,Resistance,0
But,but,s,Resistance,1
these,these,s,Immediacy,0
pleasures,pleasures,s,Positivity,0
vanish,vanish,s,SpaceRelation,0
fast,fast,c,SubjectiveTime,0
",",",",n,Aside,0
Which,which,s,Aside,1
by,by,s,,0
shadows,shadows,s,SenseObject,0
are,are,s,ReportingStates,0
expressed,expressed,n,ReportingEvents,0
Pleasures,pleasures,s,Positivity,0
are,are,s,DenyDisclaim,0
not,not,c,DenyDisclaim,1
",",",",s,,0
if,if,s,Contingency,0
they,they,s,Contingency,1
last,last,c,Sequence,0
",",",",n,,0
In,in,s,Specifiers,0
their,their,s,Specifiers,1
passing,passing,c,ReportingEvents,0
",",",",s,,0
is,is,s,ReportingStates,0
their,their,s,ReportingStates,1
best,best,c,Comparison,0
.,.,n,,0
Glory,glory,s,StandardsPos,0
is,is,s,ReportingStates,0
most,most,s,Comparison,0
bright,bright,s,Positivity,0
and,and,s,Positivity,1
gay,gay,n,PersonProperty,0
In,in,s,SubjectiveTime,0
a,a,s,SubjectiveTime,1
flash,flash,c,SubjectiveTime,2
",",",",s,ReasonForward,0
and,and,s,ReasonForward,1
so,so,s,ReasonForward,2
away,away,c,,0
.,.,n,Imperative,0
Feed,feed,s,Imperative,1
apace,apace,s,Motions,0
then,then,s,,0
greedy,greedy,s,Negativity,0
eyes,eyes,n,SpaceRelation,0
On,on,s,SpaceRelation,1
the,the,s,,0
wonder,wonder,s,Curiosity,0
you,you,s,DirectAddress,0
behold,behold,c,SpaceRelation,0
.,.,n,Imperative,0
Take,take,s,Imperative,1
it,it,s,,0
sudden,sudden,s,SubjectiveTime,0
as,as,s,Specifiers,0
it,it,s,Specifiers,1
flies,flies,n,Motions,0
Though,though,s,Concessive,0
you,you,s,DirectAddress,0
take,take,s,Responsibility,0
it,it,s,Responsibility,1
not,not,s,DenyDisclaim,0
to,to,s,DenyDisclaim,1
hold,hold,c,,0
:,:,n,,0
When,when,s,DirectAddress,0
your,your,s,DirectAddress,1
eyes,eyes,s,SenseObject,0
have,have,s,ReportingEvents,0
done,done,s,ReportingEvents,1
their,their,s,PersonPronoun,0
part,part,c,,0
",",",",n,,0
Thought,thought,s,PrivateThinking,0
must,must,s,Insist,0
length,length,s,AbstractConcepts,0
it,it,s,,0
in,in,s,,0
the,the,s,SenseObject,0
heart,heart,c,SenseObject,1
.,.,n,Sequence,0
After,after,s,Sequence,1
this,this,s,Sequence,2
song,song,s,SenseObject,0
Tethys,tethys,s,UNRECOGNIZED,0
again,again,s,RecurringEvents,0
arises,arises,c,ReportingEvents,0
",",",",s,,0
and,and,s,,0
with,with,s,,0
her,her,s,PersonPronoun,0
Nymphs,nymphs,c,SenseObject,0
",",",",s,,0
takes,takes,s,SceneShift,0
out,out,s,SceneShift,1
the,the,n,SceneShift,2
Lords,lords,s,CommonAuthorities,0
to,to,s,,0
dance,dance,s,Motions,0
their,their,s,PersonPronoun,0
Measures,measures,s,AbstractConcepts,0
Corantos,corantos,s,Motions,0
and,and,s,,0
Galliardes,galliardes,c,UNRECOGNIZED,0
",",",",s,Aside,0
which,which,s,Aside,1
done,done,s,ReportingStates,0
they,they,s,,0
fall,fall,n,ReportingEvents,0
into,into,s,ReportingEvents,1
their,their,s,PersonPronoun,0
third,third,s,Sequence,0
and,and,s,,0
retyring,retyring,s,UNRECOGNIZED,0
dance,dance,c,Motions,0
",",",",s,,0
wherewith,wherewith,s,CommonAuthorities,0
they,they,s,,0
return,return,s,RecurringEvents,0
again,again,s,RecurringEvents,0
into,into,s,Transformation,0
their,their,n,Transformation,1
several,several,s,Specifiers,0
Cauernes,cauernes,c,UNRECOGNIZED,0
",",",",s,,0
and,and,s,,0
suddenly,suddenly,s,Immediacy,0
vanish,vanish,c,SpaceRelation,0
.,.,s,Question,0
When,when,s,Question,1
to,to,s,,0
avoid,avoid,s,Resistance,0
the,the,s,,0
confusion,confusion,s,Negativity,0
which,which,n,,0
usually,usually,s,RecurringEvents,0
attends,attends,s,SpaceRelation,0
the,the,s,SpaceRelation,1
desolue,desolue,s,UNRECOGNIZED,0
of,of,s,,0
these,these,s,Immediacy,0
shows,shows,c,ReportingEvents,0
;,;,s,Curiosity,0
and,and,s,Curiosity,1
when,when,s,Curiosity,2
all,all,s,ProjectBack,0
was,was,s,ProjectBack,1
thought,thought,s,ProjectAhead,0
to,to,s,ProjectAhead,1
be,be,n,ReportingStates,0
finished,finished,c,ReportingStates,0
",",",",s,ReportingStates,1
followed,followed,s,ReportingEvents,0
another,another,s,Specifiers,0
entertainment,entertainment,c,Positivity,0
",",",",s,,0
and,and,s,,0
was,was,s,ProjectBack,0
a,a,s,ProjectBack,1
third,third,s,Sequence,0
show,show,s,ReportingEvents,0
no,no,s,Comparison,0
less,less,n,Comparison,1
delightful,delightful,s,Positivity,0
then,then,s,,0
the,the,s,,0
rest,rest,c,,0
",",",",s,,0
whose,whose,s,PersonPronoun,0
introduction,introduction,s,Sequence,0
was,was,s,ProjectBack,0
thus,thus,nn,ReasonForward,0
Zephirus,zephirus,s,UNRECOGNIZED,0
marching,marching,s,Motions,0
a,a,s,Motions,1
certain,certain,s,Confidence,0
space,space,s,AbstractConcepts,0
after,after,s,Sequence,0
Tethys,tethys,s,UNRECOGNIZED,0
and,and,s,,0
her,her,s,PersonPronoun,0
Nymphs,nymphs,c,SenseObject,0
",",",",s,,0
attended,attended,s,SpaceRelation,0
with,with,n,SpaceRelation,1
his,his,s,PersonPronoun,0
Tritons,tritons,c,AbstractConcepts,0
",",",",s,,0
a,a,s,SubjectiveTime,0
sudden,sudden,s,SubjectiveTime,1
flash,flash,s,SenseProperty,0
of,of,s,SenseProperty,1
lightning,lightning,s,SenseProperty,2
causes,causes,s,Cause,0
them,them,s,Cause,1
to,to,s,Cause,2
stay,stay,c,TimeDuration,0
",",",",s,,0
and,and,s,,0
Triton,triton,n,AbstractConcepts,0
delivers,delivers,s,ReportingEvents,0
this,this,s,,0
speech,speech,nn,LangRef,0
BEhold,behold,s,SpaceRelation,0
the,the,s,SenseObject,0
Post,post,s,SenseObject,1
of,of,s,CommonAuthorities,0
heaven,heaven,c,CommonAuthorities,1
",",",",s,,0
bright,bright,s,Positivity,0
Mercury,mercury,n,SenseObject,0
Is,is,s,ReportingStates,0
sent,sent,s,SceneShift,0
to,to,s,SceneShift,1
sommon,sommon,s,UNRECOGNIZED,0
and,and,s,,0
recall,recall,s,AbstractConcepts,0
again,again,c,RecurringEvents,0
",",",",n,,0
Imperial,imperial,s,StandardsNeg,0
Tethys,tethys,s,UNRECOGNIZED,0
with,with,s,,0
her,her,s,PersonPronoun,0
company,company,c,AbstractConcepts,0
",",",",n,,0
Unto,unto,s,CommonAuthorities,0
her,her,s,PersonPronoun,0
watery,watery,s,SenseProperty,0
Mansion,mansion,s,SenseObject,0
in,in,s,,0
the,the,s,,0
maine,maine,c,UNRECOGNIZED,0
:,:,n,,0
And,and,s,,0
shift,shift,s,Motions,0
those,those,s,,0
firmes,firmes,c,UNRECOGNIZED,0
",",",",s,,0
wherein,wherein,s,CommonAuthorities,0
her,her,s,PersonPronoun,0
power,power,s,AbstractConcepts,0
did,did,s,ReportingEvents,0
daigne,daigne,n,UNRECOGNIZED,0
T,t,s,AbstractConcepts,0
inuest,inuest,s,UNRECOGNIZED,0
her,her,s,SubjectivePercept,0
self,self,s,SubjectivePercept,1
and,and,s,,0
hers,hers,c,PersonPronoun,0
",",",",s,,0
and,and,s,,0
to,to,s,Positivity,0
restore,restore,n,Positivity,1
Them,them,s,,0
to,to,s,,0
themselves,themselves,s,PersonPronoun,0
whose,whose,s,PersonPronoun,0
beauteous,beauteous,s,StandardsPos,0
shapes,shapes,s,AbstractConcepts,0
they,they,s,Neutral_Attribution,0
wore,wore,c,Neutral_Attribution,1
.,.,n,TimeShift,0
And,and,s,TimeShift,1
then,then,s,TimeShift,2
bowing,bowing,s,Motions,0
himself,himself,s,PersonPronoun,0
to,to,s,,0
wards,wards,s,ReportingEvents,0
the,the,s,ReportingEvents,1
State,state,c,,0
",",",",s,,0
craves,craves,s,Intensity,0
their,their,s,PersonPronoun,0
stay,stay,c,TimeDuration,0
",",",",s,,0
and,and,n,,0
prepares,prepares,s,ProjectAhead,0
them,them,c,,0
",",",",s,,0
to,to,s,,0
the,the,s,CommonAuthorities,0
expectation,expectation,s,CommonAuthorities,1
of,of,s,CommonAuthorities,2
a,a,s,,0
return,return,s,RecurringEvents,0
of,of,s,,0
the,the,s,,0
Queen,queen,s,PersonProperty,0
and,and,s,,0
her,her,s,PersonPronoun,0
Ladies,ladies,s,PersonProperty,0
in,in,n,Specifiers,0
their,their,s,Specifiers,1
forms,forms,c,AbstractConcepts,0
",",",",s,,0
with,with,s,,0
these,these,s,Immediacy,0
words,words,nn,LangRef,0
ANd,and,s,Immediacy,0
now,now,s,Immediacy,1
bright,bright,s,SenseObject,0
Star,star,s,SenseObject,1
the,the,s,,0
Guidon,guidon,s,AbstractConcepts,0
of,of,s,Specifiers,0
this,this,s,Specifiers,1
state,state,c,,0
",",",",n,,0
And,and,s,,0
you,you,s,DirectAddress,0
great,great,s,Intensity,0
Peers,peers,s,PersonProperty,0
the,the,s,,0
ornaments,ornaments,s,SenseObject,0
of,of,s,,0
power,power,n,AbstractConcepts,0
With,with,s,Generalization,0
all,all,s,Generalization,1
these,these,s,Immediacy,0
glittering,glittering,s,SenseProperty,0
troops,troops,s,SenseObject,0
that,that,s,,0
have,have,s,ReportingEvents,0
the,the,s,ReportingEvents,1
fate,fate,c,SubjectivePercept,0
",",",",n,,0
To,to,s,GenericEvents,0
be,be,s,GenericEvents,1
spectators,spectators,s,PersonProperty,0
of,of,s,Specifiers,0
this,this,s,Specifiers,1
blessed,blessed,s,StandardsPos,0
hour,hour,c,TimeDuration,0
.,.,n,,0
Be,be,s,ReportingStates,0
pleased,pleased,s,Positivity,0
to,to,s,Positivity,1
sit,sit,s,SenseProperty,0
a,a,s,TimeDuration,0
while,while,c,TimeDuration,1
",",",",s,,0
and,and,s,,0
you,you,s,Insist,0
shall,shall,s,Insist,1
see,see,n,,0
A,a,s,,0
transfirmation,transfirmation,s,UNRECOGNIZED,0
of,of,s,,0
far,far,s,Intensity,0
more,more,s,Intensity,1
delight,delight,n,Positivity,0
And,and,s,,0
apter,apter,s,UNRECOGNIZED,0
drawn,drawn,s,Positivity,0
to,to,s,Positivity,1
nature,nature,c,AbstractConcepts,0
",",",",s,,0
then,then,s,TimeShift,0
can,can,s,TimeShift,1
be,be,n,ReportingStates,0
Discrib'd,discrib'd,s,UNRECOGNIZED,0
in,in,s,,0
an,an,s,,0
imaginary,imaginary,s,PrivateThinking,0
sight,sight,c,SenseProperty,0
.,.,n,,0
Triton,triton,s,AbstractConcepts,0
having,having,s,ReportingEvents,0
ended,ended,s,Narrative_Verbs,0
his,his,s,Narrative_Verbs,1
speech,speech,c,LangRef,0
",",",",s,,0
Mercury,mercury,s,SenseObject,0
most,most,s,Comparison,0
artificially,artificially,c,SubjectivePercept,0
",",",",s,,0
and,and,s,,0
in,in,s,,0
an,an,s,,0
exquisite,exquisite,n,StandardsPos,0
posture,posture,s,SenseProperty,0
descends,descends,c,SpaceRelation,0
",",",",s,,0
and,and,s,,0
sommons,sommons,s,UNRECOGNIZED,0
the,the,s,,0
Duke,duke,s,CommonAuthorities,0
of,of,s,,0
York,york,c,AbstractConcepts,0
",",",",s,,0
and,and,s,,0
six,six,s,Numbers,0
young,young,s,SenseProperty,0
Noblemen,noblemen,s,PersonProperty,0
to,to,n,,0
attend,attend,s,SpaceRelation,0
him,him,c,SpaceRelation,1
",",",",s,,0
and,and,s,,0
bring,bring,s,Transformation,0
back,back,s,Transformation,1
the,the,s,,0
Queen,queen,s,PersonProperty,0
and,and,s,,0
her,her,s,PersonPronoun,0
Ladies,ladies,s,PersonProperty,0
in,in,s,SubjectivePercept,0
their,their,s,SubjectivePercept,1
own,own,s,SubjectivePercept,2
form,form,c,AbstractConcepts,0
",",",",n,,0
directing,directing,s,ReportingEvents,0
him,him,s,ReportingEvents,1
to,to,s,ReportingEvents,2
the,the,s,SpaceRelation,0
place,place,s,SpaceRelation,1
where,where,s,SpaceRelation,2
to,to,s,,0
find,find,s,,0
them,them,c,,0
;,;,s,,0
with,with,s,Specifiers,0
this,this,s,Specifiers,1
speech,speech,nn,LangRef,0
Fair,fair,s,StandardsPos,0
branch,branch,s,AbstractConcepts,0
of,of,s,AbstractConcepts,1
power,power,c,AbstractConcepts,0
",",",",s,,0
in,in,s,PersonProperty,0
whose,whose,s,PersonProperty,1
sweet,sweet,s,SenseProperty,0
feature,feature,s,Updates,0
here,here,n,SpaceRelation,0
Mild,mild,s,Positivity,0
Zephirus,zephirus,s,UNRECOGNIZED,0
a,a,s,,0
figure,figure,s,SenseObject,0
did,did,s,ReportingEvents,0
present,present,n,,0
Of,of,s,,0
youth,youth,s,AbstractConcepts,0
and,and,s,,0
of,of,s,,0
the,the,s,,0
springtime,springtime,s,RecurringEvents,0
of,of,s,TimeDuration,0
the,the,s,TimeDuration,1
year,year,n,TimeDuration,2
I,i,s,FirstPer,0
sommon,sommon,s,UNRECOGNIZED,0
you,you,c,DirectAddress,0
",",",",s,,0
and,and,s,,0
six,six,s,Numbers,0
of,of,s,,0
high,high,s,Biographical_Time,0
descent,descent,n,Biographical_Time,1
T,t,s,AbstractConcepts,0
attend,attend,s,SpaceRelation,0
on,on,s,DirectAddress,0
you,you,s,DirectAddress,1
(,(,c,,0
a^,a^,s,UNRECOGNIZED,0
hopeful,hopeful,s,Positivity,0
worthyes,worthyes,s,UNRECOGNIZED,0
borne,borne,n,ReportingEvents,0
To,to,s,,0
shield,shield,s,SenseObject,0
the,the,s,,0
Honor,honor,s,StandardsPos,0
and,and,s,,0
the,the,s,,0
clear,clear,s,,0
Renown,renown,n,StandardsPos,0
Of,of,s,,0
Ladies,ladies,c,PersonProperty,0
),),s,,0
that,that,s,DirectAddress,0
you,you,s,DirectAddress,1
presently,presently,s,TimeShift,0
return,return,n,RecurringEvents,0
And,and,s,,0
bring,bring,s,Transformation,0
back,back,s,Transformation,1
those,those,c,,0
",",",",s,,0
in,in,s,PersonProperty,0
whose,whose,s,PersonProperty,1
fair,fair,s,StandardsPos,0
shapes,shapes,s,AbstractConcepts,0
were,were,s,ProjectBack,0
shown,shown,n,Narrative_Verbs,0
The,the,s,Narrative_Verbs,1
late-seene,late-seene,s,UNRECOGNIZED,0
Nymphs,nymphs,s,SenseObject,0
in,in,s,,0
figures,figures,s,LangRef,0
of,of,s,LangRef,1
their,their,s,SubjectivePercept,0
own,own,n,SubjectivePercept,1
Whom,whom,s,DirectAddress,0
you,you,s,DirectAddress,1
shall,shall,s,DirectAddress,2
find,find,s,,0
hard,hard,s,SpaceRelation,0
by,by,s,SpaceRelation,1
within,within,s,,0
a,a,s,SpaceRelation,0
grove,grove,n,SpaceRelation,1
And,and,s,,0
Garden,garden,s,SenseObject,0
of,of,s,,0
the,the,s,,0
spring,spring,s,AbstractConcepts,0
addressed,addressed,s,ReportingStates,0
to,to,s,ReportingStates,1
Jove,jove,c,,0
.,.,n,,0
Hereupon,hereupon,s,Metadiscourse,0
the,the,s,,0
Duke,duke,s,CommonAuthorities,0
of,of,s,,0
York,york,s,AbstractConcepts,0
with,with,s,,0
his,his,s,PersonPronoun,0
attendants,attendants,s,PersonProperty,0
departing,departing,s,SceneShift,0
to,to,s,,0
perform,perform,s,ReportingEvents,0
this,this,n,,0
service,service,c,StandardsPos,0
",",",",s,,0
the,the,s,,0
loud,loud,s,SenseProperty,0
Musicque,musicque,s,UNRECOGNIZED,0
soundes,soundes,c,UNRECOGNIZED,0
",",",",s,,0
and,and,s,,0
suddenly,suddenly,s,SceneShift,0
appears,appears,s,SceneShift,1
the,the,s,,0
Queens,queens,s,PersonProperty,0
Majesty,majesty,n,CommonAuthorities,0
in,in,s,,0
a,a,s,Intensity,0
most,most,s,Intensity,1
pleasant,pleasant,s,Positivity,0
and,and,s,,0
artificial,artificial,s,SubjectivePercept,0
Grove,grove,c,SenseObject,0
",",",",s,Aside,0
which,which,s,Aside,1
was,was,s,ProjectBack,0
the,the,s,ProjectBack,1
third,third,s,LangRef,0
Scene,scene,c,LangRef,1
",",",",s,,0
and,and,s,,0
from,from,n,SceneShift,0
thence,thence,s,SceneShift,1
they,they,s,,0
march,march,s,Motions,0
up,up,s,Motions,1
to,to,s,,0
the,the,s,SenseObject,0
King,king,s,SenseObject,1
conducted,conducted,s,Cause,0
by,by,s,Cause,1
the,the,s,Cause,2
Duke,duke,s,CommonAuthorities,0
of,of,s,,0
York,york,c,AbstractConcepts,0
",",",",s,,0
and,and,s,,0
the,the,n,,0
Noblemen,noblemen,c,PersonProperty,0
",",",",s,,0
in,in,s,,0
very,very,s,Intensity,0
stately,stately,s,StandardsPos,0
manner,manner,nn,AbstractConcepts,0
And,and,s,,0
in,in,s,Generalization,0
all,all,s,Generalization,1
these,these,s,Immediacy,0
shows,shows,c,ReportingEvents,0
",",",",s,,0
this,this,s,ReportingStates,0
is,is,s,ReportingStates,1
to,to,s,GenericEvents,0
be,be,s,GenericEvents,1
noted,noted,c,ReportingStates,0
",",",",s,ReportingStates,1
that,that,s,,0
there,there,s,ProjectBack,0
were,were,s,ProjectBack,1
none,none,s,DenyDisclaim,0
of,of,n,DenyDisclaim,1
inferior,inferior,s,StandardsNeg,0
sort,sort,c,AbstractConcepts,0
",",",",s,,0
mixed,mixed,s,SenseProperty,0
amongst,amongst,s,SpaceRelation,0
these,these,s,Immediacy,0
great,great,s,Intensity,0
Personages,personages,s,PersonProperty,0
of,of,s,,0
State,state,s,,0
and,and,s,,0
Honor,honor,s,StandardsPos,0
(,(,c,Aside,0
as,as,n,Aside,1
usually,usually,s,RecurringEvents,0
there,there,s,ProjectBack,0
have,have,s,ProjectBack,1
been,been,c,ProjectBack,2
),),s,,0
but,but,s,Resistance,0
all,all,s,ProjectBack,0
was,was,s,ProjectBack,1
performed,performed,s,ReportingEvents,0
by,by,s,SpaceRelation,0
themselves,themselves,s,SpaceRelation,1
with,with,s,Specifiers,0
a,a,s,Specifiers,1
due,due,n,AbstractConcepts,0
reservation,reservation,s,AbstractConcepts,0
of,of,s,,0
their,their,s,PersonPronoun,0
dignity,dignity,c,StandardsPos,0
.,.,s,DirectAddress,0
And,and,s,DirectAddress,1
for,for,s,,0
those,those,s,,0
two,two,s,Numbers,0
which,which,s,,0
did,did,s,ReportingEvents,0
Personate,personate,s,SubjectivePercept,0
the,the,n,,0
Tritons,tritons,c,AbstractConcepts,0
",",",",s,,0
they,they,s,,0
were,were,s,ProjectBack,0
Gentlemen,gentlemen,s,Positivity,0
known,known,s,CommonAuthorities,0
of,of,s,,0
good,good,s,,0
worth,worth,s,AbstractConcepts,0
and,and,s,,0
respect,respect,c,StandardsPos,0
.,.,s,,0
The,the,s,,0
introducing,introducing,n,ReportingEvents,0
of,of,s,,0
Pages,pages,s,SenseObject,0
with,with,s,,0
torches,torches,c,SenseObject,0
",",",",s,,0
might,might,s,Contingency,0
have,have,s,Contingency,1
added,added,s,ReportingEvents,0
more,more,s,Comparison,0
splendour,splendour,c,StandardsPos,0
",",",",s,Resistance,0
but,but,s,Resistance,1
yet,yet,s,Resistance,0
they,they,s,Biographical_Time,0
would,would,s,Biographical_Time,1
have,have,n,,0
pestred,pestred,s,UNRECOGNIZED,0
the,the,s,SenseObject,0
room,room,c,SenseObject,1
",",",",s,Aside,0
which,which,s,Aside,1
the,the,s,TimeDuration,0
season,season,s,TimeDuration,1
would,would,s,Contingency,0
not,not,s,Contingency,1
well,well,s,SenseObject,0
permit,permit,nn,CommonAuthorities,0
And,and,s,,0
thus,thus,s,ReasonForward,0
have,have,s,Question,0
I,i,s,Question,1
delivered,delivered,s,Narrative_Verbs,0
the,the,s,Narrative_Verbs,1
whole,whole,s,,0
form,form,s,AbstractConcepts,0
of,of,s,Specifiers,0
this,this,s,Specifiers,1
show,show,c,ReportingEvents,0
",",",",s,,0
and,and,s,,0
expose,expose,s,Disclosure,0
it,it,s,,0
to,to,s,,0
the,the,n,,0
censure,censure,s,,0
of,of,s,,0
those,those,s,Specifiers,0
who,who,s,Specifiers,1
make,make,s,ReportingEvents,0
it,it,s,ReportingEvents,1
their,their,s,PersonPronoun,0
best,best,s,Comparison,0
show,show,c,ReportingEvents,0
",",",",s,,0
to,to,s,,0
seem,seem,s,Uncertainty,0
to,to,s,,0
know,know,c,Confidence,0
:,:,s,,0
with,with,s,Specifiers,0
this,this,n,Specifiers,1
Postscript,postscript,nn,Sequence,0
Pretulerim,pretulerim,s,UNRECOGNIZED,0
scriptor,scriptor,s,UNRECOGNIZED,0
delirus,delirus,s,UNRECOGNIZED,0
inersque,inersque,s,UNRECOGNIZED,0
videri,videri,n,,0
Dum,dum,s,,0
mea,mea,s,FirstPer,0
delectant,delectant,s,UNRECOGNIZED,0
mala,mala,s,SenseObject,0
me,me,c,FirstPer,0
",",",",s,,0
vel,vel,s,,0
denique,denique,s,UNRECOGNIZED,0
fallant,fallant,c,UNRECOGNIZED,0
",",",",n,,0
Quam,quam,s,,0
sapere,sapere,s,UNRECOGNIZED,0
and,and,s,,0
ringi,ringi,c,UNRECOGNIZED,0
.,.,nn,,0
