THe,the,s,,0
innocence,innocence,c,Disclosure,0
",",",",s,,0
truth,truth,c,StandardsPos,0
",",",",s,,0
and,and,s,,0
simplicity,simplicity,n,StandardsPos,0
Of,of,s,,0
country,country,s,AbstractConcepts,0
Damsels,damsels,c,SenseObject,0
:,:,s,Question,0
What,what,s,Question,1
felicity,felicity,n,Positivity,0
They,they,s,,0
arrive,arrive,s,SceneShift,0
to,to,s,,0
in,in,s,Specifiers,0
their,their,s,Specifiers,1
low,low,s,AbstractConcepts,0
estate,estate,c,AbstractConcepts,0
;,;,n,,0
What,what,s,,0
freedoms,freedoms,s,StandardsPos,0
they,they,s,,0
participate,participate,c,Inclusive,0
",",",",n,,0
What,what,s,,0
joy,joy,c,Positivity,0
",",",",s,,0
what,what,s,,0
solace,solace,c,StandardsPos,0
",",",",s,,0
what,what,s,,0
content,content,n,Positivity,0
To,to,s,Positivity,1
their,their,s,PersonPronoun,0
innocuous,innocuous,s,SubjectivePercept,0
life,life,s,AbstractConcepts,0
is,is,s,ReportingStates,0
lent,lent,c,AbstractConcepts,0
.,.,n,,0
The,the,s,,0
humble,humble,s,SubjectivePercept,0
shed,shed,s,ReportingEvents,0
and,and,s,,0
cottage,cottage,s,SenseObject,0
held,held,n,ReportingEvents,0
More,more,s,Comparison,0
safe,safe,s,StandardsPos,0
than,than,s,Comparison,0
gorgeous,gorgeous,s,Positivity,0
houses,houses,c,SenseObject,0
",",",",s,,0
swelled,swelled,n,SpaceRelation,0
With,with,s,SpaceRelation,1
pomp,pomp,s,SenseProperty,0
and,and,s,,0
wealth,wealth,c,Positivity,0
.,.,s,,0
It,it,s,,0
likewise,likewise,s,Specifiers,0
proves,proves,n,Confidence,0
More,more,s,Comparison,0
simple,simple,s,Confidence,0
truth,truth,s,Confidence,1
in,in,s,Specifiers,0
their,their,s,Specifiers,1
chaste,chaste,s,StandardsPos,0
loves,loves,c,Positivity,0
",",",",n,,0
Than,than,s,Comparison,0
greater,greater,s,Comparison,0
Ladies,ladies,c,PersonProperty,0
",",",",s,,0
tympany,tympany,c,SenseProperty,0
',',s,,0
de,de,n,AbstractConcepts,0
With,with,s,,0
much,much,s,Intensity,0
more,more,s,Comparison,0
honor,honor,c,StandardsPos,0
",",",",s,,0
state,state,c,,0
",",",",s,,0
and,and,s,,0
pride,pride,c,StandardsPos,0
.,.,n,Immediacy,0
Here,here,s,Immediacy,1
Is,is,s,Immediacy,2
of,of,s,,0
the,the,s,,0
Willow,willow,s,SenseObject,0
wreath,wreath,s,SenseObject,0
dispute,dispute,c,Resistance,0
",",",",n,,0
How,how,c,,0
",",",",s,,0
and,and,s,,0
why,why,s,Question,0
worn,worn,c,ReportingEvents,0
.,.,s,Question,0
What,what,s,Question,1
best,best,s,Comparison,0
does,does,s,ReportingEvents,0
suit,suit,n,SenseObject,0
Forsaken,forsaken,s,Negativity,0
Virgins,virgins,c,PersonProperty,0
",",",",s,,0
read,read,s,ReportingEvents,0
and,and,s,,0
find,find,n,,0
Their,their,s,PersonPronoun,0
characters,characters,s,PersonProperty,0
who,who,s,,0
prove,prove,s,Confidence,0
unkind,unkind,c,StandardsNeg,0
.,.,n,,0
GOod,good,s,OralCues,0
morrow,morrow,c,OralCues,1
.,.,nn,ReasonForward,0
So,so,s,ReasonForward,1
to,to,s,DirectAddress,0
you,you,c,DirectAddress,1
",",",",s,,0
fair,fair,s,StandardsPos,0
Shepherdess,shepherdess,c,PersonProperty,0
.,.,nn,Question,0
What,what,s,Question,1
news,news,s,Updates,0
in,in,s,Inclusive,0
our,our,s,Inclusive,1
Arcadia,arcadia,c,UNRECOGNIZED,0
?,?,nn,Question,0
I,i,s,FirstPer,0
know,know,s,Confidence,0
none,none,c,DenyDisclaim,0
:,:,n,,0
For,for,s,,0
well,well,s,SenseObject,0
you,you,s,DirectAddress,0
wot,wot,s,Confidence,0
it,it,s,,0
is,is,s,DenyDisclaim,0
no,no,s,DenyDisclaim,1
news,news,s,Updates,0
with,with,s,Inclusive,0
us,us,c,Inclusive,1
",",",",n,,0
That,that,s,,0
men,men,s,PersonProperty,0
should,should,s,Insist,0
prove,prove,s,Confidence,0
inconstant,inconstant,c,StandardsNeg,0
.,.,nn,Imperative,0
Think,think,s,Imperative,1
you,you,s,DirectAddress,0
so,so,c,DirectAddress,1
?,?,nn,Question,0
Thought's,thought's,s,UNRECOGNIZED,0
free,free,c,StandardsPos,0
.,.,nn,StandardsPos,1
I,i,s,FirstPer,0
pray,pray,s,Intensity,0
can,can,s,DirectAddress,0
you,you,s,DirectAddress,1
define,define,s,ReportingEvents,0
me,me,s,FirstPer,0
Thought,thought,c,PrivateThinking,0
?,?,nn,Question,0
Let,let,s,ReportingEvents,0
me,me,s,FirstPer,0
bethink,bethink,s,PrivateThinking,0
my,my,s,FirstPer,0
self,self,c,SubjectivePercept,0
",",",",s,,0
I,i,s,SelfDisclosure,0
think,think,s,SelfDisclosure,1
I,i,s,Contingency,0
can,can,c,Contingency,1
:,:,n,,0
For,for,s,,0
I,i,s,SelfDisclosure,0
have,have,s,SelfDisclosure,1
thought,thought,s,PrivateThinking,0
of,of,s,PrivateThinking,1
many,many,s,Specifiers,0
things,things,s,Specifiers,1
e're,e're,s,SubjectivePercept,0
now,now,c,Immediacy,0
.,.,nn,Resistance,0
But,but,s,Resistance,1
can,can,s,DirectAddress,0
you,you,s,DirectAddress,1
guess,guess,s,Uncertainty,0
what,what,s,Metadiscourse,0
I,i,s,Metadiscourse,1
think,think,c,Metadiscourse,2
?,?,nn,Question,0
I,i,s,FirstPer,0
(,(,c,,0
perhaps,perhaps,c,Uncertainty,0
),),n,,0
May,may,s,Contingency,0
jumpe,jumpe,s,UNRECOGNIZED,0
with,with,s,DirectAddress,0
your,your,s,DirectAddress,1
conceit,conceit,c,SubjectivePercept,0
",",",",s,,0
come,come,s,ReportingEvents,0
neere't,neere't,s,UNRECOGNIZED,0
at,at,s,SubjectivePercept,0
least,least,c,SubjectivePercept,1
.,.,n,,0
Of,of,s,,0
colors,colors,s,SenseProperty,0
there,there,s,ReportingStates,0
are,are,s,ReportingStates,1
none,none,s,Exceptions,0
so,so,s,Exceptions,1
opposite,opposite,n,Resistance,0
As,as,s,Resistance,1
white,white,s,SenseProperty,0
and,and,s,,0
black,black,c,SenseProperty,0
:,:,s,,0
and,and,s,,0
of,of,s,,0
the,the,s,Specifiers,0
Elements,elements,n,Specifiers,1
Than,than,s,Comparison,0
fire,fire,s,SenseObject,0
and,and,s,,0
water,water,s,SenseObject,0
none,none,s,DenyDisclaim,0
more,more,s,Comparison,0
contrary,contrary,c,Resistance,0
:,:,n,,0
Nor,nor,s,DenyDisclaim,0
is,is,s,DenyDisclaim,1
there,there,s,,0
ought,ought,s,Insist,0
so,so,s,,0
antipathy,antipathy,c,Anger,0
',',s,,0
de,de,s,AbstractConcepts,0
in,in,s,,0
men,men,c,PersonProperty,0
",",",",n,,0
As,as,s,,0
what,what,s,,0
they,they,s,PrivateThinking,0
think,think,s,PrivateThinking,1
and,and,s,,0
speak,speak,c,ReportingEvents,0
.,.,nn,,0
Now,now,s,Metadiscourse,0
let,let,s,Metadiscourse,1
me,me,s,FirstPer,0
help,help,s,DirectAddress,0
you,you,c,DirectAddress,1
:,:,n,,0
Men's,men's,s,PersonProperty,0
thoughts,thoughts,s,PrivateThinking,0
like,like,s,SubjectivePercept,0
Courtiers,courtiers,s,PersonProperty,0
clokes,clokes,s,UNRECOGNIZED,0
are,are,s,ReportingStates,0
often,often,s,RecurringEvents,0
shifted,shifted,c,ReportingStates,0
",",",",n,ReportingStates,1
And,and,s,,0
change,change,s,Transformation,0
as,as,s,RecurringEvents,0
often,often,s,RecurringEvents,1
as,as,s,RecurringEvents,2
they,they,s,ReportingStates,0
are,are,s,ReportingStates,1
truly,truly,s,Intensity,0
sifted,sifted,c,ReportingStates,0
.,.,nn,ReportingStates,1
This,this,s,,0
then,then,s,Sequence,0
has,has,s,Sequence,1
been,been,s,ProjectBack,0
the,the,s,ReasonBackward,0
cause,cause,s,ReasonBackward,1
of,of,s,ReasonBackward,2
women's,women's,s,PersonProperty,0
sorrow,sorrow,c,Sad,0
;,;,n,,0
Men,men,s,PersonProperty,0
think,think,s,ProjectAhead,0
to,to,s,ProjectAhead,1
day,day,s,TimeDuration,0
ill,ill,c,Negativity,0
",",",",s,,0
to,to,s,,0
do,do,s,Intensity,0
worse,worse,s,Negativity,0
to,to,s,,0
morrow,morrow,c,ProjectAhead,0
:,:,n,,0
Witness,witness,s,PersonProperty,0
Amphrisa's,amphrisa's,s,UNRECOGNIZED,0
servant,servant,c,PersonProperty,0
.,.,nn,,0
Pity,pity,s,Sad,0
it,it,s,,0
is,is,c,ReportingStates,0
",",",",n,,0
^,^,c,UNRECOGNIZED,0
o,o,s,LangRef,0
fair,fair,s,ReportingEvents,0
a,a,s,ReportingEvents,1
body,body,c,SenseObject,0
",",",",s,ReasonForward,0
and,and,s,ReasonForward,1
so,so,s,ReasonForward,2
sweet,sweet,s,SenseProperty,0
a,a,s,SubjectivePercept,0
soul,soul,n,SubjectivePercept,1
should,should,s,Insist,0
be,be,s,ReportingStates,0
so,so,s,,0
foulely,foulely,s,UNRECOGNIZED,0
dealt,dealt,s,ReportingEvents,0
with,with,c,ReportingEvents,1
.,.,s,,0
Her,her,s,PersonPronoun,0
false,false,s,StandardsNeg,0
Lover,lover,n,Positivity,0
^,^,c,UNRECOGNIZED,0
nkindely,nkindely,s,UNRECOGNIZED,0
has,has,s,,0
forsook,forsook,s,Narrative_Verbs,0
her,her,c,Narrative_Verbs,1
.,.,nn,,0
That,that,s,Specifiers,0
Is,is,s,Specifiers,1
the,the,s,Specifiers,2
reason,reason,n,StandardsPos,0
^,^,c,UNRECOGNIZED,0
hee's,hee's,s,UNRECOGNIZED,0
grown,grown,s,ReportingEvents,0
into,into,s,,0
so,so,s,,0
deep,deep,s,AbstractConcepts,0
a,a,s,,0
melancholy,melancholy,c,Sad,0
.,.,n,,0
^,^,s,UNRECOGNIZED,0
wonder,wonder,s,Curiosity,0
any,any,s,,0
woman,woman,s,PersonProperty,0
dare,dare,s,SubjectivePercept,0
trust,trust,s,PersonProperty,0
man,man,c,PersonProperty,1
",",",",n,,0
^,^,c,UNRECOGNIZED,0
nce,nce,c,,0
",",",",s,,0
like,like,s,SubjectivePercept,0
as,as,s,,0
the,the,s,,0
Chamelions,chamelions,s,UNRECOGNIZED,0
change,change,s,Transformation,0
themselves,themselves,n,PersonPronoun,0
unto,unto,s,CommonAuthorities,0
all,all,s,,0
perfect,perfect,s,StandardsPos,0
colors,colors,s,SenseProperty,0
saving,saving,s,StandardsPos,0
white,white,c,SenseProperty,0
;,;,n,,0
^,^,s,UNRECOGNIZED,0
they,they,s,Contingency,0
can,can,s,Contingency,1
to,to,s,Generalization,0
all,all,s,Generalization,1
humors,humors,s,Positivity,0
frame,frame,s,ReportingEvents,0
their,their,s,ReportingEvents,1
speech,speech,c,LangRef,0
",",",",n,,0
^,^,c,UNRECOGNIZED,0
e,e,s,LangRef,0
only,only,s,SubjectivePercept,0
to,to,s,SubjectivePercept,1
prove,prove,s,Confidence,0
honest,honest,c,StandardsPos,0
.,.,nn,,0
You,you,s,DirectAddress,0
say,say,s,DirectAddress,1
well,well,c,StandardsPos,0
.,.,n,StandardsPos,1
^,^,c,UNRECOGNIZED,0
t,t,s,AbstractConcepts,0
as,as,s,,0
no,no,s,DenyDisclaim,0
worms,worms,s,SenseObject,0
breed,breed,s,AbstractConcepts,0
where,where,s,SpaceRelation,0
they,they,s,SpaceRelation,1
feel,feel,s,PrivateThinking,0
no,no,s,DenyDisclaim,0
warmth,warmth,c,Positivity,0
",",",",n,,0
^,^,c,UNRECOGNIZED,0
o,o,s,LangRef,0
Vultures,vultures,s,SenseObject,0
watch,watch,s,,0
where,where,s,SpaceRelation,0
they,they,s,SpaceRelation,1
can,can,s,StandardsPos,0
find,find,s,StandardsPos,1
no,no,s,DenyDisclaim,0
prey,prey,c,SenseObject,0
;,;,n,,0
^,^,c,UNRECOGNIZED,0
o,o,s,LangRef,0
Pirat,pirat,s,UNRECOGNIZED,0
roves,roves,s,Motions,0
but,but,s,Resistance,0
where,where,s,Resistance,1
he,he,s,Neutral_Attribution,0
hopes,hopes,s,Neutral_Attribution,1
for,for,s,,0
spoil,spoil,c,Negativity,0
:,:,n,,0
^,^,s,UNRECOGNIZED,0
none,none,s,DenyDisclaim,0
of,of,s,DenyDisclaim,1
these,these,s,Immediacy,0
false,false,s,StandardsNeg,0
servants,servants,s,PersonProperty,0
wait,wait,c,ProjectAhead,0
",",",",s,Resistance,0
but,but,s,Resistance,1
where,where,n,,0
^,^,c,UNRECOGNIZED,0
hey,hey,s,OralCues,0
find,find,s,,0
a,a,s,,0
yielding,yielding,s,ReportingEvents,0
Mistress,mistress,c,PersonProperty,0
.,.,nn,,0
Indeed,indeed,s,Intensity,0
light,light,s,SenseProperty,0
minds,minds,s,SubjectivePercept,0
are,are,s,ReportingStates,0
caught,caught,s,ReportingEvents,0
with,with,s,,0
little,little,s,SubjectivePercept,0
things,things,c,SubjectivePercept,1
",",",",n,,0
and,and,s,,0
Phancie,phancie,s,UNRECOGNIZED,0
smells,smells,s,SenseProperty,0
to,to,s,,0
Fennel,fennel,c,SenseObject,0
.,.,nn,Resistance,0
But,but,s,Resistance,1
Amphrisa,amphrisa,n,UNRECOGNIZED,0
Is,is,s,ReportingStates,0
held,held,s,CommonAuthorities,0
to,to,s,CommonAuthorities,1
be,be,s,CommonAuthorities,2
the,the,s,,0
wisest,wisest,s,StandardsPos,0
shepherdess,shepherdess,n,PersonProperty,0
That,that,s,,0
lives,lives,s,SpaceRelation,0
in,in,s,SpaceRelation,1
our,our,s,Inclusive,0
Arcadia,arcadia,c,UNRECOGNIZED,0
.,.,nn,Resistance,0
But,but,s,Resistance,1
I,i,s,SelfDisclosure,0
have,have,s,SelfDisclosure,1
heard,heard,c,ReportingStates,0
",",",",n,ReportingStates,1
Late,late,s,SubjectiveTime,0
wit,wit,s,StandardsPos,0
and,and,s,,0
cheated,cheated,s,Negative_Relation,0
wisdom,wisdom,s,StandardsPos,0
to,to,s,GenericEvents,0
be,be,s,GenericEvents,1
counted,counted,n,ReportingEvents,0
Next,next,s,Sequence,0
neighbors,neighbors,s,PersonProperty,0
unto,unto,s,CommonAuthorities,0
folly,folly,c,StandardsNeg,0
.,.,s,,0
Shepherds,shepherds,s,PersonProperty,0
now,now,c,Updates,0
",",",",n,Updates,1
The,the,s,StandardsPos,0
holier,holier,s,StandardsPos,1
that,that,s,,0
they,they,s,Resemblances,0
seem,seem,s,Resemblances,1
in,in,s,,0
outward,outward,s,SenseProperty,0
show,show,c,SenseProperty,1
",",",",n,,0
The,the,s,,0
hollower,hollower,s,UNRECOGNIZED,0
are,are,s,ReportingStates,0
their,their,s,ReportingStates,1
hearts,hearts,c,SenseObject,0
.,.,s,,0
By,by,s,,0
subtle,subtle,s,SubjectivePercept,0
sophistry,sophistry,n,GenericEvents,0
(,(,c,Aside,0
As,as,s,Aside,1
I,i,s,SelfDisclosure,0
have,have,s,SelfDisclosure,1
heard,heard,c,Updates,0
),),s,,0
the,the,s,Positivity,0
best,best,s,Positivity,1
Philosophy,philosophy,n,AbstractConcepts,0
May,may,s,Contingency,0
be,be,s,Contingency,1
perverted,perverted,c,StandardsNeg,0
.,.,s,DirectAddress,0
And,and,s,DirectAddress,1
men's,men's,s,PersonProperty,0
flatteries,flatteries,n,SubjectivePercept,0
Are,are,s,Resemblances,0
just,just,s,Resemblances,1
like,like,s,Resemblances,2
Circes,circes,s,UNRECOGNIZED,0
riches,riches,c,Positivity,0
",",",",s,Aside,0
which,which,s,Aside,1
can,can,s,Contingency,0
turn,turn,n,,0
Vain,vain,s,Negativity,0
glorious,glorious,s,Positivity,0
fools,fools,s,Negativity,0
to,to,s,,0
Asses,asses,c,Negativity,0
",",",",s,,0
credulous,credulous,s,StandardsNeg,0
Fools,fools,n,Negativity,0
To,to,s,,0
Woodcocks,woodcocks,c,SenseObject,0
",",",",s,,0
pretty,pretty,s,SubjectivePercept,0
wanton,wanton,s,StandardsNeg,0
Fools,fools,s,Negativity,0
to,to,s,,0
Apes,apes,c,SenseObject,0
",",",",n,,0
And,and,s,,0
proud,proud,s,StandardsPos,0
Fools,fools,s,Negativity,0
into,into,s,,0
Peacocks,peacocks,c,SenseObject,0
.,.,nn,Resistance,0
But,but,s,Resistance,1
amongst,amongst,s,SpaceRelation,0
these,these,c,Immediacy,0
",",",",n,Immediacy,1
Amphrisa,amphrisa,s,UNRECOGNIZED,0
had,had,s,Negativity,0
no,no,s,Negativity,1
place,place,c,Negativity,2
.,.,nn,Imperative,0
See,see,c,Imperative,1
",",",",s,,0
here,here,s,SpaceRelation,0
she,she,s,PersonPronoun,0
comes,comes,n,ReportingEvents,0
That,that,s,,0
for,for,s,SubjectivePercept,0
her,her,s,SubjectivePercept,1
self,self,s,SubjectivePercept,0
can,can,s,Confidence,0
answer,answer,c,Confidence,1
.,.,nn,Resistance,0
But,but,s,Resistance,1
',',c,,0
twere,twere,s,UNRECOGNIZED,0
sin,sin,n,StandardsNeg,0
In,in,s,,0
us,us,c,Inclusive,0
",",",",s,,0
not,not,s,DenyDisclaim,0
to,to,s,DenyDisclaim,1
be,be,s,DenyDisclaim,2
answered,answered,c,ReportingStates,0
",",",",s,ReportingStates,1
thus,thus,s,ReasonForward,0
to,to,s,ReasonForward,1
suffer,suffer,s,Negativity,0
her,her,n,PersonPronoun,0
To,to,s,,0
pale,pale,s,SpaceRelation,0
the,the,s,SpaceRelation,1
cheerful,cheerful,s,Positivity,0
blood,blood,s,SenseObject,0
in,in,s,Specifiers,0
her,her,s,Specifiers,1
far,far,s,SpaceRelation,0
cheeks,cheeks,c,SenseObject,0
",",",",n,,0
Through,through,s,,0
wilful,wilful,s,SubjectivePercept,0
passion,passion,c,SubjectivePercept,0
.,.,s,DirectAddress,0
Which,which,s,DirectAddress,1
I,i,s,FirstPer,0
Will,will,s,PredictedFuture,0
not,not,s,PredictedFuture,1
endure,endure,c,TimeDuration,0
.,.,nn,TimeDuration,1
Then,then,s,,0
rowse,rowse,s,UNRECOGNIZED,0
her,her,s,PersonPronoun,0
from,from,s,,0
these,these,s,Immediacy,0
dumps,dumps,c,Motions,0
.,.,nn,,0
You,you,s,DirectAddress,0
Are,are,s,DirectAddress,1
sad,sad,c,Sad,0
",",",",s,,0
Amphrisa,amphrisa,c,UNRECOGNIZED,0
:,:,n,,0
Sweet,sweet,s,SenseProperty,0
may,may,s,Question,0
we,we,s,Question,1
know,know,s,Confidence,0
the,the,s,Confidence,1
cause,cause,c,Cause,0
?,?,n,Question,0
Amphrisa,amphrisa,c,UNRECOGNIZED,0
.,.,s,,0
You,you,s,DirectAddress,0
have,have,s,DirectAddress,1
prevented,prevented,n,Resistance,0
A,a,s,Resistance,1
strange,strange,s,SubjectivePercept,0
conceit,conceit,s,SubjectivePercept,0
which,which,s,,0
somewhat,somewhat,s,Uncertainty,0
troubled,troubled,s,Negativity,0
me,me,c,FirstPer,0
;,;,n,Resistance,0
But,but,s,Resistance,1
by,by,s,DirectAddress,0
your,your,s,DirectAddress,1
interruption,interruption,s,StandardsNeg,0
almost,almost,s,SubjectivePercept,0
lost,lost,c,ReportingStates,0
.,.,nn,ReportingStates,1
Nay,nay,s,OralCues,0
recollect,recollect,s,ProjectBack,0
your,your,s,DirectAddress,0
self,self,c,SubjectivePercept,0
",",",",s,,0
pray,pray,s,Intensity,0
let,let,s,DirectAddress,0
us,us,s,DirectAddress,1
hear't,hear't,c,UNRECOGNIZED,0
.,.,nn,,0
I,i,s,Autobio,0
was,was,s,Autobio,1
thinking,thinking,c,PrivateThinking,0
",",",",s,,0
why,why,s,Question,0
Parrasius,parrasius,c,UNRECOGNIZED,0
",",",",s,,0
drawing,drawing,s,Motions,0
Youth,youth,c,AbstractConcepts,0
",",",",n,,0
Made,made,s,Positivity,0
Love,love,s,Positivity,1
to,to,s,Positivity,2
tickle,tickle,s,Motions,0
one,one,s,Numbers,0
side,side,s,SubjectivePercept,0
with,with,s,SubjectivePercept,1
a,a,s,,0
feather,feather,c,SenseObject,0
",",",",n,,0
To,to,s,,0
move,move,s,MoveBody,0
a,a,s,MoveBody,1
smile,smile,c,Positivity,0
;,;,s,,0
and,and,s,,0
with,with,s,Specifiers,0
the,the,s,Specifiers,1
other,other,s,Specifiers,0
hand,hand,n,SenseObject,0
To,to,s,,0
sting,sting,s,Negativity,0
it,it,s,,0
with,with,s,Specifiers,0
a,a,s,Specifiers,1
Scorpion,scorpion,c,SenseObject,0
.,.,nn,,0
You,you,s,DirectAddress,0
Are,are,s,DirectAddress,1
stung,stung,s,ReportingEvents,0
then,then,c,TimeShift,0
.,.,n,TimeShift,1
But,but,s,Resistance,0
I,i,s,Autobio,0
was,was,s,Autobio,1
thinking,thinking,s,PrivateThinking,0
on,on,s,,0
Praxiteles,praxiteles,c,UNRECOGNIZED,0
",",",",n,,0
Who,who,s,,0
drew,drew,s,Narrative_Verbs,0
his,his,s,Narrative_Verbs,1
mistress,mistress,s,PersonProperty,0
thus,thus,c,ReasonForward,0
:,:,s,,0
Look,look,s,SubjectivePercept,0
on,on,s,SubjectivePercept,1
her,her,s,SubjectivePercept,2
one,one,s,Numbers,0
way,way,c,AbstractConcepts,0
",",",",n,,0
She,she,s,PersonPronoun,0
laughed,laughed,s,Positivity,0
upon,upon,s,Positivity,1
him,him,c,PersonPronoun,0
:,:,s,,0
Strait,strait,s,AbstractConcepts,0
before,before,c,Sequence,0
",",",",s,,0
she,she,s,PersonPronoun,0
wept,wept,c,Sad,0
:,:,n,,0
But,but,s,Resistance,0
change,change,s,Transformation,0
the,the,s,Transformation,1
side,side,c,,0
",",",",s,,0
and,and,s,,0
cast,cast,s,DirectAddress,0
your,your,s,DirectAddress,1
eye,eye,s,DirectAddress,2
adverse,adverse,c,Resistance,0
",",",",n,,0
And,and,s,Sequence,0
then,then,s,Sequence,1
she,she,s,PersonPronoun,0
appeared,appeared,s,ReportingEvents,0
sleeping,sleeping,c,GenericEvents,0
.,.,s,ReasonForward,0
And,and,s,ReasonForward,1
so,so,s,ReasonForward,2
you,you,c,DirectAddress,0
",",",",n,,0
Fit,fit,s,ReportingEvents,0
but,but,s,Resistance,0
your,your,s,DirectAddress,0
phansies,phansies,s,UNRECOGNIZED,0
unto,unto,s,CommonAuthorities,0
such,such,s,Specifiers,0
a,a,s,Specifiers,1
face,face,c,SenseObject,0
",",",",n,,0
You,you,s,DirectAddress,0
Will,will,s,PredictedFuture,0
never,never,s,PredictedFuture,1
complain,complain,s,Negative_Relation,0
of,of,s,Negative_Relation,1
servant,servant,c,PersonProperty,0
.,.,nn,Sequence,0
Then,then,s,Sequence,1
it,it,s,PrivateThinking,0
seems,seems,c,PrivateThinking,1
",",",",n,,0
My,my,s,FirstPer,0
storie's,storie's,s,UNRECOGNIZED,0
told,told,s,ReportingEvents,0
aforehand,aforehand,c,UNRECOGNIZED,0
.,.,nn,,0
Yes,yes,c,OralCues,0
",",",",s,OralCues,1
and,and,s,,0
rumor'd,rumor'd,n,UNRECOGNIZED,0
Through,through,s,,0
all,all,s,,0
Arcadia,arcadia,c,UNRECOGNIZED,0
.,.,nn,DirectAddress,0
And,and,s,DirectAddress,1
none,none,s,DenyDisclaim,0
pity,pity,s,Sad,0
me,me,c,FirstPer,0
?,?,nn,Question,0
There,there,s,ReportingStates,0
Is,is,s,ReportingStates,1
none,none,s,Exceptions,0
so,so,s,Exceptions,1
marble,marble,s,SenseObject,0
brested,brested,c,UNRECOGNIZED,0
",",",",s,Resistance,0
but,but,s,Resistance,1
does,does,s,ReportingEvents,0
melt,melt,n,Motions,0
To,to,s,,0
hear,hear,s,SubjectivePercept,0
of,of,s,SubjectivePercept,1
your,your,s,DirectAddress,0
disaster,disaster,c,Negativity,0
.,.,nn,Question,0
Is,is,s,Question,1
there,there,s,Question,2
one,one,c,Numbers,0
",",",",n,,0
To,to,s,PersonProperty,0
whom,whom,s,PersonProperty,1
the,the,s,ReasonBackward,0
cause,cause,s,ReasonBackward,1
of,of,s,ReasonBackward,2
my,my,s,FirstPer,0
disease,disease,s,StandardsNeg,0
is,is,s,ReportingStates,0
known,known,c,CommonAuthorities,0
",",",",n,,0
That,that,s,Contingency,0
can,can,s,Contingency,1
prescribe,prescribe,s,Insist,0
me,me,s,FirstPer,0
cure,cure,s,Positivity,0
for,for,s,,0
it,it,c,,0
?,?,nn,Question,0
Without,without,s,Negativity,0
feeling,feeling,n,Negativity,1
Your,your,s,DirectAddress,0
pulse,pulse,c,Motions,0
",",",",s,,0
I,i,s,FirstPer,0
know,know,s,Confidence,0
the,the,s,Confidence,1
nature,nature,s,AbstractConcepts,0
of,of,s,DirectAddress,0
your,your,s,DirectAddress,1
grief,grief,c,Sad,0
:,:,n,,0
You,you,s,DirectAddress,0
have,have,s,DirectAddress,1
an,an,s,DirectAddress,2
heat,heat,c,SenseObject,0
",",",",s,,0
on,on,s,AbstractConcepts,0
which,which,s,AbstractConcepts,1
a,a,s,,0
coldness,coldness,s,SenseProperty,0
waits,waits,c,ProjectAhead,0
",",",",n,,0
A,a,s,Negativity,0
pain,pain,s,Negativity,1
that,that,s,Specifiers,0
is,is,s,Specifiers,1
endured,endured,s,Resistance,0
with,with,s,,0
pleasantness,pleasantness,c,Positivity,0
",",",",n,,0
And,and,s,,0
makes,makes,s,ReportingEvents,0
those,those,s,,0
sweets,sweets,s,SenseObject,0
you,you,s,DirectAddress,0
eat,eat,s,ReportingEvents,0
have,have,s,,0
bitter,bitter,s,SenseProperty,0
taste,taste,c,SenseProperty,1
:,:,n,,0
^^,^^,s,UNRECOGNIZED,0
puts,puts,s,,0
eyes,eyes,s,SenseObject,0
in,in,s,DirectAddress,0
your,your,s,DirectAddress,1
thoughts,thoughts,c,PrivateThinking,0
",",",",s,,0
ears,ears,s,SenseObject,0
in,in,s,DirectAddress,0
your,your,s,DirectAddress,1
heart,heart,c,DirectAddress,2
:,:,n,,0
^,^,c,UNRECOGNIZED,0
Twas,twas,s,ProjectBack,0
by,by,s,,0
desire,desire,s,Positivity,0
first,first,s,Sequence,0
bred,bred,c,ReportingEvents,0
",",",",s,,0
by,by,s,,0
delight,delight,s,Positivity,0
nursed,nursed,c,StandardsPos,0
",",",",n,,0
And,and,s,,0
has,has,s,,0
of,of,s,Immediacy,0
late,late,s,Immediacy,1
been,been,s,ProjectBack,0
weaned,weaned,s,ReportingEvents,0
by,by,s,,0
jelousie,jelousie,c,UNRECOGNIZED,0
.,.,nn,Resistance,0
But,but,s,Resistance,1
how,how,s,Curiosity,0
can,can,s,Curiosity,1
these,these,s,Immediacy,0
disgusts,disgusts,s,Negativity,0
be,be,s,ReportingStates,0
remedied,remedied,c,Positivity,0
",",",",n,Aside,0
Which,which,s,Aside,1
Reason,reason,s,StandardsPos,0
never,never,s,DenyDisclaim,0
yet,yet,s,Resistance,0
could,could,s,Contingency,0
comprehend,comprehend,c,PrivateThinking,0
?,?,nn,Question,0
By,by,s,,0
patience,patience,c,StandardsPos,0
.,.,nn,,0
That,that,s,Specifiers,0
Is,is,s,Specifiers,1
a,a,s,Specifiers,2
physic,physic,s,AbstractConcepts,0
all,all,s,,0
prescribe,prescribe,c,Insist,0
",",",",n,Resistance,0
But,but,s,Resistance,1
few,few,s,SubjectivePercept,0
or,or,s,,0
none,none,s,DenyDisclaim,0
does,does,s,ReportingEvents,0
follow,follow,c,,0
.,.,s,Imperative,0
Pray,pray,s,Imperative,1
what,what,s,Curiosity,0
is,is,s,Curiosity,1
it,it,c,Curiosity,2
?,?,nn,Question,0
It,it,s,,0
is,is,s,Positivity,0
the,the,s,Positivity,1
best,best,s,Positivity,2
receipt,receipt,s,SenseObject,0
that,that,s,Contingency,0
can,can,s,Contingency,1
be,be,s,Contingency,2
took,took,n,ReportingEvents,0
Both,both,s,,0
against,against,s,,0
love,love,s,Positivity,0
and,and,s,,0
fortune,fortune,s,ProjectAhead,0
(,(,c,,0
Crossed,crossed,s,ReportingEvents,0
in,in,s,,0
both,both,c,,0
.,.,c,,0
),),nn,,0
To,to,s,,0
wish,wish,s,SubjectivePercept,0
the,the,s,Positivity,0
best,best,c,Positivity,1
",",",",s,,0
to,to,s,,0
think,think,s,PrivateThinking,0
upon,upon,s,,0
the,the,s,Negativity,0
worst,worst,c,Negativity,1
",",",",n,,0
And,and,s,Generalization,0
all,all,s,Generalization,1
contingents,contingents,s,PersonProperty,0
brook,brook,s,SenseObject,0
with,with,s,StandardsPos,0
patience,patience,c,StandardsPos,1
.,.,n,,0
^,^,c,UNRECOGNIZED,0
s,s,s,LangRef,0
a,a,s,Intensity,0
most,most,s,Intensity,1
sovereign,sovereign,s,CommonAuthorities,0
medicine,medicine,c,AbstractConcepts,0
.,.,nn,DirectAddress,0
And,and,s,DirectAddress,1
moreover,moreover,c,Metadiscourse,0
;,;,n,,0
What,what,s,DenyDisclaim,0
cannot,cannot,s,DenyDisclaim,1
be,be,s,DenyDisclaim,2
redrest,redrest,s,UNRECOGNIZED,0
with,with,s,,0
peevishness,peevishness,c,Negativity,0
",",",",n,,0
Ought,ought,s,Insist,0
to,to,s,Insist,1
be,be,s,ReportingStates,0
borne,borne,s,ReportingEvents,0
with,with,s,StandardsPos,0
patience,patience,c,StandardsPos,1
.,.,nn,,0
Patience,patience,c,StandardsPos,0
?,?,n,Question,0
^,^,c,UNRECOGNIZED,0
he,he,s,Updates,0
is,is,s,Updates,1
so,so,s,,0
like,like,s,SubjectivePercept,0
to,to,s,SubjectivePercept,1
Fortitude,fortitude,s,StandardsPos,0
herself,herself,c,PersonPronoun,0
",",",",n,,0
That,that,s,,0
by,by,s,,0
her,her,s,PersonPronoun,0
sweet,sweet,s,SenseProperty,0
aspect,aspect,s,AbstractConcepts,0
she,she,s,PersonPronoun,0
appears,appears,s,SubjectivePercept,0
to,to,s,SubjectivePercept,1
be,be,n,SubjectivePercept,2
Her,her,s,PersonPronoun,0
sister,sister,s,PersonProperty,0
or,or,s,,0
her,her,s,PersonPronoun,0
daughter,daughter,c,PersonProperty,0
.,.,nn,,0
The,the,s,Exceptions,0
only,only,s,Exceptions,1
remedy,remedy,s,Positivity,0
for,for,s,,0
injuries,injuries,c,StandardsNeg,0
",",",",s,,0
is,is,n,ReportingStates,0
By,by,s,,0
patience,patience,s,StandardsPos,0
to,to,s,,0
forget,forget,s,Negativity,0
them,them,c,Negativity,1
.,.,s,DirectAddress,0
And,and,s,DirectAddress,1
more,more,s,Comparison,0
noble,noble,n,StandardsPos,0
It,it,s,,0
is,is,s,ProjectAhead,0
to,to,s,ProjectAhead,1
yield,yield,s,ReportingEvents,0
your,your,s,DirectAddress,0
self,self,s,SubjectivePercept,0
in,in,s,Positivity,0
triumph,triumph,s,Positivity,1
to,to,s,,0
it,it,n,Sequence,0
Then,then,s,Sequence,1
to,to,s,GenericEvents,0
be,be,s,GenericEvents,1
drawn,drawn,s,SpaceRelation,0
by,by,s,SpaceRelation,1
force,force,c,,0
.,.,nn,,0
You,you,s,DirectAddress,0
have,have,s,DirectAddress,1
prevaild,prevaild,c,UNRECOGNIZED,0
",",",",n,ReasonForward,0
For,for,s,ReasonForward,1
I,i,s,ReasonForward,2
am,am,s,FirstPer,0
now,now,s,Immediacy,0
your,your,s,DirectAddress,0
Patient,patient,c,PersonProperty,0
;,;,s,,0
and,and,s,,0
entreat,entreat,s,Request,0
you,you,c,DirectAddress,0
",",",",n,,0
Like,like,s,SubjectivePercept,0
skild,skild,s,UNRECOGNIZED,0
Physicians,physicians,c,PersonProperty,0
",",",",s,,0
study,study,s,ProjectAhead,0
for,for,s,ProjectAhead,1
my,my,s,FirstPer,0
health,health,c,StandardsPos,0
.,.,nn,,0
From,from,s,,0
their,their,s,PersonPronoun,0
Doctors,doctors,n,PersonProperty,0
The,the,s,Negativity,0
sick,sick,s,Negativity,1
expect,expect,s,ProjectAhead,0
more,more,s,Comparison,0
art,art,s,AbstractConcepts,0
then,then,s,,0
eloquence,eloquence,c,StandardsPos,0
:,:,n,,0
And,and,s,,0
therefore,therefore,s,ReasonForward,0
what,what,s,,0
defect,defect,s,Negativity,0
you,you,s,DirectAddress,0
find,find,s,,0
in,in,s,Citations,0
words,words,c,Citations,1
",",",",n,,0
Expect,expect,s,ProjectAhead,0
in,in,s,Inclusive,0
our,our,s,Inclusive,1
Prescriptions,prescriptions,c,CommonAuthorities,0
.,.,nn,,0
I,i,s,Autobio,0
never,never,s,Autobio,1
was,was,s,ProjectBack,0
with,with,s,,0
pastime,pastime,s,GenericEvents,0
better,better,s,Comparison,0
pleased,pleased,c,Positivity,0
;,;,n,,0
So,so,s,Confidence,0
clear,clear,s,Confidence,1
a,a,s,TimeDuration,0
morning,morning,c,TimeDuration,1
",",",",s,,0
and,and,s,,0
such,such,s,Intensity,0
temperate,temperate,s,SubjectivePercept,0
air,air,c,ReportingEvents,0
;,;,n,,0
The,the,s,SenseObject,0
Sun,sun,s,SenseObject,1
so,so,s,Positivity,0
bright,bright,c,Positivity,1
",",",",s,Resistance,0
yet,yet,s,Resistance,1
sparing,sparing,s,SubjectivePercept,0
of,of,s,SubjectivePercept,1
his,his,s,PersonPronoun,0
heat,heat,c,SenseObject,0
",",",",n,,0
Made,made,s,ReportingEvents,0
all,all,s,Generalization,0
the,the,s,Generalization,1
toil,toil,s,Negativity,0
we,we,s,,0
took,took,s,ReportingEvents,0
(,(,c,,0
to,to,s,,0
chase,chase,s,Motions,0
the,the,s,SenseObject,0
Stag,stag,c,SenseObject,1
),),n,,0
To,to,s,,0
seem,seem,s,Uncertainty,0
no,no,s,DenyDisclaim,0
labor,labor,c,AbstractConcepts,0
",",",",s,Resistance,0
but,but,s,Resistance,1
an,an,s,,0
exercise,exercise,c,GenericEvents,0
.,.,n,,0
The,the,s,,0
wily,wily,s,Negativity,0
beast,beast,s,Negativity,0
to,to,s,,0
shun,shun,s,Negative_Relation,0
our,our,s,Inclusive,0
swift,swift,s,SenseProperty,0
pursuit,pursuit,c,ProjectAhead,0
",",",",n,,0
Forsook,forsook,s,Narrative_Verbs,0
the,the,s,Narrative_Verbs,1
Plains,plains,c,SenseObject,0
",",",",s,,0
to,to,s,,0
take,take,s,ReportingEvents,0
the,the,s,ReportingEvents,1
mountain,mountain,s,SenseObject,0
tops,tops,c,SenseObject,0
.,.,n,Resistance,0
Yet,yet,s,Resistance,1
maugre,maugre,s,Resistance,0
the,the,s,,0
opposure,opposure,s,UNRECOGNIZED,0
of,of,s,,0
the,the,s,,0
Rocks,rocks,n,SenseObject,0
And,and,s,,0
clifts,clifts,s,UNRECOGNIZED,0
depending,depending,s,Contingency,0
to,to,s,,0
molest,molest,s,StandardsNeg,0
our,our,s,Inclusive,0
speed,speed,n,AbstractConcepts,0
Our,our,s,Inclusive,0
well-tride,well-tride,s,UNRECOGNIZED,0
Nymphs,nymphs,c,SenseObject,0
",",",",s,,0
like,like,s,SubjectivePercept,0
wild,wild,s,Intensity,0
Kids,kids,s,PersonProperty,0
clim'd,clim'd,s,UNRECOGNIZED,0
those,those,s,,0
hills,hills,n,SpaceRelation,0
And,and,s,,0
thrild,thrild,s,UNRECOGNIZED,0
their,their,s,PersonPronoun,0
arrowie,arrowie,s,UNRECOGNIZED,0
Iavelins,iavelins,s,UNRECOGNIZED,0
after,after,s,Sequence,0
him,him,c,PersonPronoun,0
:,:,n,,0
Nor,nor,s,DenyDisclaim,0
left,left,s,ReportingEvents,0
the,the,s,ReportingEvents,1
chase,chase,c,Motions,0
",",",",s,,0
till,till,s,AbstractConcepts,0
all,all,s,Generalization,0
those,those,s,Generalization,1
golden,golden,s,SenseProperty,0
heads,heads,n,SenseObject,0
Were,were,s,ProjectBack,0
new,new,s,,0
stained,stained,s,SenseProperty,0
in,in,s,SubjectivePercept,0
his,his,s,SubjectivePercept,1
blood,blood,c,SubjectivePercept,2
.,.,nn,,0
It,it,s,,0
proved,proved,c,Confidence,0
",",",",s,Confidence,1
great,great,s,Intensity,0
Queen,queen,n,PersonProperty,0
Your,your,s,DirectAddress,0
active,active,s,,0
Nymphs,nymphs,s,SenseObject,0
were,were,s,ProjectBack,0
better,better,s,Comparison,0
breathed,breathed,s,Motions,0
than,than,s,Comparison,0
he,he,c,PersonPronoun,0
",",",",n,ReasonForward,0
For,for,s,ReasonForward,1
whom,whom,s,PersonPronoun,0
we,we,s,Contingency,0
could,could,s,Contingency,1
not,not,s,DenyDisclaim,0
overtake,overtake,c,ReportingEvents,0
",",",",s,,0
we,we,s,,0
tired,tired,c,SenseProperty,0
:,:,n,,0
That,that,s,,0
done,done,c,ReportingStates,0
",",",",s,ReportingStates,1
we,we,s,,0
touched,touched,s,SenseProperty,0
our,our,s,Inclusive,0
Beagles,beagles,c,SenseObject,0
",",",",s,ReasonForward,0
and,and,s,ReasonForward,1
so,so,s,ReasonForward,2
made,made,n,ReportingEvents,0
Both,both,s,,0
hills,hills,s,SpaceRelation,0
and,and,s,,0
valleys,valleys,s,SenseObject,0
echo,echo,s,SpaceRelation,0
to,to,s,,0
his,his,s,Biographical_Time,0
death,death,c,Biographical_Time,1
.,.,nn,,0
He,he,s,PersonPronoun,0
stood,stood,s,ReportingEvents,0
so,so,s,SubjectiveTime,0
long,long,c,SubjectiveTime,1
",",",",s,,0
and,and,s,,0
made,made,s,Inclusive,0
us,us,s,Inclusive,1
stray,stray,s,Motions,0
so,so,s,Updates,0
far,far,c,Updates,1
",",",",n,,0
Amongst,amongst,s,SpaceRelation,0
the,the,s,,0
Swains,swains,s,PersonProperty,0
and,and,s,,0
lovely,lovely,s,Positivity,0
Shepheardesses,shepheardesses,c,UNRECOGNIZED,0
",",",",n,,0
That,that,s,,0
use,use,s,ReportingEvents,0
to,to,s,,0
graze,graze,s,Motions,0
their,their,s,PersonPronoun,0
Flocks,flocks,s,SenseObject,0
upon,upon,s,,0
these,these,s,Immediacy,0
downs,downs,c,SpaceRelation,0
;,;,n,,0
The,the,s,SenseObject,0
Sun,sun,s,SenseObject,1
must,must,s,Insist,0
needs,needs,s,Insist,0
pass,pass,s,ReportingEvents,0
the,the,s,,0
Meridian,meridian,c,SpaceRelation,0
",",",",n,,0
E're,e're,s,SubjectivePercept,0
we,we,s,Contingency,0
can,can,s,Contingency,1
reach,reach,s,ReportingEvents,0
the,the,s,ReportingEvents,1
Lodge,lodge,c,Motions,0
.,.,nn,,0
The,the,s,,0
Arcadian,arcadian,s,UNRECOGNIZED,0
Girls,girls,n,PersonProperty,0
Are,are,s,ReportingStates,0
of,of,s,ReportingStates,1
no,no,s,DenyDisclaim,0
common,common,s,AbstractConcepts,0
beauty,beauty,c,StandardsPos,0
;,;,s,,0
as,as,s,,0
their,their,s,PersonPronoun,0
habits,habits,n,AbstractConcepts,0
Much,much,s,Intensity,0
grace,grace,s,StandardsPos,0
the,the,s,StandardsPos,1
fields,fields,c,SenseObject,0
;,;,s,,0
so,so,s,Intensity,0
many,many,s,Intensity,1
of,of,s,,0
those,those,s,,0
features,features,n,Updates,0
Mine,mine,s,SelfDisclosure,0
eye,eye,s,SelfDisclosure,1
by,by,s,Contingency,0
chance,chance,s,Contingency,1
has,has,s,,0
glanc't,glanc't,s,UNRECOGNIZED,0
on,on,s,,0
in,in,s,,0
the,the,s,SceneShift,0
Chase,chase,c,SceneShift,1
",",",",n,,0
In,in,s,,0
mine,mine,s,FirstPer,0
opinion,opinion,s,SubjectivePercept,0
would,would,s,ProjectBack,0
become,become,s,Transformation,0
the,the,s,Transformation,1
Court,court,c,AbstractConcepts,0
.,.,n,,0
They,they,s,Citations,0
say,say,c,Citations,1
",",",",s,,0
these,these,s,Immediacy,0
virgins,virgins,s,PersonProperty,0
are,are,s,ReportingStates,0
acute,acute,s,Intensity,0
in,in,s,,0
wit,wit,c,StandardsPos,0
",",",",n,,0
And,and,s,,0
fluent,fluent,s,StandardsPos,0
in,in,s,StandardsPos,1
conceit,conceit,c,SubjectivePercept,0
",",",",s,,0
to,to,s,,0
speak,speak,s,ReportingEvents,0
or,or,s,,0
sing,sing,c,Motions,0
;,;,n,,0
As,as,s,,0
having,having,s,GenericEvents,0
often,often,s,GenericEvents,1
drunk,drunk,s,PersonProperty,0
from,from,s,,0
the,the,s,CommonAuthorities,0
Muses,muses,s,CommonAuthorities,1
spring,spring,c,AbstractConcepts,0
.,.,nn,Imperative,0
See,see,c,Imperative,1
",",",",s,,0
Royal,royal,s,CommonAuthorities,0
Queen,queen,c,PersonProperty,0
",",",",s,SpaceRelation,0
where,where,s,SpaceRelation,1
three,three,s,Numbers,0
(,(,c,,0
not,not,s,DenyDisclaim,0
of,of,s,,0
the,the,s,,0
meanest,meanest,n,Negativity,0
Or,or,s,,0
least,least,s,Comparison,0
to,to,s,GenericEvents,0
be,be,s,GenericEvents,1
respected,respected,c,StandardsPos,0
),),s,,0
are,are,s,ReportingStates,0
retired,retired,c,ReportingStates,0
.,.,nn,ReportingStates,1
Be,be,s,ReportingStates,0
not,not,s,DenyDisclaim,0
too,too,s,DenyDisclaim,1
loud,loud,c,SenseProperty,0
",",",",s,,0
These,these,s,Immediacy,0
bows,bows,s,SenseObject,0
will,will,s,PredictedFuture,0
shelter,shelter,s,SenseObject,0
us,us,c,Inclusive,0
;,;,n,,0
Let,let,s,DirectAddress,0
Us,us,s,DirectAddress,1
l^sten,l^sten,s,UNRECOGNIZED,0
how,how,s,,0
they,they,s,,0
fashion,fashion,s,SenseObject,0
their,their,s,PersonPronoun,0
discourse,discourse,c,AbstractConcepts,0
",",",",n,,0
And,and,s,,0
how,how,s,Curiosity,0
far,far,s,Curiosity,1
short,short,s,SenseProperty,0
the,the,s,SenseObject,0
Folds,folds,s,SenseObject,1
and,and,s,,0
Cottages,cottages,n,SenseObject,0
Come,come,s,ReportingEvents,0
of,of,s,,0
the,the,s,CommonAuthorities,0
Court,court,s,CommonAuthorities,1
or,or,s,,0
City,city,c,CommonAuthorities,0
.,.,nn,,0
Nay,nay,s,OralCues,0
pray,pray,s,Intensity,0
prescribe,prescribe,c,Insist,0
.,.,s,ReportingStates,0
It,it,s,ReportingStates,1
Is,is,s,ReportingStates,2
said,said,s,Citations,0
of,of,s,Citations,1
all,all,s,,0
Physicians,physicians,n,PersonProperty,0
What,what,s,Question,0
good,good,s,Question,1
comes,comes,s,SceneShift,0
by,by,s,SceneShift,1
their,their,s,PersonPronoun,0
Physic,physic,c,AbstractConcepts,0
",",",",s,,0
the,the,s,SenseObject,0
Sun,sun,s,SenseObject,1
sees,sees,c,,0
:,:,n,,0
But,but,s,Resistance,0
in,in,s,Specifiers,0
their,their,s,Specifiers,1
art,art,c,AbstractConcepts,0
",",",",s,,0
if,if,s,Contingency,0
they,they,s,Contingency,1
have,have,s,,0
bad,bad,s,Negativity,0
success,success,c,StandardsPos,0
",",",",n,,0
That,that,s,,0
the,the,s,SpaceRelation,0
earth,earth,s,SpaceRelation,1
covers,covers,c,SenseObject,0
.,.,s,,0
Howsoever,howsoever,s,Intensity,0
I,i,s,FirstPer,0
suffer,suffer,c,Negativity,0
",",",",n,,0
You,you,s,DirectAddress,0
blameless,blameless,s,StandardsPos,0
are,are,c,ReportingStates,0
.,.,nn,,0
All,all,s,Generalization,0
those,those,s,Generalization,1
that,that,s,Specifiers,0
are,are,s,Specifiers,1
unskilful,unskilful,n,UNRECOGNIZED,0
Will,will,s,PredictedFuture,0
flatter,flatter,s,SubjectivePercept,0
grief,grief,s,Sad,0
',',c,,0
till,till,s,AbstractConcepts,0
it,it,s,,0
grow,grow,s,ReportingEvents,0
desperate,desperate,c,Negativity,0
.,.,n,Resistance,0
But,but,s,Resistance,1
though,though,s,Concessive,0
you,you,s,DirectAddress,0
know,know,s,DirectAddress,1
the,the,s,,0
use,use,s,AbstractConcepts,0
of,of,s,AbstractConcepts,1
Physic,physic,s,AbstractConcepts,0
sweet,sweet,c,SenseProperty,0
",",",",n,,0
To,to,s,,0
taste,taste,s,SenseProperty,0
it,it,s,,0
is,is,s,ReportingStates,0
unsavory,unsavory,c,StandardsNeg,0
.,.,nn,,0
Howsoever,howsoever,s,Intensity,0
I,i,s,StandardsPos,0
am,am,s,StandardsPos,1
prepared,prepared,c,StandardsPos,2
.,.,nn,,0
Imagine,imagine,s,PrivateThinking,0
first,first,c,Sequence,0
",",",",s,Sequence,1
You,you,s,Sequence,2
never,never,s,Biographical_Time,0
had,had,s,Biographical_Time,1
a,a,s,SenseObject,0
servant,servant,c,SenseObject,1
.,.,nn,,0
Not,not,s,Resistance,0
so,so,c,Resistance,1
:,:,s,,0
for,for,s,,0
who,who,s,,0
can,can,s,Contingency,0
know,know,s,Confidence,0
the,the,s,Confidence,1
sweet,sweet,s,SenseProperty,0
of,of,s,,0
ease,ease,c,Reassure,0
",",",",n,,0
That,that,s,DenyDisclaim,0
never,never,s,DenyDisclaim,1
was,was,s,ProjectBack,0
in,in,s,Negativity,0
pain,pain,c,Negativity,1
?,?,nn,Question,0
Or,or,s,,0
say,say,s,Citations,0
she,she,s,ProjectBack,0
had,had,c,ProjectBack,1
",",",",n,,0
Think,think,s,PrivateThinking,0
that,that,s,PrivateThinking,1
he,he,s,Biographical_Time,0
never,never,s,Biographical_Time,1
played,played,s,ReportingEvents,0
false,false,c,StandardsNeg,0
.,.,nn,,0
A,a,s,Negativity,0
mere,mere,s,Negativity,1
relapse,relapse,c,Negativity,0
",",",",n,,0
Before,before,s,Sequence,0
the,the,s,Sequence,1
first,first,s,Sequence,2
be,be,s,ReportingStates,0
cured,cured,c,Positivity,0
",",",",s,,0
to,to,s,,0
think,think,s,PrivateThinking,0
him,him,s,PersonPronoun,0
faithful,faithful,c,StandardsPos,0
",",",",n,,0
Were,were,s,ProjectBack,0
but,but,s,Resistance,0
to,to,s,Resistance,1
enter,enter,s,ReportingEvents,0
her,her,s,PersonPronoun,0
disease,disease,s,StandardsNeg,0
anew,anew,c,Sequence,0
",",",",n,,0
To,to,s,,0
make,make,s,ReportingEvents,0
her,her,s,PersonPronoun,0
grief,grief,s,Sad,0
more,more,s,Comparison,0
violent,violent,c,StandardsNeg,0
.,.,nn,Resistance,0
But,but,s,Resistance,1
one,one,s,Numbers,0
speak,speak,c,Citations,0
:,:,n,Citations,1
The,the,s,,0
medicine,medicine,s,AbstractConcepts,0
that,that,s,Specifiers,0
is,is,s,Specifiers,1
proposed,proposed,s,ProjectAhead,0
of,of,s,,0
contraries,contraries,c,Resistance,0
",",",",n,,0
Can,can,s,Contingency,0
never,never,s,DenyDisclaim,0
breed,breed,s,AbstractConcepts,0
peace,peace,s,StandardsPos,0
of,of,s,StandardsPos,1
mind,mind,c,StandardsPos,2
.,.,nn,,0
All,all,c,,0
",",",",s,,0
solid,solid,s,AbstractConcepts,0
sense,sense,c,AbstractConcepts,0
.,.,c,,0
),),n,,0
For,for,s,,0
I,i,s,FirstPer,0
perceive,perceive,c,PrivateThinking,0
",",",",s,,0
those,those,s,AbstractConcepts,0
that,that,s,AbstractConcepts,1
are,are,s,Positive_Attribution,0
sound,sound,s,Positive_Attribution,1
themselves,themselves,c,PersonPronoun,0
",",",",n,,0
Have,have,s,Updates,0
still,still,s,Updates,1
more,more,s,Comparison,0
will,will,s,PredictedFuture,0
to,to,s,PredictedFuture,1
help,help,c,Positivity,0
",",",",s,,0
than,than,s,Comparison,0
skill,skill,s,StandardsPos,0
to,to,s,,0
cure,cure,c,Positivity,0
.,.,nn,OralCues,0
Well,well,c,OralCues,1
",",",",s,OralCues,2
Mistress,mistress,s,PersonProperty,0
Doctor,doctor,s,PersonProperty,0
I,i,s,FirstPer,0
Will,will,s,PredictedFuture,0
give,give,s,SubjectivePercept,0
way,way,s,SubjectivePercept,1
to,to,s,SubjectivePercept,2
you,you,c,DirectAddress,0
.,.,nn,Imperative,0
Think,think,s,Imperative,1
then,then,s,Sequence,0
you,you,s,Sequence,1
had,had,s,ProjectBack,0
a,a,s,SenseObject,0
servant,servant,c,SenseObject,1
",",",",s,,0
and,and,s,,0
he,he,s,PersonPronoun,0
false,false,c,StandardsNeg,0
;,;,n,,0
For,for,s,,0
whose,whose,s,PersonPronoun,0
sake,sake,s,SenseObject,0
never,never,s,Sad,0
more,more,s,Sad,1
trust,trust,s,Confidence,0
per,per,s,CommonAuthorities,0
jur'd,jur'd,s,UNRECOGNIZED,0
man,man,c,PersonProperty,0
.,.,n,DirectAddress,0
And,and,s,DirectAddress,1
though,though,s,Concessive,0
some,some,s,Uncertainty,0
say,say,s,Citations,0
Jove,jove,s,,0
winks,winks,s,Motions,0
at,at,s,Motions,1
Dovers,dovers,s,UNRECOGNIZED,0
Oaths,oaths,c,CommonAuthorities,0
",",",",n,,0
It,it,s,,0
Is,is,s,ReportingStates,0
(,(,c,,0
after,after,c,Sequence,0
),),s,,0
with,with,s,,0
broad,broad,s,AbstractConcepts,0
eyes,eyes,s,SenseObject,0
to,to,s,,0
punish,punish,s,Negativity,0
them,them,c,,0
.,.,n,,0
Words,words,s,LangRef,0
should,should,s,Insist,0
not,not,s,Insist,1
credit,credit,s,PersonProperty,0
men,men,c,PersonProperty,1
",",",",s,Resistance,0
but,but,s,Resistance,1
men,men,s,PersonProperty,0
their,their,s,PersonPronoun,0
words,words,c,LangRef,0
:,:,n,,0
For,for,s,,0
he,he,s,CommonAuthorities,0
that,that,s,CommonAuthorities,1
breaks,breaks,s,StandardsNeg,0
his,his,s,StandardsNeg,1
promise,promise,s,StandardsNeg,2
lies,lies,s,Negativity,0
to,to,s,Negativity,1
heaven,heaven,c,Positivity,0
;,;,n,,0
And,and,s,,0
whom,whom,s,PersonPronoun,0
Heaven,heaven,s,Positivity,0
hates,hates,c,Negativity,0
",",",",s,,0
who,who,s,,0
but,but,s,Resistance,0
would,would,s,ProjectBack,0
fear,fear,s,Fear,0
to,to,s,Fear,1
love,love,n,Positivity,0
Most,most,s,Comparison,0
cursed,cursed,s,ReportingEvents,0
it,it,s,,0
is,is,s,ProjectAhead,0
to,to,s,ProjectAhead,1
flatter,flatter,s,SubjectivePercept,0
and,and,s,,0
forswear,forswear,c,Negativity,0
;,;,n,,0
And,and,s,,0
dearth,dearth,s,Negativity,0
of,of,s,Negativity,1
oaths,oaths,s,CommonAuthorities,0
is,is,s,ReportingStates,0
blessed,blessed,s,StandardsPos,0
barrenness,barrenness,c,Negativity,0
.,.,n,,0
You,you,s,DirectAddress,0
Are,are,s,DirectAddress,1
sick,sick,s,Negativity,0
at,at,s,Negativity,1
heart,heart,c,Negativity,2
:,:,s,,0
the,the,s,Exceptions,0
only,only,s,Exceptions,1
help,help,s,Positivity,0
for,for,s,Positivity,1
that,that,n,Specifiers,0
Is,is,c,Specifiers,1
",",",",s,Specifiers,2
Let,let,s,ReportingEvents,0
your,your,s,DirectAddress,0
heart,heart,s,SenseObject,0
abhor,abhor,s,Negativity,0
his,his,s,PersonPronoun,0
treachery,treachery,c,Anger,0
",",",",n,,0
And,and,s,,0
him,him,c,PersonPronoun,0
",",",",s,ReasonForward,0
for,for,s,ReasonForward,1
it,it,c,ReasonForward,2
.,.,s,,0
You,you,s,DirectAddress,0
Are,are,s,DirectAddress,1
pained,pained,s,Negativity,0
too,too,s,,0
in,in,s,Disclosure,0
the,the,s,Disclosure,1
head,head,c,Disclosure,2
",",",",n,ReasonForward,0
For,for,s,ReasonForward,1
that,that,s,,0
here,here,s,Immediacy,0
is,is,s,Immediacy,1
balm,balm,s,SenseObject,0
made,made,s,ReportingEvents,0
or,or,s,,0
a,a,s,,0
willow,willow,s,SenseObject,0
wreath,wreath,c,SenseObject,0
.,.,n,Imperative,0
Let,let,s,Imperative,1
this,this,s,,0
charmed,charmed,s,Positivity,0
c^^,c^^,s,UNRECOGNIZED,0
ele,ele,s,UNRECOGNIZED,0
but,but,s,Resistance,0
impale,impale,s,Negativity,0
your,your,s,DirectAddress,0
brows,brows,c,SenseObject,0
",",",",n,,0
It,it,s,,0
Is,is,s,Immediacy,0
present,present,s,Immediacy,1
help,help,s,Positivity,0
for,for,s,Positivity,1
both,both,c,,0
.,.,nn,Imperative,0
Make,make,s,Imperative,1
this,this,s,,0
apparent,apparent,c,Confidence,0
.,.,nn,,0
Thus,thus,c,ReasonForward,0
:,:,s,,0
All,all,s,Generalization,0
the,the,s,Generalization,1
Arcadian,arcadian,s,UNRECOGNIZED,0
Swains,swains,s,PersonProperty,0
and,and,s,,0
Nymphs,nymphs,s,SenseObject,0
that,that,s,,0
^^,^^,n,UNRECOGNIZED,0
Your,your,s,DirectAddress,0
brows,brows,s,SenseObject,0
ingirt,ingirt,s,UNRECOGNIZED,0
with,with,s,Specifiers,0
this,this,s,Specifiers,1
for,for,s,,0
saken,saken,s,UNRECOGNIZED,0
wreath,wreath,n,SenseObject,0
Will,will,s,PredictedFuture,0
take,take,s,SubjectivePercept,0
note,note,s,SubjectivePercept,1
of,of,s,SubjectivePercept,2
his,his,s,PersonPronoun,0
falsehood,falsehood,c,StandardsNeg,0
",",",",s,,0
and,and,s,,0
your,your,s,DirectAddress,0
faith,faith,c,StandardsPos,0
;,;,n,,0
Your,your,s,DirectAddress,0
innocence,innocence,c,Disclosure,0
",",",",s,,0
and,and,s,,0
his,his,s,PersonPronoun,0
inconstancy,inconstancy,c,StandardsNeg,0
:,:,n,,0
And,and,s,,0
those,those,s,AbstractConcepts,0
that,that,s,AbstractConcepts,1
wear,wear,s,SpaceRelation,0
tears,tears,s,Sad,0
in,in,s,SpaceRelation,0
their,their,s,SpaceRelation,1
eyes,eyes,s,SpaceRelation,2
for,for,s,DirectAddress,0
you,you,c,DirectAddress,1
",",",",n,,0
Of,of,s,StandardsPos,0
love,love,s,StandardsPos,1
and,and,s,,0
pity,pity,c,Sad,0
",",",",s,,0
to,to,s,GenericEvents,0
be,be,s,GenericEvents,1
thus,thus,s,ReasonForward,0
abused,abused,c,Negativity,0
",",",",n,,0
Will,will,s,PredictedFuture,0
steep,steep,s,SpaceRelation,0
their,their,s,PersonPronoun,0
tongues,tongues,s,SenseObject,0
in,in,s,,0
wormwood,wormwood,s,SenseObject,0
and,and,s,,0
in,in,s,Negativity,0
gall,gall,c,Negativity,1
",",",",n,,0
To,to,s,,0
brand,brand,s,ReportingEvents,0
him,him,s,ReportingEvents,1
for,for,s,,0
his,his,s,PersonPronoun,0
open,open,s,,0
perjury,perjury,c,StandardsNeg,0
;,;,n,,0
Their,their,s,PersonPronoun,0
pity,pity,c,Sad,0
",",",",s,,0
with,with,s,Reassure,0
your,your,s,Reassure,1
patience,patience,s,Reassure,2
joined,joined,c,ReportingStates,0
",",",",n,ReportingStates,1
(,(,c,,0
With,with,s,Specifiers,0
this,this,s,Specifiers,1
to,to,s,,0
boot,boot,c,SenseObject,0
),),s,,0
will,will,s,PredictedFuture,0
prove,prove,s,Confidence,0
an,an,s,Intensity,0
absolute,absolute,s,Intensity,1
cure,cure,c,Positivity,0
.,.,nn,,0
Some,some,s,Uncertainty,0
ease,ease,s,Reassure,0
I,i,s,Metadiscourse,0
find,find,s,Metadiscourse,1
already,already,c,Updates,0
",",",",s,,0
crown,crown,s,SenseObject,0
me,me,s,FirstPer,0
then,then,c,TimeShift,0
.,.,nn,TimeShift,1
May,may,c,Contingency,0
",",",",s,,0
wheresoever,wheresoever,s,SpaceRelation,0
your,your,s,DirectAddress,0
head,head,s,DirectAddress,0
you,you,s,DirectAddress,1
softly,softly,s,SenseProperty,0
pillow,pillow,c,SenseObject,0
",",",",n,,0
Be,be,s,ReportingStates,0
never,never,s,Sad,0
more,more,s,Sad,1
troubled,troubled,c,Negativity,0
",",",",s,,0
whilst,whilst,s,TimeDuration,0
thus,thus,s,ReasonForward,0
wreathed,wreathed,s,SenseProperty,0
in,in,s,,0
willow,willow,nn,SenseObject,0
Nor,nor,s,DenyDisclaim,0
shall,shall,s,ProjectAhead,0
it,it,c,,0
",",",",s,,0
Alope,alope,c,UNRECOGNIZED,0
",",",",s,ReasonForward,0
for,for,s,ReasonForward,1
from,from,s,TimeShift,0
this,this,s,TimeShift,1
hour,hour,c,TimeShift,2
",",",",n,,0
Hearts,hearts,s,SenseObject,0
grief,grief,s,Sad,0
nor,nor,s,DenyDisclaim,0
heads,heads,s,SenseObject,0
pain,pain,s,Negativity,0
shall,shall,s,ProjectAhead,0
of,of,s,,0
me,me,s,FirstPer,0
have,have,s,ReportingEvents,0
power,power,c,ReportingEvents,1
.,.,n,,0
I,i,s,FirstPer,0
now,now,s,Updates,0
have,have,s,Updates,1
chased,chased,s,ReportingEvents,0
hence,hence,s,ReasonForward,0
sorrow,sorrow,c,Sad,0
.,.,nn,,0
This,this,s,,0
conceit,conceit,n,SubjectivePercept,0
Has,has,s,,0
took,took,s,ReportingEvents,0
me,me,s,FirstPer,0
highly,highly,c,Intensity,0
;,;,s,,0
and,and,s,,0
great,great,s,Intensity,0
pity,pity,s,Sad,0
it,it,s,,0
is,is,c,ReportingStates,0
",",",",n,,0
That,that,s,,0
such,such,s,Intensity,0
choice,choice,s,SubjectivePercept,0
wits,wits,s,StandardsPos,0
should,should,s,Insist,0
find,find,s,,0
no,no,s,Exceptions,0
other,other,s,Exceptions,1
ears,ears,n,SenseObject,0
Than,than,s,Comparison,0
those,those,s,AbstractConcepts,0
that,that,s,AbstractConcepts,1
Swains,swains,c,PersonProperty,0
",",",",s,,0
and,and,s,,0
flocks,flocks,c,SenseObject,0
",",",",s,,0
and,and,s,,0
fowls,fowls,s,SenseObject,0
have,have,c,,0
.,.,s,,0
Wit,wit,n,StandardsPos,0
So,so,s,,0
spent,spent,c,ReportingStates,0
",",",",s,ReportingStates,1
is,is,s,ReportingStates,0
only,only,s,SubjectivePercept,0
treasured,treasured,s,Positivity,0
in,in,s,SpaceRelation,0
the,the,s,SpaceRelation,1
air,air,c,SpaceRelation,2
.,.,n,,0
The,the,s,SpaceRelation,0
earth,earth,s,SpaceRelation,1
has,has,s,,0
least,least,s,Comparison,0
part,part,s,,0
on,on,s,SpaceRelation,0
it,it,c,SpaceRelation,1
.,.,s,,0
Virgins,virgins,c,PersonProperty,0
",",",",s,,0
Good,good,s,DirectAddress,0
day,day,c,DirectAddress,1
.,.,n,DirectAddress,2
Nay,nay,c,OralCues,0
",",",",s,,0
do,do,s,DenyDisclaim,0
not,not,s,DenyDisclaim,1
fall,fall,s,,0
too,too,s,Negativity,0
low,low,c,Negativity,1
.,.,nn,,0
You,you,s,DirectAddress,0
are,are,s,DirectAddress,1
our,our,s,Inclusive,0
Queen,queen,c,PersonProperty,0
.,.,nn,DirectAddress,0
And,and,s,DirectAddress,1
Lady,lady,s,PersonProperty,0
of,of,s,Inclusive,0
our,our,s,Inclusive,1
fortunes,fortunes,c,ProjectAhead,0
.,.,nn,,0
By,by,s,,0
that,that,s,,0
title,title,n,LangRef,0
I,i,s,FirstPer,0
do,do,s,Intensity,0
command,command,s,CommonAuthorities,0
you,you,s,Sequence,0
then,then,s,Sequence,1
to,to,s,ProjectAhead,0
spare,spare,s,ProjectAhead,1
your,your,s,DirectAddress,0
knees,knees,c,SenseObject,0
.,.,n,,0
Nay,nay,s,OralCues,0
rise,rise,c,Motions,0
.,.,nn,ReportingStates,0
It,it,s,ReportingStates,1
Is,is,s,ReportingStates,2
only,only,s,Exceptions,0
by,by,s,Exceptions,1
your,your,s,DirectAddress,0
Grace,grace,s,StandardsPos,0
and,and,s,,0
goodness,goodness,n,StandardsPos,0
We,we,s,,0
breathe,breathe,s,Motions,0
and,and,s,,0
live,live,c,,0
.,.,nn,ReportingStates,0
It,it,s,ReportingStates,1
is,is,s,ReportingStates,2
enough,enough,s,SubjectivePercept,0
to,to,s,SubjectivePercept,1
me,me,c,FirstPer,0
",",",",n,,0
That,that,s,DirectAddress,0
you,you,s,DirectAddress,1
present,present,s,,0
us,us,s,Inclusive,0
such,such,s,Intensity,0
acknowledgement,acknowledgement,c,Acknowledge,0
.,.,n,DirectAddress,0
And,and,s,DirectAddress,1
as,as,s,Specifiers,0
for,for,s,Specifiers,1
you,you,c,DirectAddress,0
",",",",s,,0
fair,fair,s,StandardsPos,0
Virgin,virgin,c,PersonProperty,0
",",",",s,,0
I,i,s,Contingency,0
could,could,s,Contingency,1
wish,wish,n,SubjectivePercept,0
Your,your,s,DirectAddress,0
Willow,willow,s,SenseObject,0
were,were,s,ProjectBack,0
a,a,s,,0
Laurel,laurel,c,StandardsPos,0
.,.,s,,0
Nay,nay,c,OralCues,0
",",",",s,ReasonForward,0
so,so,s,ReasonForward,1
it,it,s,,0
is,is,c,ReportingStates,0
:,:,n,,0
Because,because,s,ReasonBackward,0
all,all,s,,0
such,such,s,Intensity,0
may,may,s,Contingency,0
be,be,s,Contingency,1
styled,styled,s,ReportingEvents,0
Conquerors,conquerors,c,PersonProperty,0
",",",",n,,0
That,that,s,Contingency,0
can,can,s,Contingency,1
subdue,subdue,s,ReportingEvents,0
the,the,s,ReportingEvents,1
ir,ir,s,Negativity,0
passions,passions,c,SubjectivePercept,0
.,.,nn,,0
Our,our,s,Fear,0
fear,fear,s,Fear,1
is,is,c,ReportingStates,0
",",",",n,,0
That,that,s,,0
if,if,s,Contingency,0
our,our,s,Inclusive,0
rude,rude,s,Negative_Relation,0
discourse,discourse,s,AbstractConcepts,0
have,have,s,,0
touched,touched,s,SenseProperty,0
your,your,s,DirectAddress,0
ear,ear,c,SenseObject,0
",",",",n,,0
The,the,s,,0
coursenesse,coursenesse,s,UNRECOGNIZED,0
might,might,s,Contingency,0
offend,offend,s,Anger,0
you,you,c,DirectAddress,0
.,.,nn,,0
Pleased,pleased,s,Positivity,0
us,us,s,Inclusive,0
highly,highly,c,Intensity,0
:,:,n,,0
Which,which,s,,0
that,that,s,DirectAddress,0
you,you,s,DirectAddress,1
may,may,s,Contingency,0
perceive,perceive,s,PrivateThinking,0
in,in,s,,0
mee's,mee's,s,UNRECOGNIZED,0
vnfeignd,vnfeignd,c,UNRECOGNIZED,0
",",",",n,,0
I,i,s,FirstPer,0
charge,charge,s,AbstractConcepts,0
you,you,c,DirectAddress,0
",",",",s,,0
as,as,s,SelfDisclosure,0
I,i,s,SelfDisclosure,1
am,am,s,FirstPer,0
your,your,s,DirectAddress,0
Soveraignesse,soveraignesse,c,UNRECOGNIZED,0
",",",",n,Generalization,0
All,all,s,Generalization,1
coyness,coyness,s,SubjectivePercept,0
and,and,s,,0
evasion,evasion,s,StandardsNeg,0
set,set,s,ReportingEvents,0
apart,apart,c,ReportingEvents,1
",",",",n,,0
To,to,s,GenericEvents,0
be,be,s,GenericEvents,1
most,most,s,Comparison,0
free,free,s,AbstractConcepts,0
in,in,s,LangRef,0
language,language,c,LangRef,1
.,.,nn,,0
Imposition,imposition,n,StandardsNeg,0
That,that,s,,0
comes,comes,s,Transformation,0
from,from,s,Transformation,1
you,you,s,DirectAddress,0
is,is,s,ReportingStates,0
unto,unto,s,CommonAuthorities,0
us,us,s,Inclusive,0
a,a,s,CommonAuthorities,0
Law,law,c,CommonAuthorities,1
",",",",n,Aside,0
Which,which,s,Aside,1
ought,ought,s,Insist,0
to,to,s,Insist,1
be,be,s,ReportingStates,0
kept,kept,s,TimeDuration,0
sacred,sacred,c,StandardsPos,0
.,.,nn,,0
I,i,s,FirstPer,0
Will,will,s,PredictedFuture,0
as,as,s,,0
freely,freely,n,Disclosure,0
Command,command,s,CommonAuthorities,0
then,then,c,TimeShift,0
",",",",s,TimeShift,1
as,as,s,DirectAddress,0
you,you,s,DirectAddress,1
willing,willing,s,SubjectivePercept,0
are,are,s,ProjectAhead,0
to,to,s,ProjectAhead,1
obey,obey,c,CommonAuthorities,0
",",",",n,ReasonForward,0
For,for,s,ReasonForward,1
were,were,s,Contingency,0
I,i,s,Contingency,1
not,not,s,DenyDisclaim,0
a,a,s,DenyDisclaim,1
Queen,queen,c,PersonProperty,0
",",",",s,,0
I,i,s,SelfDisclosure,0
Would,would,s,SelfDisclosure,1
wish,wish,s,ProjectAhead,0
to,to,s,ProjectAhead,1
be,be,n,ReportingStates,0
As,as,s,Specifiers,0
one,one,s,Specifiers,1
of,of,s,Specifiers,2
you,you,c,DirectAddress,0
",",",",s,,0
a,a,s,,0
witty,witty,s,StandardsPos,0
Shepherdess,shepherdess,c,PersonProperty,0
.,.,n,Imperative,0
Pray,pray,s,Imperative,1
sing,sing,s,Motions,0
me,me,s,FirstPer,0
something,something,s,Uncertainty,0
of,of,s,DirectAddress,0
your,your,s,DirectAddress,1
country,country,s,AbstractConcepts,0
life,life,c,AbstractConcepts,1
",",",",n,,0
To,to,s,,0
make,make,s,SelfDisclosure,0
me,me,s,SelfDisclosure,1
more,more,s,Comparison,0
in,in,s,Positivity,0
love,love,s,Positivity,1
with,with,s,Positivity,2
it,it,c,,0
.,.,nn,ReportingStates,0
It,it,s,ReportingStates,1
Is,is,s,ReportingStates,2
our,our,s,Fear,0
fear,fear,c,Fear,1
;,;,s,,0
A,a,s,SubjectivePercept,0
life,life,s,SubjectivePercept,1
that,that,s,Confidence,0
is,is,s,Confidence,1
so,so,s,Confidence,2
mean,mean,c,,0
",",",",s,ReasonForward,0
so,so,s,ReasonForward,1
ill,ill,s,Negativity,0
expressed,expressed,n,ReportingEvents,0
As,as,s,,0
needs,needs,s,Insist,0
it,it,s,Insist,0
must,must,s,Insist,1
be,be,c,Insist,2
",",",",s,,0
(,(,c,,0
if,if,s,Contingency,0
imposed,imposed,s,StandardsNeg,0
on,on,s,StandardsNeg,1
us,us,c,StandardsNeg,2
),),n,,0
May,may,s,Contingency,0
make,make,s,Contingency,1
you,you,s,Resistance,0
rather,rather,s,Resistance,1
loath,loath,s,Negative_Relation,0
it,it,c,,0
.,.,nn,,0
I,i,s,Autobio,0
had,had,s,Autobio,1
thought,thought,n,PrivateThinking,0
Courts,courts,s,,0
only,only,s,SubjectivePercept,0
had,had,s,ProjectBack,0
been,been,s,ProjectBack,1
filled,filled,s,SenseProperty,0
with,with,s,SenseProperty,1
complement,complement,c,AbstractConcepts,0
",",",",n,,0
Of,of,s,Specifiers,0
which,which,s,Specifiers,1
I,i,s,FirstPer,0
see,see,c,,0
",",",",s,,0
the,the,s,SenseObject,0
cottage,cottage,s,SenseObject,1
is,is,s,DenyDisclaim,0
not,not,s,DenyDisclaim,1
clear,clear,c,,0
.,.,nn,Imperative,0
Give,give,s,Imperative,1
not,not,s,DenyDisclaim,0
our,our,s,Inclusive,0
simple,simple,s,Confidence,0
truth,truth,c,Confidence,1
",",",",s,,0
and,and,s,,0
fear,fear,s,Fear,0
to,to,s,Fear,1
offend,offend,c,Anger,0
",",",",n,,0
A,a,s,,0
character,character,s,LangRef,0
we,we,s,,0
know,know,s,Uncertainty,0
not,not,s,Uncertainty,1
(,(,c,,0
gracious,gracious,s,StandardsPos,0
Queen,queen,c,PersonProperty,0
),),n,,0
But,but,s,Resistance,0
howsoever,howsoever,c,Intensity,0
",",",",s,,0
if,if,s,Contingency,0
you,you,s,DirectAddress,0
make,make,s,Inclusive,0
us,us,s,Inclusive,1
faulty,faulty,c,StandardsNeg,0
",",",",n,,0
You,you,s,DirectAddress,0
have,have,s,DirectAddress,1
the,the,s,DirectAddress,2
power,power,s,StandardsPos,0
to,to,s,StandardsPos,1
pardon,pardon,c,Positivity,0
.,.,nn,DirectAddress,0
And,and,s,DirectAddress,1
presume,presume,n,ReasonForward,0
That,that,s,ReasonForward,1
Is,is,s,ReportingStates,0
granted,granted,c,Concessive,0
",",",",s,Concessive,1
e're,e're,s,SubjectivePercept,0
the,the,s,Anger,0
offense,offense,s,Anger,1
be,be,c,ReportingStates,0
.,.,nn,Sequence,0
Then,then,s,Sequence,1
thus,thus,c,ReasonForward,0
",",",",s,,0
Madam,madam,c,PersonProperty,0
.,.,n,,0
We,we,s,,0
that,that,s,,0
have,have,s,Updates,0
known,known,s,Updates,1
no,no,s,DenyDisclaim,0
greater,greater,s,Comparison,0
state,state,n,,0
Than,than,s,Comparison,0
this,this,s,,0
we,we,s,Inclusive,0
live,live,s,Inclusive,1
in,in,c,,0
",",",",s,,0
praise,praise,s,StandardsPos,0
our,our,s,Inclusive,0
fate,fate,c,SubjectivePercept,0
:,:,n,,0
For,for,s,,0
Courtly,courtly,s,Positivity,0
silks,silks,s,SenseObject,0
in,in,s,,0
cares,cares,s,SubjectivePercept,0
are,are,s,ReportingStates,0
spent,spent,c,ReportingStates,0
",",",",n,ReportingStates,1
When,when,s,,0
Countries,countries,s,AbstractConcepts,0
russet,russet,s,SenseProperty,0
breeds,breeds,s,AbstractConcepts,0
content,content,c,AbstractConcepts,0
.,.,n,,0
The,the,s,,0
power,power,s,AbstractConcepts,0
of,of,s,AbstractConcepts,1
Scepters,scepters,s,SenseObject,0
we,we,s,,0
admire,admire,c,StandardsPos,0
;,;,n,Resistance,0
But,but,s,Resistance,1
sheep-bookes,sheep-bookes,s,UNRECOGNIZED,0
for,for,s,Inclusive,0
our,our,s,Inclusive,1
use,use,s,ReportingEvents,0
desire,desire,c,Positivity,0
.,.,n,,0
Simple,simple,s,SubjectivePercept,0
and,and,s,,0
low,low,s,AbstractConcepts,0
is,is,s,ReportingStates,0
our,our,s,Inclusive,0
condition,condition,c,AbstractConcepts,0
;,;,n,,0
For,for,s,,0
here,here,s,SpaceRelation,0
with,with,s,Inclusive,0
us,us,s,Inclusive,1
is,is,s,DenyDisclaim,0
no,no,s,DenyDisclaim,1
ambition,ambition,c,ProjectAhead,0
.,.,n,,0
We,we,s,,0
with,with,s,SenseProperty,0
the,the,s,SenseProperty,1
Sun,sun,s,SenseProperty,2
our,our,s,Inclusive,0
flocks,flocks,s,SenseObject,0
unfold,unfold,c,ReportingEvents,0
",",",",n,,0
Whose,whose,s,PersonPronoun,0
rising,rising,s,Motions,0
makes,makes,s,ReportingEvents,0
their,their,s,PersonPronoun,0
fleeces,fleeces,s,SenseObject,0
gold,gold,c,SenseObject,0
.,.,n,,0
"""","""",c,,0
Our,our,s,Inclusive,0
music,music,s,SenseProperty,0
from,from,s,,0
the,the,s,SenseObject,0
birds,birds,s,SenseObject,1
we,we,s,,0
borrow,borrow,c,ReportingEvents,0
;,;,n,,0
"""","""",c,,0
They,they,s,,0
bidding,bidding,s,SubjectivePercept,0
us,us,c,Inclusive,0
",",",",s,,0
we,we,s,,0
them,them,c,,0
",",",",s,,0
good,good,s,OralCues,0
morrow,morrow,c,OralCues,1
.,.,nn,,0
Nay,nay,c,OralCues,0
",",",",s,,0
fair,fair,s,StandardsPos,0
ones,ones,c,Numbers,0
",",",",s,,0
what,what,s,DirectAddress,0
you,you,s,DirectAddress,1
have,have,s,DirectAddress,2
begun,begun,s,ProjectBack,0
in,in,s,,0
song,song,c,SenseObject,0
",",",",n,,0
Continue,continue,s,Updates,0
in,in,s,,0
discourse,discourse,c,AbstractConcepts,0
:,:,s,,0
We,we,s,,0
would,would,s,ProjectBack,0
hear,hear,s,SpaceRelation,0
more,more,n,Comparison,0
Of,of,s,DirectAddress,0
your,your,s,DirectAddress,1
pleased,pleased,s,Positivity,0
life,life,c,AbstractConcepts,0
.,.,nn,,0
Your,your,s,DirectAddress,0
highness,highness,s,CommonAuthorities,0
may,may,s,Contingency,0
command,command,c,CommonAuthorities,0
.,.,n,,0
Our,our,s,Inclusive,0
habits,habits,s,AbstractConcepts,0
are,are,s,Exceptions,0
but,but,s,Exceptions,1
course,course,s,AbstractConcepts,0
and,and,s,,0
plain,plain,c,SenseProperty,0
",",",",n,Resistance,0
Yet,yet,s,Resistance,1
they,they,s,,0
defend,defend,s,Resistance,0
from,from,s,,0
wind,wind,s,SenseProperty,0
and,and,s,SenseProperty,1
rain,rain,c,SenseProperty,2
.,.,n,,0
As,as,s,,0
warm,warm,s,SenseProperty,0
too,too,c,Metadiscourse,0
",",",",s,Metadiscourse,1
in,in,s,,0
an,an,s,,0
equal,equal,s,Comparison,0
eye,eye,n,SenseObject,0
As,as,s,,0
those,those,s,,0
be,be,c,ReportingStates,0
",",",",s,,0
stained,stained,s,SenseProperty,0
in,in,s,,0
Scarlet,scarlet,s,SenseProperty,0
dye,dye,c,SenseObject,0
.,.,n,,0
Those,those,s,AbstractConcepts,0
that,that,s,AbstractConcepts,1
have,have,s,,0
plenty,plenty,s,StandardsPos,0
wear,wear,s,SpaceRelation,0
(,(,c,,0
we,we,s,,0
see,see,c,,0
),),n,,0
But,but,s,Exceptions,0
one,one,s,Exceptions,1
at,at,s,Immediacy,0
once,once,c,Immediacy,1
;,;,s,,0
and,and,s,ReasonForward,0
so,so,s,ReasonForward,1
do,do,s,Question,0
we,we,c,Question,1
.,.,nn,,0
The,the,s,PersonProperty,0
Shepherd,shepherd,s,PersonProperty,1
with,with,s,,0
his,his,s,PersonPronoun,0
homespun,homespun,s,StandardsPos,0
Less,less,n,Comparison,0
As,as,s,,0
many,many,s,,0
merry,merry,s,Positivity,0
hours,hours,s,TimeDuration,0
does,does,s,ReportingEvents,0
pass,pass,c,ReportingEvents,0
",",",",n,,0
As,as,s,,0
Courtiers,courtiers,s,PersonProperty,0
with,with,s,,0
their,their,s,PersonPronoun,0
costly,costly,s,StandardsNeg,0
Girls,girls,c,PersonProperty,0
",",",",n,Concessive,0
Though,though,s,Concessive,1
richly,richly,s,Positivity,0
decked,decked,s,ReportingEvents,0
in,in,s,,0
gold,gold,s,SenseObject,0
and,and,s,,0
pearls,pearls,c,SenseObject,0
:,:,n,,0
And,and,s,,0
though,though,s,Concessive,0
but,but,s,Resistance,0
plain,plain,c,SenseProperty,0
",",",",s,,0
to,to,s,,0
purpose,purpose,s,ProjectAhead,0
woo,woo,c,Positivity,0
",",",",n,,0
Nay,nay,s,OralCues,0
oft-times,oft-times,s,RecurringEvents,0
with,with,s,,0
less,less,s,Comparison,0
danger,danger,s,Fear,0
too,too,c,Metadiscourse,0
.,.,nn,Metadiscourse,1
Those,those,s,AbstractConcepts,0
that,that,s,AbstractConcepts,1
delight,delight,s,Positivity,0
in,in,s,Positivity,1
dainties,dainties,s,PersonProperty,0
store,store,c,SenseObject,0
",",",",n,,0
One,one,s,Numbers,0
stomach,stomach,s,SenseObject,0
feed,feed,s,SenseObject,0
at,at,s,Immediacy,0
once,once,c,Immediacy,1
",",",",s,,0
no,no,s,DenyDisclaim,0
more,more,c,DenyDisclaim,1
.,.,n,DirectAddress,0
And,and,s,DirectAddress,1
when,when,s,TimeShift,0
with,with,s,TimeShift,1
homely,homely,s,Negativity,0
fare,fare,s,SubjectivePercept,0
we,we,s,,0
feast,feast,c,SenseObject,0
",",",",n,,0
With,with,s,Inclusive,0
us,us,s,Inclusive,1
it,it,s,,0
does,does,s,ReportingEvents,0
as,as,s,ReportingEvents,1
well,well,s,SenseObject,0
digest,digest,c,SenseObject,0
:,:,n,,0
And,and,s,,0
many,many,s,RecurringEvents,0
times,times,s,RecurringEvents,1
we,we,s,,0
better,better,s,Comparison,0
speed,speed,c,AbstractConcepts,0
;,;,n,,0
For,for,s,Inclusive,0
our,our,s,Inclusive,1
wild,wild,s,Intensity,0
fruits,fruits,s,SenseObject,0
no,no,s,DenyDisclaim,0
surfets,surfets,s,UNRECOGNIZED,0
breed,breed,c,AbstractConcepts,0
",",",",nn,,0
If,if,s,Contingency,0
we,we,s,,0
sometimes,sometimes,s,Contingency,0
the,the,s,,0
Willow,willow,s,SenseObject,0
wear,wear,c,SpaceRelation,0
",",",",n,,0
By,by,s,,0
subtle,subtle,s,SubjectivePercept,0
Swains,swains,s,PersonProperty,0
that,that,s,,0
dare,dare,s,SubjectivePercept,0
forswear,forswear,c,Negativity,0
.,.,n,,0
We,we,s,,0
wonder,wonder,s,Curiosity,0
whence,whence,s,SpaceRelation,0
it,it,s,,0
comes,comes,c,ReportingEvents,0
",",",",s,,0
and,and,s,,0
fear,fear,c,Fear,0
",",",",n,,0
The,the,s,,0
have,have,s,ProjectBack,0
been,been,s,ProjectBack,1
at,at,s,,0
Court,court,c,AbstractConcepts,0
",",",",s,,0
and,and,s,,0
learned,learned,s,ReportingEvents,0
it,it,s,,0
there,there,c,SpaceRelation,0
.,.,n,SpaceRelation,1
If,if,s,Contingency,0
any,any,s,Contingency,1
Lady,lady,s,PersonProperty,0
then,then,s,,0
shall,shall,s,ProjectAhead,0
please,please,c,Request,0
",",",",n,Request,1
Whose,whose,s,PersonPronoun,0
cheek,cheek,s,SenseObject,0
looks,looks,s,ReportingEvents,0
pale,pale,s,SenseProperty,0
through,through,s,SelfDisclosure,0
my,my,s,SelfDisclosure,1
disease,disease,c,StandardsNeg,0
",",",",n,,0
By,by,s,Uncertainty,0
any,any,s,Uncertainty,1
faithless,faithless,s,StandardsNeg,0
servant,servant,c,PersonProperty,0
",",",",s,,0
or,or,s,,0
false,false,s,Negativity,0
friend,friend,c,Negativity,1
",",",",n,,0
(,(,c,,0
Being,being,s,ReportingStates,0
cured,cured,s,Positivity,0
myself,myself,c,FirstPer,0
),),s,,0
this,this,s,,0
I,i,s,Contingency,0
can,can,s,Contingency,1
give,give,s,,0
or,or,s,,0
lend,lend,c,ReportingEvents,0
.,.,nn,,0
Beleeve't,beleeve't,c,UNRECOGNIZED,0
",",",",s,,0
a,a,s,,0
sweet,sweet,s,SenseProperty,0
conclusion,conclusion,c,Sequence,0
:,:,s,,0
for,for,s,,0
oft-times,oft-times,n,RecurringEvents,0
Such,such,s,Specifiers,0
things,things,s,Specifiers,1
fall,fall,s,Motions,0
out,out,c,Motions,1
.,.,s,Resistance,0
But,but,s,Resistance,1
we,we,s,Inclusive,0
have,have,s,Inclusive,1
further,further,s,AbstractConcepts,0
heard,heard,n,Updates,0
(,(,c,,0
Besides,besides,s,Specifiers,0
what,what,s,,0
now,now,s,Immediacy,0
our,our,s,Inclusive,0
ears,ears,s,SenseObject,0
are,are,s,ReportingStates,0
witness,witness,s,SpaceRelation,0
to,to,c,SpaceRelation,1
),),n,,0
That,that,s,,0
as,as,s,DirectAddress,0
your,your,s,DirectAddress,1
words,words,s,LangRef,0
keep,keep,s,TimeDuration,0
time,time,c,TimeDuration,1
",",",",s,,0
your,your,s,DirectAddress,0
voices,voices,s,SenseObject,0
tune,tune,c,SenseProperty,0
;,;,n,,0
So,so,s,,0
has,has,s,ReportingEvents,0
the,the,s,ReportingEvents,1
curious,curious,s,Curiosity,0
motion,motion,s,AbstractConcepts,0
of,of,s,AbstractConcepts,1
your,your,s,DirectAddress,0
feet,feet,n,SenseObject,0
Been,been,s,ProjectBack,0
taught,taught,s,ReportingEvents,0
to,to,s,,0
know,know,s,Confidence,0
true,true,s,StandardsPos,0
measure,measure,c,AbstractConcepts,0
.,.,s,,0
You,you,s,DirectAddress,0
can,can,s,Contingency,0
dance,dance,c,Motions,0
?,?,nn,Question,0
Yes,yes,s,DirectAddress,0
royal,royal,s,CommonAuthorities,0
Princess,princess,c,PersonProperty,0
",",",",s,,0
as,as,s,,0
we,we,s,,0
sing,sing,s,Motions,0
and,and,s,,0
speak,speak,c,ReportingEvents,0
",",",",n,,0
After,after,s,Sequence,0
such,such,s,Intensity,0
rural,rural,s,AbstractConcepts,0
fashion,fashion,c,SenseObject,0
.,.,nn,,0
If,if,s,Contingency,0
no,no,s,DenyDisclaim,0
worse,worse,c,DenyDisclaim,1
",",",",n,,0
It,it,s,Contingency,0
may,may,s,Contingency,1
become,become,s,Transformation,0
a,a,s,Transformation,1
Theater,theater,s,SenseObject,0
of,of,s,,0
eyes,eyes,c,SenseObject,0
",",",",n,Resistance,0
Yet,yet,s,Resistance,1
wrest,wrest,s,Resistance,0
no,no,s,DenyDisclaim,0
blushes,blushes,s,SenseProperty,0
from,from,s,DirectAddress,0
you,you,c,DirectAddress,1
.,.,s,Request,0
Will,will,s,Request,1
you,you,s,Request,2
then,then,c,TimeShift,0
",",",",n,TimeShift,1
Since,since,s,,0
that,that,s,Inclusive,0
we,we,s,Inclusive,1
parallel,parallel,s,Comparison,0
in,in,s,Specifiers,0
number,number,s,Specifiers,1
thus,thus,c,ReasonForward,0
",",",",n,,0
Help,help,s,Positivity,0
us,us,s,Inclusive,0
to,to,s,,0
fill,fill,s,,0
a,a,s,,0
measure,measure,c,AbstractConcepts,0
?,?,nn,Question,0
So,so,s,ReasonForward,0
we,we,s,ReasonForward,1
thought,thought,n,PrivateThinking,0
There,there,s,,0
might,might,s,Contingency,0
no,no,s,DenyDisclaim,0
jarring,jarring,s,Negativity,0
discords,discords,s,Negative_Relation,0
grow,grow,s,Transformation,0
from,from,s,Transformation,1
us,us,c,Inclusive,0
",",",",n,,0
To,to,s,,0
spoil,spoil,s,Negativity,0
your,your,s,DirectAddress,0
better,better,s,Comparison,0
music,music,c,SenseProperty,0
.,.,nn,,0
No,no,s,DenyDisclaim,0
such,such,s,Intensity,0
fear,fear,c,Fear,0
.,.,n,Imperative,0
Come,come,s,Imperative,1
then,then,c,TimeShift,0
",",",",s,TimeShift,1
such,such,s,Intensity,0
music,music,s,SenseProperty,0
as,as,s,SpaceRelation,0
the,the,s,SpaceRelation,1
place,place,s,SpaceRelation,2
will,will,s,PredictedFuture,0
yield,yield,c,ReportingEvents,0
",",",",n,,0
We,we,s,,0
Will,will,s,PredictedFuture,0
instantly,instantly,s,Immediacy,0
make,make,s,ReportingEvents,0
use,use,s,ReportingEvents,1
of,of,c,ReportingEvents,2
.,.,nn,Imperative,0
Complete,complete,s,Imperative,1
in,in,s,Generalization,0
all,all,c,Generalization,1
:,:,s,,0
You,you,s,DirectAddress,0
have,have,s,DirectAddress,1
made,made,s,Inclusive,0
us,us,s,Inclusive,1
now,now,s,Immediacy,0
Eie-witnes,eie-witnes,n,UNRECOGNIZED,0
Of,of,s,Curiosity,0
what,what,c,Curiosity,1
",",",",s,,0
Relation,relation,s,AbstractConcepts,0
sparingly,sparingly,s,SubjectivePercept,0
has,has,s,,0
spoke,spoke,c,ReportingStates,0
.,.,n,ReportingStates,1
To,to,s,,0
encourage,encourage,s,Positivity,0
which,which,c,,0
",",",",s,,0
and,and,s,,0
that,that,s,,0
so,so,s,Positivity,0
great,great,s,Positivity,1
a,a,s,StandardsPos,0
merit,merit,n,StandardsPos,1
Pass,pass,s,ReportingEvents,0
not,not,s,DenyDisclaim,0
without,without,s,DenyDisclaim,1
some,some,s,Uncertainty,0
meed,meed,c,Positivity,0
",",",",s,,0
receive,receive,s,ReportingEvents,0
these,these,s,Immediacy,0
favors,favors,c,Positivity,0
",",",",n,,0
And,and,s,,0
wear,wear,s,SpaceRelation,0
them,them,s,SpaceRelation,1
for,for,s,Inclusive,0
our,our,s,Inclusive,1
sake,sake,c,SenseObject,0
.,.,n,,0
Time,time,s,,0
bids,bids,s,ReportingEvents,0
us,us,s,Inclusive,0
part,part,c,AbstractConcepts,0
.,.,n,AbstractConcepts,1
Greater,greater,s,Comparison,0
than,than,s,Comparison,1
these,these,s,Immediacy,0
we,we,s,Inclusive,0
have,have,s,Inclusive,1
for,for,s,DirectAddress,0
you,you,s,DirectAddress,1
in,in,s,ProjectAhead,0
store,store,c,ProjectAhead,1
",",",",n,,0
And,and,s,,0
mean,mean,s,,0
hereafter,hereafter,s,ProjectAhead,0
to,to,s,,0
employ,employ,s,ReportingEvents,0
you,you,s,DirectAddress,0
more,more,c,Comparison,0
.,.,nnn,,0
