I,i,s,SelfDisclosure,0
Have,have,s,SelfDisclosure,1
now,now,s,Immediacy,0
taken,taken,s,ProjectBack,0
occasion,occasion,s,AbstractConcepts,0
to,to,s,,0
satisfy,satisfy,s,StandardsPos,0
many,many,c,,0
",",",",s,,0
who,who,s,OpenQuery,0
long,long,s,OpenQuery,1
since,since,s,,0
were,were,s,ProjectBack,0
desirous,desirous,s,Positivity,0
that,that,n,,0
the,the,s,,0
Lords,lords,s,CommonAuthorities,0
mask,mask,s,SenseObject,0
should,should,s,Insist,0
be,be,s,ReportingStates,0
published,published,c,ReportingStates,0
",",",",s,ReportingStates,1
which,which,s,,0
(,(,c,,0
but,but,s,Exceptions,0
for,for,s,Exceptions,1
some,some,s,Uncertainty,0
private,private,s,AbstractConcepts,0
lets,lets,c,ReportingEvents,0
",",",",s,,0
had,had,s,ProjectBack,0
in,in,n,ProjectAhead,0
due,due,s,ProjectAhead,1
time,time,s,ProjectAhead,2
come,come,s,ReportingEvents,0
forth,forth,c,ReportingEvents,1
.,.,s,,0
The,the,s,SpaceRelation,0
Scene,scene,s,SpaceRelation,1
was,was,s,ProjectBack,0
divided,divided,s,ReportingEvents,0
into,into,s,ReportingEvents,1
two,two,s,Numbers,0
parts,parts,s,SceneShift,0
from,from,s,SceneShift,1
the,the,s,SenseObject,0
roof,roof,s,SenseObject,1
to,to,s,,0
the,the,n,SenseObject,0
floor,floor,c,SenseObject,1
",",",",s,,0
the,the,s,Comparison,0
lower,lower,s,Comparison,1
part,part,s,,0
being,being,s,ReportingStates,0
first,first,s,Curiosity,0
discovered,discovered,s,Curiosity,1
(,(,c,,0
upon,upon,s,,0
the,the,s,,0
sound,sound,s,SenseProperty,0
of,of,s,SenseProperty,1
a,a,s,SenseProperty,2
double,double,n,,0
consort,consort,c,Negativity,0
",",",",s,,0
expressed,expressed,s,ReportingEvents,0
by,by,s,,0
several,several,s,Specifiers,0
instruments,instruments,c,AbstractConcepts,0
",",",",s,,0
placed,placed,s,ReportingEvents,0
on,on,s,SpaceRelation,0
either,either,s,SpaceRelation,1
side,side,s,SpaceRelation,2
of,of,s,SpaceRelation,3
the,the,s,SenseObject,0
room,room,c,SenseObject,1
),),n,,0
there,there,s,,0
appeared,appeared,s,Narrative_Verbs,0
a,a,s,Narrative_Verbs,1
Wood,wood,s,SenseObject,0
in,in,s,,0
prospectiue,prospectiue,c,UNRECOGNIZED,0
",",",",s,,0
the,the,s,,0
innermost,innermost,s,SpaceRelation,0
part,part,s,SpaceRelation,1
being,being,s,ReportingStates,0
of,of,s,,0
releaue,releaue,c,UNRECOGNIZED,0
",",",",s,,0
or,or,n,,0
whole,whole,s,,0
round,round,c,SenseProperty,0
",",",",s,,0
the,the,s,,0
rest,rest,s,,0
painted,painted,c,ReportingStates,0
.,.,s,ReportingStates,1
On,on,s,SpaceRelation,0
the,the,s,SpaceRelation,1
left,left,s,SpaceRelation,2
hand,hand,s,SenseObject,0
from,from,s,,0
the,the,s,,0
seat,seat,s,SenseObject,0
was,was,s,ProjectBack,0
a,a,s,ProjectBack,1
Cave,cave,c,SenseObject,0
",",",",s,,0
and,and,n,,0
on,on,s,SpaceRelation,0
the,the,s,SpaceRelation,1
right,right,s,SpaceRelation,2
a,a,s,,0
thicket,thicket,c,SenseObject,0
",",",",s,,0
out,out,s,,0
of,of,s,Specifiers,0
which,which,s,Specifiers,1
came,came,s,ReportingEvents,0
Orpheus,orpheus,c,UNRECOGNIZED,0
",",",",s,,0
who,who,s,ProjectBack,0
was,was,s,ProjectBack,1
attired,attired,s,SenseProperty,0
after,after,s,Sequence,0
the,the,c,Sequence,1
*,*,n,,0
old,old,s,SenseProperty,0
Greek,greek,s,,0
manner,manner,c,AbstractConcepts,0
",",",",s,,0
his,his,s,PersonPronoun,0
hair,hair,s,SenseObject,0
curled,curled,c,ReportingStates,0
",",",",s,ReportingStates,1
and,and,s,,0
long,long,c,SenseProperty,0
;,;,s,,0
a,a,s,,0
laurel,laurel,s,SenseObject,0
wreath,wreath,s,SenseObject,1
on,on,s,SpaceRelation,0
his,his,s,SpaceRelation,1
head,head,c,SpaceRelation,2
;,;,n,,0
and,and,s,,0
in,in,s,Specifiers,0
his,his,s,Specifiers,1
hand,hand,s,SenseObject,0
he,he,s,PersonPronoun,0
bare,bare,s,Disclosure,0
a,a,s,Disclosure,1
silver,silver,s,SenseObject,0
bird,bird,c,SenseObject,0
",",",",s,,0
about,about,s,,0
him,him,s,PersonPronoun,0
tamely,tamely,s,AbstractConcepts,0
placed,placed,s,ReportingEvents,0
several,several,s,Specifiers,0
wild,wild,n,SenseProperty,0
beasts,beasts,c,SenseProperty,1
",",",",s,,0
and,and,s,,0
upon,upon,s,,0
the,the,s,,0
ceasing,ceasing,s,ReportingEvents,0
of,of,s,,0
the,the,s,,0
Consort,consort,s,Negativity,0
Orpheus,orpheus,s,UNRECOGNIZED,0
spoke,spoke,nn,ReportingEvents,0
Again,again,c,RecurringEvents,0
",",",",s,,0
again,again,c,RecurringEvents,0
",",",",s,,0
fresh,fresh,s,SenseProperty,0
kindle,kindle,s,ReportingEvents,0
Phoebus,phoebus,s,UNRECOGNIZED,0
sounds,sounds,c,SenseProperty,0
",",",",n,,0
T'exhale,t'exhale,s,UNRECOGNIZED,0
Mania,mania,s,Intensity,0
from,from,s,,0
her,her,s,PersonPronoun,0
earthie,earthie,s,UNRECOGNIZED,0
den,den,c,SenseObject,0
;,;,n,,0
Allay,allay,s,Positivity,0
the,the,s,,0
fury,fury,s,Anger,0
that,that,s,,0
her,her,s,PersonPronoun,0
sense,sense,s,AbstractConcepts,0
confounds,confounds,c,Negativity,0
",",",",n,,0
And,and,s,,0
call,call,s,ReportingEvents,0
her,her,s,PersonPronoun,0
gently,gently,s,Positivity,0
forth,forth,c,SpaceRelation,0
",",",",s,,0
sound,sound,c,SenseProperty,0
",",",",s,,0
sound,sound,c,SenseProperty,0
",",",",s,,0
again,again,c,RecurringEvents,0
.,.,nn,,0
The,the,s,,0
Consorts,consorts,s,Negativity,0
both,both,s,,0
sound,sound,s,SenseProperty,0
again,again,c,RecurringEvents,0
",",",",s,,0
and,and,s,,0
Mania,mania,s,Intensity,0
the,the,s,,0
Goddess,goddess,s,CommonAuthorities,0
of,of,s,CommonAuthorities,1
madness,madness,s,Negativity,0
appears,appears,n,SubjectivePercept,0
wildly,wildly,s,Intensity,0
out,out,s,,0
of,of,s,,0
her,her,s,PersonPronoun,0
cave,cave,c,SenseObject,0
.,.,s,,0
Her,her,s,PersonPronoun,0
habit,habit,s,RecurringEvents,0
was,was,s,ProjectBack,0
confused,confused,s,Uncertainty,0
and,and,s,,0
strange,strange,c,SubjectivePercept,0
;,;,s,Resistance,0
but,but,s,Resistance,1
yet,yet,s,Resistance,0
graceful,graceful,c,Positive_Attribution,0
",",",",n,,0
she,she,s,PersonPronoun,0
as,as,s,,0
one,one,s,Numbers,0
amazed,amazed,s,Intensity,0
speaks,speaks,nn,,0
What,what,s,,0
powerful,powerful,s,Positivity,0
noise,noise,s,SenseProperty,0
is,is,s,ReportingStates,0
this,this,s,,0
importunes,importunes,s,StandardsNeg,0
me,me,c,FirstPer,0
",",",",n,,0
T'abandon,t'abandon,s,UNRECOGNIZED,0
darkness,darkness,s,SenseProperty,0
which,which,s,,0
my,my,s,FirstPer,0
humor,humor,s,Positivity,0
fits,fits,c,ReportingEvents,0
?,?,n,Question,0
Jove's,jove's,s,UNRECOGNIZED,0
hand,hand,s,Motions,0
in,in,s,Motions,1
it,it,s,,0
I,i,s,SelfDisclosure,0
feel,feel,c,SelfDisclosure,1
",",",",s,,0
and,and,s,,0
ever,ever,s,Biographical_Time,0
he,he,n,Insist,0
Must,must,s,Insist,1
be,be,s,ReportingStates,0
obai'd,obai'd,s,UNRECOGNIZED,0
even,even,s,SubjectivePercept,0
of,of,s,,0
the,the,s,,0
franticst,franticst,s,UNRECOGNIZED,0
wits,wits,c,StandardsPos,0
.,.,nn,,0
Mania,mania,c,Intensity,0
?,?,nn,Question,0
Hah,hah,c,OralCues,0
.,.,nn,,0
Braine-sick,braine-sick,c,UNRECOGNIZED,0
",",",",s,,0
why,why,s,Question,0
start'st,start'st,s,UNRECOGNIZED,0
thou,thou,s,DirectAddress,0
so,so,c,,0
?,?,n,Question,0
Approach,approach,s,AbstractConcepts,0
yet,yet,s,Resistance,0
nearer,nearer,c,SpaceRelation,0
",",",",s,,0
and,and,s,,0
thou,thou,s,DirectAddress,0
then,then,s,,0
shall,shall,s,ProjectAhead,0
know,know,n,Confidence,0
The,the,s,Confidence,1
will,will,s,PredictedFuture,0
of,of,s,,0
Jove,jove,c,,0
",",",",s,Aside,0
which,which,s,Aside,1
he,he,s,Aside,2
will,will,s,PredictedFuture,0
breath,breath,s,SenseObject,0
from,from,s,SelfDisclosure,0
me,me,c,SelfDisclosure,1
",",",",nn,,0
Who,who,s,,0
art,art,s,AbstractConcepts,0
thou,thou,c,DirectAddress,0
?,?,s,Question,0
if,if,s,Contingency,0
my,my,s,FirstPer,0
dazeled,dazeled,s,UNRECOGNIZED,0
eyes,eyes,s,SenseObject,0
can,can,s,Contingency,0
see,see,c,,0
",",",",n,,0
Thou,thou,s,DirectAddress,0
art,art,s,AbstractConcepts,0
the,the,s,,0
sweet,sweet,s,SenseProperty,0
Enchanter,enchanter,s,Positivity,0
heavenly,heavenly,s,Positivity,0
Orpheus,orpheus,c,UNRECOGNIZED,0
.,.,nn,,0
The,the,s,Comparison,0
same,same,s,Comparison,1
Mania,mania,c,Intensity,0
",",",",s,,0
and,and,s,,0
Jove,jove,s,,0
greets,greets,s,SpaceRelation,0
thee,thee,s,DirectAddress,0
thus,thus,c,ReasonForward,0
",",",",n,Concessive,0
Though,though,s,Concessive,1
several,several,s,Specifiers,0
power,power,s,StandardsPos,0
to,to,s,StandardsPos,1
thee,thee,c,DirectAddress,0
",",",",s,,0
and,and,s,,0
charge,charge,s,AbstractConcepts,0
he,he,s,PersonPronoun,0
gave,gave,c,ReportingStates,0
",",",",n,ReportingStates,1
T'enclose,t'enclose,s,UNRECOGNIZED,0
in,in,s,,0
thy,thy,s,DirectAddress,0
Dominions,dominions,s,CommonAuthorities,0
such,such,s,Specifiers,0
as,as,s,Specifiers,1
rave,rave,n,Positivity,0
Through,through,s,,0
bloods,bloods,s,AbstractConcepts,0
distemper,distemper,c,Negativity,0
",",",",s,,0
how,how,s,,0
durst,durst,s,SubjectivePercept,0
thou,thou,s,DirectAddress,0
attempt,attempt,n,ProjectAhead,0
T'imprison,t'imprison,s,UNRECOGNIZED,0
Entheus,entheus,c,UNRECOGNIZED,0
",",",",s,,0
whose,whose,s,PersonPronoun,0
rage,rage,s,Anger,0
is,is,s,ReportingStates,0
exempt,exempt,n,Exceptions,0
From,from,s,Exceptions,1
vulgar,vulgar,s,StandardsNeg,0
censure,censure,c,,0
?,?,s,Question,0
it,it,s,,0
is,is,s,SubjectivePercept,0
all,all,s,SubjectivePercept,1
divine,divine,n,StandardsPos,0
Full,full,s,Specifiers,0
of,of,s,Specifiers,1
celestial,celestial,s,SenseProperty,0
rapture,rapture,c,Positivity,0
",",",",s,,0
that,that,s,Contingency,0
can,can,s,Contingency,1
shine,shine,n,SpaceRelation,0
Through,through,s,SpaceRelation,1
darkest,darkest,s,Comparison,0
shadows,shadows,c,SenseObject,0
",",",",s,,0
therefore,therefore,s,ReasonForward,0
Jove,jove,s,,0
by,by,s,Cause,0
me,me,n,Cause,1
Commands,commands,s,CommonAuthorities,0
thy,thy,s,DirectAddress,0
power,power,s,AbstractConcepts,0
strait,strait,s,AbstractConcepts,0
to,to,s,,0
set,set,s,ReportingEvents,0
Entheus,entheus,s,UNRECOGNIZED,0
free,free,c,StandardsPos,0
.,.,nn,StandardsPos,1
How,how,s,Curiosity,0
can,can,s,Curiosity,1
I,i,c,FirstPer,0
?,?,s,Question,0
Franticks,franticks,c,UNRECOGNIZED,0
",",",",s,,0
with,with,s,,0
him,him,s,PersonPronoun,0
many,many,s,Comparison,0
more,more,n,Comparison,1
In,in,s,,0
one,one,s,Numbers,0
cave,cave,s,SenseObject,0
are,are,s,ReportingStates,0
locked,locked,s,ReportingEvents,0
up,up,c,ReportingEvents,1
",",",",s,,0
open,open,s,,0
once,once,s,TimeShift,0
the,the,s,TimeShift,1
door,door,c,SenseObject,0
",",",",n,Generalization,0
All,all,s,Generalization,1
will,will,s,PredictedFuture,0
fly,fly,s,PredictedFuture,1
out,out,c,,0
",",",",s,,0
and,and,s,,0
through,through,s,,0
the,the,s,,0
world,world,s,AbstractConcepts,0
disturb,disturb,c,Negativity,0
",",",",n,,0
The,the,s,StandardsPos,0
peace,peace,s,StandardsPos,1
of,of,s,StandardsPos,2
Jove,jove,c,,0
;,;,s,,0
for,for,c,,0
",",",",s,,0
what,what,s,,0
power,power,s,AbstractConcepts,0
then,then,s,TimeShift,0
can,can,s,TimeShift,1
curb,curb,n,ReportingEvents,0
Their,their,s,ReportingEvents,1
rainelesse,rainelesse,s,UNRECOGNIZED,0
fury,fury,c,Anger,0
?,?,s,Question,0
--,--,nn,,0
--,--,s,,0
Let,let,s,ReportingEvents,0
not,not,s,DenyDisclaim,0
fear,fear,s,Fear,0
in,in,s,Fear,1
vain,vain,n,Negativity,0
Trouble,trouble,s,Negativity,0
thy,thy,s,DirectAddress,0
crazed,crazed,s,StandardsNeg,0
fancy,fancy,c,SubjectivePercept,0
",",",",s,Generalization,0
all,all,s,Generalization,1
again,again,n,RecurringEvents,0
Save,save,s,StandardsPos,0
Entheus,entheus,s,UNRECOGNIZED,0
to,to,s,,0
thy,thy,s,DirectAddress,0
safeguard,safeguard,s,StandardsPos,0
shall,shall,s,ProjectAhead,0
retire,retire,c,ReportingEvents,0
",",",",n,ReasonForward,0
For,for,s,ReasonForward,1
Jove,jove,s,,0
into,into,s,,0
our,our,s,Inclusive,0
music,music,s,SenseProperty,0
will,will,s,PredictedFuture,0
inspire,inspire,n,StandardsPos,0
The,the,s,,0
power,power,s,AbstractConcepts,0
of,of,s,AbstractConcepts,1
passion,passion,c,SubjectivePercept,0
",",",",s,,0
that,that,s,,0
their,their,s,PersonPronoun,0
thoughts,thoughts,s,PrivateThinking,0
shall,shall,s,ProjectAhead,0
bend,bend,n,SubjectivePercept,0
To,to,s,SubjectivePercept,1
any,any,s,,0
form,form,s,AbstractConcepts,0
or,or,s,,0
motion,motion,s,Motions,0
we,we,s,,0
intend,intend,c,ProjectAhead,0
:,:,n,,0
Obey,obey,s,CommonAuthorities,0
Jove's,jove's,s,UNRECOGNIZED,0
willing,willing,s,SubjectivePercept,0
then,then,c,TimeShift,0
",",",",s,TimeShift,1
go,go,c,ReportingEvents,0
",",",",s,,0
set,set,s,ReportingEvents,0
Entheus,entheus,s,UNRECOGNIZED,0
free,free,c,StandardsPos,0
.,.,nn,StandardsPos,1
I,i,s,FirstPer,0
willing,willing,s,SubjectivePercept,0
go,go,c,ReportingEvents,0
",",",",s,ReasonForward,0
so,so,s,ReasonForward,1
Jove,jove,s,,0
obeyed,obeyed,s,CommonAuthorities,0
must,must,s,Insist,0
be,be,c,ReportingStates,0
.,.,nn,Imperative,0
Let,let,s,Imperative,1
Music,music,s,SenseProperty,0
put,put,s,Transformation,0
on,on,s,Transformation,1
Protean,protean,c,AbstractConcepts,0
*,*,s,,0
changes,changes,s,Transformation,0
now,now,c,Updates,0
",",",",n,Updates,1
Wild,wild,s,SenseProperty,0
beasts,beasts,s,SenseProperty,1
it,it,s,,0
once,once,s,TimeShift,0
tamed,tamed,c,ReportingStates,0
",",",",s,ReportingStates,1
now,now,s,Metadiscourse,0
let,let,s,Metadiscourse,1
Franticks,franticks,s,UNRECOGNIZED,0
bow,bow,c,SenseObject,0
.,.,nn,,0
At,at,s,SpaceRelation,0
the,the,s,SpaceRelation,1
sound,sound,s,SenseProperty,0
of,of,s,SenseProperty,1
a,a,s,SenseProperty,2
strange,strange,s,SubjectivePercept,0
music,music,s,SenseProperty,0
twelve,twelve,s,Numbers,0
Franticks,franticks,s,UNRECOGNIZED,0
enter,enter,c,ReportingEvents,0
",",",",s,,0
six,six,s,Numbers,0
men,men,c,PersonProperty,0
",",",",s,,0
and,and,s,,0
six,six,n,Numbers,0
women,women,c,PersonProperty,0
",",",",s,Generalization,0
all,all,s,Generalization,1
presented,presented,s,ReportingEvents,0
in,in,s,,0
sundry,sundry,s,AbstractConcepts,0
habits,habits,s,AbstractConcepts,0
and,and,s,,0
humors,humors,c,Positivity,0
:,:,s,,0
there,there,s,ProjectBack,0
was,was,s,ProjectBack,1
the,the,s,ProjectBack,2
Lover,lover,c,Positivity,0
",",",",s,,0
the,the,n,,0
Selfe-louer,selfe-louer,c,UNRECOGNIZED,0
",",",",s,,0
the,the,s,,0
melancholicke-man,melancholicke-man,s,UNRECOGNIZED,0
full,full,s,Specifiers,0
of,of,s,Specifiers,1
fear,fear,c,Fear,0
",",",",s,,0
the,the,s,,0
Schoole-man,schoole-man,s,UNRECOGNIZED,0
overcome,overcome,n,Intensity,0
with,with,s,Intensity,1
fantasy,fantasy,c,PrivateThinking,0
",",",",s,,0
the,the,s,,0
ouer-watched,ouer-watched,s,UNRECOGNIZED,0
Usurer,usurer,c,StandardsNeg,0
",",",",s,,0
with,with,s,Inclusive,0
others,others,s,Inclusive,1
that,that,s,,0
made,made,s,ReportingEvents,0
an,an,s,Intensity,0
absolute,absolute,n,Intensity,1
medly,medly,s,UNRECOGNIZED,0
of,of,s,,0
madness,madness,c,Negativity,0
",",",",s,,0
in,in,s,,0
midst,midst,s,SenseProperty,0
of,of,s,SenseProperty,1
whom,whom,s,PersonPronoun,0
Entheus,entheus,s,UNRECOGNIZED,0
(,(,c,,0
or,or,s,,0
Poeticke,poeticke,s,UNRECOGNIZED,0
fury,fury,c,Anger,0
),),s,,0
was,was,s,ProjectBack,0
hurried,hurried,n,ReportingEvents,0
forth,forth,c,SpaceRelation,0
",",",",s,,0
and,and,s,,0
tossed,tossed,s,ReportingEvents,0
up,up,s,Motions,0
and,and,s,Motions,1
down,down,c,Motions,2
",",",",s,,0
till,till,s,AbstractConcepts,0
by,by,s,Specifiers,0
virtue,virtue,s,Specifiers,1
of,of,s,Specifiers,2
a,a,s,Specifiers,3
new,new,s,,0
change,change,s,Transformation,0
in,in,s,Transformation,1
the,the,s,Transformation,2
music,music,c,SenseProperty,0
",",",",n,,0
the,the,s,,0
Lunatickes,lunatickes,s,UNRECOGNIZED,0
fell,fell,s,ReportingEvents,0
into,into,s,ReportingEvents,1
a,a,s,,0
mad,mad,s,Negativity,0
measure,measure,c,AbstractConcepts,0
",",",",s,,0
fitted,fitted,s,ProjectAhead,0
to,to,s,ProjectAhead,1
a,a,s,,0
loud,loud,s,SenseProperty,0
phantasticke,phantasticke,s,UNRECOGNIZED,0
tune,tune,c,SenseProperty,0
",",",",n,Resistance,0
but,but,s,Resistance,1
in,in,s,,0
the,the,s,Sequence,0
end,end,s,Sequence,1
thereof,thereof,s,CommonAuthorities,0
the,the,s,,0
music,music,s,SenseProperty,0
changed,changed,s,Transformation,0
into,into,s,Transformation,1
a,a,s,Intensity,0
very,very,s,Intensity,1
solemn,solemn,s,Intensity,0
air,air,c,ReportingEvents,0
",",",",s,Aside,0
which,which,s,Aside,1
they,they,n,Aside,2
softly,softly,s,SenseProperty,0
played,played,c,SenseProperty,1
",",",",s,,0
while,while,s,TimeDuration,0
Orpheus,orpheus,s,UNRECOGNIZED,0
spoke,spoke,nn,ReportingEvents,0
Through,through,s,,0
these,these,s,Immediacy,0
soft,soft,s,SenseProperty,0
and,and,s,,0
calm,calm,s,Positivity,0
sounds,sounds,s,SenseProperty,0
Mania,mania,s,Intensity,0
pass,pass,n,Motions,0
With,with,s,Motions,1
thy,thy,s,DirectAddress,0
Phantasticks,phantasticks,s,UNRECOGNIZED,0
hence,hence,c,ReasonForward,0
;,;,s,,0
here,here,s,Immediacy,0
is,is,s,Immediacy,1
no,no,s,DenyDisclaim,0
place,place,n,SpaceRelation,0
Longer,longer,s,Comparison,0
for,for,s,SubjectivePercept,0
them,them,s,SubjectivePercept,1
or,or,s,,0
thee,thee,c,DirectAddress,0
;,;,s,,0
Entheus,entheus,s,UNRECOGNIZED,0
alone,alone,n,SpaceRelation,0
Must,must,s,Insist,0
do,do,s,Intensity,0
Jove's,jove's,s,UNRECOGNIZED,0
bidding,bidding,s,SubjectivePercept,0
now,now,c,Updates,0
",",",",s,Updates,1
all,all,s,,0
else,else,s,Contingency,0
be,be,s,ReportingStates,0
gone,gone,c,ReportingStates,0
.,.,nn,ReportingStates,1
During,during,s,TimeDuration,0
this,this,s,,0
speech,speech,c,LangRef,0
",",",",s,,0
Mania,mania,s,Intensity,0
with,with,s,,0
her,her,s,PersonPronoun,0
Franticks,franticks,s,UNRECOGNIZED,0
depart,depart,c,SceneShift,0
",",",",s,,0
leaving,leaving,s,,0
Entheus,entheus,s,UNRECOGNIZED,0
behind,behind,n,SpaceRelation,0
them,them,c,SpaceRelation,1
",",",",s,,0
who,who,s,ProjectBack,0
was,was,s,ProjectBack,1
attired,attired,s,SenseProperty,0
in,in,s,SenseProperty,1
a,a,s,SenseProperty,2
close,close,s,Motions,0
Curace,curace,s,UNRECOGNIZED,0
of,of,s,,0
the,the,s,,0
Anticke,anticke,s,UNRECOGNIZED,0
fashion,fashion,c,SenseObject,0
",",",",s,,0
Bases,bases,s,SenseObject,0
with,with,n,,0
labels,labels,c,SenseObject,0
",",",",s,,0
a,a,s,,0
Roabe,roabe,s,UNRECOGNIZED,0
fastened,fastened,s,SenseProperty,0
to,to,s,SenseProperty,1
his,his,s,PersonPronoun,0
shoulders,shoulders,c,SenseObject,0
",",",",s,,0
and,and,s,,0
hanging,hanging,s,SpaceRelation,0
down,down,s,SpaceRelation,1
behind,behind,c,,0
;,;,s,,0
on,on,s,SpaceRelation,0
his,his,s,SpaceRelation,1
head,head,n,SpaceRelation,2
a,a,s,CommonAuthorities,0
wreath,wreath,s,CommonAuthorities,1
of,of,s,,0
Laurel,laurel,c,StandardsPos,0
",",",",s,,0
out,out,s,,0
of,of,s,Specifiers,0
which,which,s,Specifiers,1
grew,grew,s,Narrative_Verbs,0
a,a,s,Narrative_Verbs,1
pair,pair,s,SenseObject,0
of,of,s,SenseObject,1
wings,wings,c,SenseObject,0
",",",",s,,0
in,in,s,,0
the,the,s,Specifiers,0
one,one,s,Specifiers,1
hand,hand,s,SenseObject,0
he,he,n,PersonPronoun,0
held,held,s,Narrative_Verbs,0
a,a,s,Narrative_Verbs,1
book,book,c,,0
",",",",s,,0
and,and,s,,0
in,in,s,,0
the,the,s,Specifiers,0
other,other,s,Specifiers,1
a,a,s,SenseObject,0
pen,pen,nn,SenseObject,1
Diuinest,diuinest,s,UNRECOGNIZED,0
Orpheus,orpheus,c,UNRECOGNIZED,0
",",",",s,,0
o,o,s,LangRef,0
how,how,s,,0
all,all,s,,0
from,from,s,,0
thee,thee,n,DirectAddress,0
Proceed,proceed,s,Sequence,0
with,with,s,Sequence,1
wondrous,wondrous,s,Curiosity,0
sweetness,sweetness,c,SenseObject,0
",",",",s,,0
am,am,s,Question,0
I,i,s,Question,1
free,free,c,AbstractConcepts,0
?,?,n,Question,0
Is,is,s,ReportingStates,0
my,my,s,FirstPer,0
affliction,affliction,s,Negativity,0
vanished,vanished,c,SpaceRelation,0
?,?,nn,Question,0
--,--,s,,0
Too,too,s,Negativity,0
too,too,s,Negativity,1
long,long,n,SenseProperty,0
Alas,alas,c,Negativity,0
",",",",s,,0
good,good,s,,0
Entheus,entheus,c,UNRECOGNIZED,0
",",",",s,,0
have,have,s,,0
thou,thou,s,DirectAddress,0
brook't,brook't,s,UNRECOGNIZED,0
this,this,s,,0
wrong,wrong,c,StandardsNeg,0
;,;,n,,0
What,what,c,Question,0
?,?,s,Question,1
number,number,s,AbstractConcepts,0
thee,thee,s,DirectAddress,0
with,with,s,,0
madmen,madmen,c,Anger,0
?,?,s,Question,0
o,o,s,LangRef,0
mad,mad,s,Negativity,0
age,age,c,Specifiers,0
",",",",n,,0
Senseless,senseless,s,Negativity,0
of,of,s,,0
thee,thee,c,DirectAddress,0
",",",",s,,0
and,and,s,,0
thy,thy,s,DirectAddress,0
celestial,celestial,s,SenseProperty,0
rage,rage,c,Anger,0
.,.,n,,0
For,for,s,,0
thy,thy,s,DirectAddress,0
excelling,excelling,s,StandardsPos,0
rapture,rapture,c,Positivity,0
",",",",s,,0
even,even,s,SubjectivePercept,0
through,through,s,,0
things,things,n,Uncertainty,0
That,that,s,,0
seems,seems,s,Uncertainty,0
most,most,s,Comparison,0
light,light,c,SenseProperty,0
",",",",s,,0
is,is,s,ReportingStates,0
borne,borne,s,ReportingEvents,0
with,with,s,,0
sacred,sacred,s,StandardsPos,0
wings,wings,c,SenseObject,0
:,:,n,,0
Nor,nor,s,DenyDisclaim,0
are,are,s,DenyDisclaim,1
these,these,s,Immediacy,0
Musicks,musicks,c,UNRECOGNIZED,0
",",",",s,,0
Shows,shows,c,ReportingEvents,0
",",",",s,,0
or,or,s,,0
Revels,revels,s,Positivity,0
vain,vain,c,Negativity,0
",",",",n,,0
When,when,s,,0
thou,thou,s,DirectAddress,0
adorn'st,adorn'st,s,UNRECOGNIZED,0
them,them,s,,0
with,with,s,,0
thy,thy,s,DirectAddress,0
Phoebean,phoebean,s,UNRECOGNIZED,0
brain,brain,c,SenseObject,0
;,;,n,,0
They,they,s,ReportingStates,0
Are,are,s,ReportingStates,1
palate,palate,s,PersonProperty,0
sick,sick,s,Negativity,0
of,of,s,Negativity,1
much,much,s,Intensity,0
more,more,s,Comparison,0
vanity,vanity,c,Negative_Relation,0
",",",",n,,0
That,that,s,,0
cannot,cannot,s,DenyDisclaim,0
taste,taste,s,SenseProperty,0
them,them,s,SenseProperty,1
in,in,s,Specifiers,0
their,their,s,Specifiers,1
dignity,dignity,c,StandardsPos,0
.,.,n,,0
Jove,jove,s,,0
therefore,therefore,s,ReasonForward,0
lets,lets,s,ReportingEvents,0
thy,thy,s,DirectAddress,0
imprisoned,imprisoned,s,StandardsNeg,0
spright,spright,s,Positivity,0
obtain,obtain,n,ReportingEvents,0
Her,her,s,ReportingEvents,1
liberty,liberty,s,StandardsPos,0
and,and,s,,0
fiery,fiery,s,SenseProperty,0
scope,scope,s,AbstractConcepts,0
again,again,c,RecurringEvents,0
:,:,n,,0
And,and,s,Immediacy,0
here,here,s,Immediacy,1
by,by,s,Cause,0
me,me,s,Cause,1
commands,commands,s,CommonAuthorities,0
thee,thee,s,DirectAddress,0
to,to,s,,0
create,create,n,ReportingEvents,0
Inventions,inventions,s,StandardsPos,0
rare,rare,c,Exceptions,0
",",",",s,,0
this,this,s,Immediacy,0
night,night,s,Immediacy,1
to,to,s,Positivity,0
celebrate,celebrate,c,Positivity,1
",",",",n,,0
Such,such,s,Specifiers,0
as,as,s,Specifiers,1
become,become,s,Transformation,0
a,a,s,Transformation,1
nuptial,nuptial,s,GenericEvents,0
by,by,s,,0
his,his,s,PersonPronoun,0
will,will,n,PredictedFuture,0
Begun,begun,s,ProjectBack,0
and,and,s,,0
ended,ended,c,ReportingStates,0
",",",",s,ReportingStates,1
--,--,nn,,0
--,--,s,,0
Jove,jove,s,,0
I,i,s,FirstPer,0
honor,honor,s,StandardsPos,0
still,still,c,Updates,0
",",",",n,,0
And,and,s,,0
must,must,s,Insist,0
obey,obey,c,CommonAuthorities,0
",",",",s,,0
Orpheus,orpheus,s,UNRECOGNIZED,0
I,i,s,SelfDisclosure,0
feel,feel,s,SelfDisclosure,1
the,the,s,SenseObject,0
fires,fires,n,SenseObject,1
Are,are,s,ReportingStates,0
reddy,reddy,s,UNRECOGNIZED,0
in,in,s,,0
my,my,s,FirstPer,0
brain,brain,c,SenseObject,0
",",",",s,Aside,0
which,which,s,Aside,1
Jove,jove,s,,0
enspires,enspires,c,UNRECOGNIZED,0
",",",",n,,0
Lo,lo,c,DirectAddress,0
",",",",s,,0
through,through,s,,0
that,that,s,,0
veil,veil,c,SenseObject,0
",",",",s,,0
I,i,s,FirstPer,0
see,see,s,,0
Prometheus,prometheus,s,UNRECOGNIZED,0
stand,stand,n,AbstractConcepts,0
Before,before,s,Sequence,0
those,those,s,,0
glorious,glorious,s,Positivity,0
lights,lights,c,SenseObject,0
",",",",s,Aside,0
which,which,s,Aside,1
his,his,s,PersonPronoun,0
false,false,s,StandardsNeg,0
hand,hand,n,SenseObject,0
Stole,stole,s,ReportingEvents,0
out,out,s,,0
of,of,s,CommonAuthorities,0
heaven,heaven,c,CommonAuthorities,1
",",",",s,,0
the,the,s,,0
dull,dull,s,SenseProperty,0
earth,earth,s,SpaceRelation,0
to,to,s,,0
inflame,inflame,n,Intensity,0
With,with,s,Intensity,1
the,the,s,,0
affects,affects,s,SubjectivePercept,0
of,of,s,StandardsPos,0
Love,love,c,StandardsPos,1
",",",",s,,0
and,and,s,,0
honored,honored,s,StandardsPos,0
Fame,fame,c,StandardsPos,0
",",",",n,,0
I,i,s,FirstPer,0
view,view,s,ReportingEvents,0
them,them,s,ReportingEvents,1
plain,plain,s,SenseProperty,0
in,in,s,,0
pomp,pomp,s,SenseProperty,0
and,and,s,,0
majesty,majesty,c,CommonAuthorities,0
.,.,n,ReasonForward,0
Such,such,s,ReasonForward,1
as,as,s,ReportingStates,0
being,being,s,ReportingStates,1
seen,seen,s,SpaceRelation,0
might,might,s,Contingency,0
hold,hold,s,,0
riualitie,riualitie,c,UNRECOGNIZED,0
",",",",n,,0
With,with,s,Positivity,0
the,the,s,Positivity,1
best,best,s,Positivity,2
triumphs,triumphs,c,Positivity,0
;,;,s,,0
Orpheus,orpheus,s,UNRECOGNIZED,0
give,give,s,ReportingEvents,0
a,a,s,ReportingEvents,1
call,call,n,ReportingEvents,0
With,with,s,,0
thy,thy,s,DirectAddress,0
charmed,charmed,s,Positivity,0
music,music,c,SenseProperty,0
",",",",s,,0
and,and,s,,0
discover,discover,s,Curiosity,0
all,all,c,Inclusive,0
.,.,nn,Inclusive,1
Fly,fly,s,Motions,0
cheerful,cheerful,s,Positivity,0
voices,voices,c,SenseObject,0
",",",",s,,0
through,through,s,SpaceRelation,0
the,the,s,SpaceRelation,1
air,air,c,SpaceRelation,2
",",",",s,,0
and,and,s,,0
clear,clear,n,,0
These,these,s,Immediacy,0
clouds,clouds,c,SenseObject,0
",",",",s,,0
that,that,s,DirectAddress,0
you,you,s,DirectAddress,1
hid,hid,s,ReportingEvents,0
beauty,beauty,s,StandardsPos,0
may,may,s,Contingency,0
appear,appear,c,Contingency,1
.,.,n,Imperative,0
COme,come,s,Imperative,1
away,away,c,,0
;,;,s,,0
bring,bring,s,,0
thy,thy,s,DirectAddress,0
golden,golden,s,SenseProperty,0
theft,theft,c,Negativity,0
",",",",n,,0
Bring,bring,s,,0
bright,bright,s,Positivity,0
Prometheus,prometheus,s,UNRECOGNIZED,0
all,all,s,,0
thy,thy,s,DirectAddress,0
lights,lights,c,SenseObject,0
",",",",n,,0
Thy,thy,s,DirectAddress,0
fires,fires,s,SenseProperty,0
from,from,s,SenseProperty,1
Heaven,heaven,s,Positivity,0
bereft,bereft,n,Negativity,0
Show,show,s,ReportingEvents,0
now,now,s,Immediacy,0
to,to,s,,0
humane,humane,s,StandardsPos,0
sights,sights,c,SenseProperty,0
.,.,n,Imperative,0
Come,come,s,Imperative,1
quickly,quickly,s,SubjectiveTime,0
come,come,c,ReportingEvents,0
;,;,s,,0
thy,thy,s,DirectAddress,0
stars,stars,s,SenseObject,0
to,to,s,Inclusive,0
our,our,s,Inclusive,1
stars,stars,s,SenseObject,0
straight,straight,s,AbstractConcepts,0
present,present,c,,0
",",",",n,ReasonForward,0
For,for,s,ReasonForward,1
pleasure,pleasure,s,Positivity,0
being,being,s,ReportingStates,0
too,too,s,Negativity,0
much,much,s,Negativity,1
deferred,deferred,c,ReportingStates,0
",",",",s,ReportingStates,1
loses,loses,s,Negativity,0
her,her,s,Negativity,1
best,best,s,Comparison,0
co^te^t,co^te^t,c,UNRECOGNIZED,0
",",",",n,,0
What,what,s,,0
fair,fair,s,StandardsPos,0
dames,dames,s,SenseObject,0
wish,wish,c,SubjectivePercept,0
",",",",s,Future_Question,0
should,should,s,Future_Question,1
swift,swift,s,Resemblances,0
as,as,s,Resemblances,1
their,their,s,SubjectivePercept,0
own,own,s,SubjectivePercept,1
thoughts,thoughts,s,PrivateThinking,0
appear,appear,c,SubjectivePercept,0
",",",",n,,0
To,to,s,,0
loving,loving,s,Positivity,0
and,and,s,,0
to,to,s,,0
longing,longing,s,PrivateThinking,0
hearts,hearts,s,SenseObject,0
every,every,s,RecurringEvents,0
hour,hour,s,RecurringEvents,1
seems,seems,s,Uncertainty,0
a,a,s,TimeDuration,0
year,year,c,TimeDuration,1
.,.,n,Imperative,0
See,see,s,Imperative,1
how,how,s,,0
fair,fair,c,StandardsPos,0
;,;,s,,0
O,o,s,LangRef,0
how,how,s,,0
fair,fair,s,StandardsPos,0
they,they,s,,0
shine,shine,c,SenseProperty,0
",",",",n,,0
What,what,s,,0
yields,yields,s,ReportingEvents,0
more,more,s,Comparison,0
pomp,pomp,s,SenseProperty,0
beneath,beneath,s,SpaceRelation,0
the,the,s,SpaceRelation,1
skies,skies,c,SenseObject,0
?,?,n,Question,0
Their,their,s,Biographical_Time,0
birth,birth,s,Biographical_Time,1
is,is,s,SubjectiveTime,0
yet,yet,s,SubjectiveTime,1
divine,divine,c,StandardsPos,0
",",",",n,,0
And,and,s,,0
such,such,s,Intensity,0
their,their,s,PersonPronoun,0
form,form,s,AbstractConcepts,0
implies,implies,c,ReasonForward,0
.,.,n,,0
Large,large,s,SenseProperty,0
grow,grow,s,ReportingEvents,0
their,their,s,PersonPronoun,0
beams,beams,c,SenseObject,0
",",",",s,,0
their,their,s,PersonPronoun,0
nere,nere,s,UNRECOGNIZED,0
approach,approach,s,AbstractConcepts,0
afford,afford,s,Positivity,0
the^so,the^so,n,UNRECOGNIZED,0
By,by,s,Specifiers,0
nature,nature,s,Specifiers,1
sights,sights,s,SenseProperty,0
that,that,s,,0
pleasing,pleasing,s,Positivity,0
are,are,c,ReportingStates,0
",",",",s,,0
cannot,cannot,s,DenyDisclaim,0
too,too,s,,0
amply,amply,s,StandardsPos,0
show,show,c,ReportingEvents,0
",",",",n,,0
O,o,s,LangRef,0
might,might,s,Contingency,0
these,these,s,Immediacy,0
flames,flames,s,SenseObject,0
in,in,s,,0
humane,humane,s,StandardsPos,0
shapes,shapes,s,AbstractConcepts,0
desce^d,desce^d,s,UNRECOGNIZED,0
this,this,s,SceneShift,0
place,place,c,SceneShift,1
",",",",n,,0
How,how,s,,0
lovely,lovely,s,Positivity,0
would,would,s,ProjectBack,0
their,their,s,PersonPronoun,0
presence,presence,s,AbstractConcepts,0
be,be,c,ReportingStates,0
",",",",s,,0
how,how,s,,0
full,full,s,Specifiers,0
of,of,s,Specifiers,1
grace,grace,c,StandardsPos,0
!,!,nn,,0
In,in,s,,0
the,the,s,Sequence,0
end,end,s,Sequence,1
of,of,s,Sequence,2
the,the,s,,0
first,first,s,Sequence,0
part,part,s,Sequence,1
of,of,s,Sequence,2
this,this,s,,0
Song,song,c,SenseObject,0
",",",",s,,0
the,the,s,Positivity,0
upper,upper,s,Positivity,1
part,part,s,Specifiers,0
of,of,s,Specifiers,1
the,the,s,Specifiers,2
Scene,scene,s,AbstractConcepts,0
was,was,n,Biographical_Time,0
discovered,discovered,s,Biographical_Time,1
by,by,s,Biographical_Time,2
the,the,s,SubjectiveTime,0
sudden,sudden,s,SubjectiveTime,1
fall,fall,s,Sequence,0
of,of,s,Sequence,1
a,a,s,Sequence,2
curtain,curtain,c,Sequence,3
",",",",s,,0
then,then,s,,0
in,in,s,,0
clouds,clouds,s,SenseObject,0
of,of,s,,0
several,several,n,Specifiers,0
colors,colors,s,SenseProperty,0
(,(,c,,0
the,the,s,Positivity,0
upper,upper,s,Positivity,1
part,part,s,,0
of,of,s,,0
them,them,s,,0
being,being,s,ReportingStates,0
fiery,fiery,c,SenseProperty,0
",",",",s,,0
and,and,s,,0
the,the,s,,0
middle,middle,s,AbstractConcepts,0
heightened,heightened,s,Transformation,0
with,with,n,,0
silver,silver,c,SenseObject,0
),),s,,0
appeared,appeared,s,ReportingEvents,0
eight,eight,s,Numbers,0
Stars,stars,s,SenseObject,0
of,of,s,,0
extraordinary,extraordinary,s,Intensity,0
bigness,bigness,c,SenseProperty,0
",",",",s,Aside,0
which,which,s,Aside,1
so,so,s,,0
were,were,n,ProjectBack,0
placed,placed,c,ReportingStates,0
",",",",s,ReportingStates,1
as,as,s,Comparison,0
that,that,s,Comparison,1
they,they,s,Neutral_Attribution,0
seemed,seemed,s,Neutral_Attribution,1
to,to,s,GenericEvents,0
be,be,s,GenericEvents,1
fixed,fixed,s,ReportingEvents,0
between,between,s,,0
the,the,s,,0
Firmament,firmament,s,StandardsPos,0
and,and,s,,0
the,the,s,SpaceRelation,0
Earth,earth,c,SpaceRelation,1
;,;,n,,0
in,in,s,SpaceRelation,0
the,the,s,SpaceRelation,1
front,front,s,SpaceRelation,2
of,of,s,,0
the,the,s,SpaceRelation,0
Scene,scene,s,SpaceRelation,1
stood,stood,s,ReportingEvents,0
Prometheus,prometheus,c,UNRECOGNIZED,0
",",",",s,,0
attyred,attyred,s,UNRECOGNIZED,0
as,as,s,Specifiers,0
one,one,s,Specifiers,1
of,of,s,Specifiers,2
the,the,s,ProjectBack,0
ancient,ancient,n,ProjectBack,1
Heroes,heroes,nn,StandardsPos,0
Patron,patron,s,PersonProperty,0
of,of,s,,0
mankind,mankind,c,AbstractConcepts,0
",",",",s,,0
powerful,powerful,s,Positivity,0
and,and,s,,0
bounteous,bounteous,c,StandardsPos,0
",",",",n,,0
Rich,rich,s,StandardsPos,0
in,in,s,StandardsPos,1
thy,thy,s,DirectAddress,0
flames,flames,c,SenseObject,0
",",",",s,,0
reverend,reverend,s,PersonProperty,0
Prometheus,prometheus,c,UNRECOGNIZED,0
",",",",n,,0
In,in,s,,0
Hymen's,hymen's,s,UNRECOGNIZED,0
place,place,s,SpaceRelation,0
aid,aid,s,Positivity,0
us,us,s,Inclusive,0
to,to,s,,0
solempnize,solempnize,n,UNRECOGNIZED,0
These,these,s,Immediacy,0
royal,royal,s,CommonAuthorities,0
Nuptials,nuptials,c,GenericEvents,0
",",",",s,,0
fill,fill,s,,0
the,the,s,,0
lookers,lookers,s,PersonProperty,0
eyes,eyes,n,SenseObject,0
With,with,s,,0
admiration,admiration,s,StandardsPos,0
of,of,s,,0
thy,thy,s,DirectAddress,0
fire,fire,s,SenseObject,0
and,and,s,,0
light,light,c,SenseProperty,0
",",",",n,,0
And,and,s,,0
from,from,s,,0
thy,thy,s,DirectAddress,0
hand,hand,s,SenseObject,0
let,let,s,ReportingEvents,0
wonders,wonders,s,Curiosity,0
flow,flow,s,Motions,0
to,to,s,,0
night,night,c,,0
.,.,nn,,0
Entheus,entheus,s,UNRECOGNIZED,0
and,and,s,,0
Orpheus,orpheus,s,UNRECOGNIZED,0
names,names,s,LangRef,0
both,both,s,,0
dear,dear,s,SelfDisclosure,0
to,to,s,SelfDisclosure,1
me,me,c,SelfDisclosure,2
",",",",n,,0
In,in,s,Comparison,0
equal,equal,s,Comparison,1
balance,balance,s,AbstractConcepts,0
I,i,s,FirstPer,0
your,your,s,DirectAddress,0
Third,third,s,Sequence,0
will,will,s,PredictedFuture,0
be,be,n,PredictedFuture,1
In,in,s,,0
this,this,s,Immediacy,0
nights,nights,s,Immediacy,1
honor,honor,c,StandardsPos,0
",",",",s,,0
view,view,s,SenseProperty,0
these,these,s,Immediacy,0
heaven,heaven,s,Positivity,0
borne,borne,s,ReportingEvents,0
Stars,stars,c,SenseObject,0
",",",",n,,0
Who,who,s,,0
by,by,s,,0
my,my,s,FirstPer,0
stealth,stealth,s,AbstractConcepts,0
are,are,s,ReportingStates,0
become,become,s,Transformation,0
Sublunars,sublunars,c,UNRECOGNIZED,0
.,.,n,Question,0
How,how,s,Question,1
well,well,s,SenseObject,0
their,their,s,Biographical_Time,0
native,native,s,Biographical_Time,1
beauties,beauties,s,StandardsPos,0
fit,fit,s,ReportingEvents,0
this,this,s,SceneShift,0
place,place,c,SceneShift,1
",",",",n,Aside,0
Which,which,s,Aside,1
with,with,s,Specifiers,0
a,a,s,Specifiers,1
chorall,chorall,s,UNRECOGNIZED,0
danee,danee,s,UNRECOGNIZED,0
they,they,s,,0
first,first,s,Sequence,0
shall,shall,s,ProjectAhead,0
grace,grace,c,StandardsPos,0
",",",",n,,0
Then,then,s,,0
shall,shall,s,ProjectAhead,0
their,their,s,PersonPronoun,0
forms,forms,s,AbstractConcepts,0
to,to,s,,0
humane,humane,s,StandardsPos,0
figures,figures,s,SenseObject,0
turn,turn,c,,0
",",",",n,,0
And,and,s,,0
these,these,s,Immediacy,0
bright,bright,s,Positivity,0
fires,fires,s,SenseObject,0
within,within,s,,0
their,their,s,PersonPronoun,0
bosoms,bosoms,s,SenseProperty,0
burn,burn,c,,0
.,.,n,,0
Orpheus,orpheus,s,UNRECOGNIZED,0
apply,apply,s,ReportingEvents,0
thy,thy,s,DirectAddress,0
music,music,s,SenseProperty,0
for,for,s,,0
it,it,s,,0
well,well,n,SenseObject,0
Helps,helps,s,StandardsPos,0
to,to,s,StandardsPos,1
induce,induce,s,ReportingEvents,0
a,a,s,,0
Courtly,courtly,s,Positivity,0
miracle,miracle,c,Positivity,0
.,.,nn,,0
Sound,sound,s,SenseProperty,0
best,best,s,Positivity,0
of,of,s,Positivity,1
Musicks,musicks,c,UNRECOGNIZED,0
",",",",s,,0
raise,raise,s,ReportingEvents,0
yet,yet,s,Resistance,0
higher,higher,s,Comparison,0
our,our,s,Inclusive,0
sprights,sprights,c,UNRECOGNIZED,0
",",",",n,,0
While,while,s,TimeDuration,0
we,we,s,,0
admire,admire,s,StandardsPos,0
Prometheus,prometheus,s,UNRECOGNIZED,0
dancing,dancing,s,SenseObject,0
lights,lights,c,SenseObject,1
.,.,n,Imperative,0
Advance,advance,s,Imperative,1
your,your,s,DirectAddress,0
Chorall,chorall,s,UNRECOGNIZED,0
motions,motions,s,Motions,0
now,now,n,Immediacy,0
You,you,s,DirectAddress,0
musick-louing,musick-louing,s,UNRECOGNIZED,0
lights,lights,c,SenseObject,0
",",",",n,,0
This,this,s,Immediacy,0
night,night,s,Immediacy,1
concludes,concludes,s,Sequence,0
the,the,s,,0
nuptial,nuptial,s,GenericEvents,0
vow,vow,c,Intensity,0
",",",",n,,0
Make,make,s,ReportingEvents,0
this,this,s,,0
the,the,s,StandardsPos,0
best,best,s,StandardsPos,1
of,of,s,StandardsPos,2
nights,nights,c,,0
",",",",n,ReasonForward,0
So,so,s,ReasonForward,1
bravely,bravely,s,StandardsPos,0
Crown,crown,s,SenseObject,0
it,it,s,,0
with,with,s,DirectAddress,0
your,your,s,DirectAddress,1
beams,beams,c,SenseObject,0
",",",",n,,0
That,that,s,,0
it,it,s,Contingency,0
may,may,s,Contingency,1
live,live,s,SpaceRelation,0
in,in,s,SpaceRelation,1
fame,fame,c,StandardsPos,0
",",",",n,,0
As,as,s,TimeDuration,0
long,long,s,TimeDuration,1
as,as,s,TimeDuration,2
Rhenus,rhenus,s,UNRECOGNIZED,0
or,or,s,,0
the,the,s,,0
Thames,thames,n,,0
Are,are,s,Confidence,0
known,known,s,Confidence,1
by,by,s,Confidence,2
either,either,s,Metadiscourse,0
name,name,c,LangRef,0
.,.,n,,0
Once,once,s,TimeShift,0
move,move,s,Motions,0
again,again,c,RecurringEvents,0
",",",",s,Resistance,0
yet,yet,s,Resistance,1
nearer,nearer,s,SpaceRelation,0
move,move,n,MoveBody,0
Your,your,s,MoveBody,1
forms,forms,s,AbstractConcepts,0
at,at,s,,0
willing,willing,s,SubjectivePercept,0
view,view,c,SenseProperty,0
",",",",n,,0
Such,such,s,Intensity,0
fair,fair,s,StandardsPos,0
effects,effects,s,Consequence,0
of,of,s,Consequence,1
joy,joy,s,Positivity,0
and,and,s,,0
love,love,c,Positivity,0
",",",",n,,0
None,none,s,DenyDisclaim,0
can,can,s,Contingency,0
express,express,s,Citations,0
but,but,s,Resistance,0
you,you,c,DirectAddress,0
",",",",n,,0
Then,then,s,Sequence,0
revel,revel,s,Sequence,1
midst,midst,s,SpaceRelation,0
your,your,s,DirectAddress,0
ayrie,ayrie,s,UNRECOGNIZED,0
Bowres,bowres,n,UNRECOGNIZED,0
Till,till,s,AbstractConcepts,0
all,all,s,Generalization,0
the,the,s,Generalization,1
clouds,clouds,s,SenseObject,0
do,do,s,Intensity,0
sweat,sweat,c,SenseObject,0
",",",",n,,0
That,that,s,,0
pleasure,pleasure,s,Positivity,0
may,may,s,Contingency,0
be,be,s,Contingency,1
powered,powered,s,ReportingEvents,0
in,in,s,,0
showers,showers,n,Motions,0
On,on,s,,0
this,this,s,,0
triumphant,triumphant,s,Positivity,0
Seat,seat,c,SenseObject,0
.,.,n,,0
Long,long,s,ProjectBack,0
since,since,s,ProjectBack,1
has,has,s,,0
lovely,lovely,s,Positivity,0
Flora,flora,s,SenseObject,0
thrown,thrown,n,Narrative_Verbs,0
Her,her,s,Narrative_Verbs,1
Flowers,flowers,s,SenseObject,0
and,and,s,,0
Garlands,garlands,s,SenseObject,0
here,here,c,SpaceRelation,0
",",",",n,SpaceRelation,1
Rich,rich,s,Positivity,0
Ceres,ceres,s,SenseObject,0
all,all,s,Generalization,0
her,her,s,Generalization,1
wealth,wealth,s,Positivity,0
has,has,s,Confidence,0
shown,shown,c,Confidence,1
",",",",n,,0
Proud,proud,s,StandardsPos,0
of,of,s,StandardsPos,1
her,her,s,StandardsPos,2
dainty,dainty,s,PersonProperty,0
cheer,cheer,c,Positivity,0
.,.,n,,0
Changed,changed,s,ReportingEvents,0
then,then,s,TimeShift,0
to,to,s,TimeShift,1
humane,humane,s,StandardsPos,0
shape,shape,s,AbstractConcepts,0
descend,descend,c,SpaceRelation,0
",",",",n,,0
Glad,glad,s,Positivity,0
in,in,s,,0
familiar,familiar,s,PriorKnowledge,0
weed,weed,c,SenseObject,0
.,.,n,,0
That,that,s,,0
every,every,s,Generalization,0
eye,eye,s,SenseObject,0
may,may,s,Contingency,0
here,here,s,SpaceRelation,0
commend,commend,n,StandardsPos,0
The,the,s,StandardsPos,1
kind,kind,s,Positivity,0
delights,delights,s,Positivity,0
you,you,s,DirectAddress,0
breed,breed,c,AbstractConcepts,0
.,.,nn,,0
According,according,s,Citations,0
to,to,s,Citations,1
the,the,s,Citations,2
humor,humor,s,AbstractConcepts,0
of,of,s,AbstractConcepts,1
this,this,s,,0
Song,song,c,SenseObject,0
",",",",s,,0
the,the,s,,0
Stars,stars,s,SenseObject,0
moved,moved,s,SceneShift,0
in,in,s,SceneShift,1
an,an,s,,0
exceeding,exceeding,n,Intensity,0
strange,strange,s,SubjectivePercept,0
and,and,s,,0
delightful,delightful,s,Positivity,0
manner,manner,c,AbstractConcepts,0
",",",",s,,0
and,and,s,,0
I,i,s,FirstPer,0
suppose,suppose,s,Uncertainty,0
few,few,s,SubjectivePercept,0
have,have,s,ReceivedPOV,0
ever,ever,s,ReceivedPOV,1
seen,seen,s,SpaceRelation,0
more,more,s,Comparison,0
neat,neat,n,Positivity,0
artifice,artifice,c,SubjectivePercept,0
",",",",s,,0
then,then,s,Sequence,0
Master,master,s,Sequence,1
Innigoe,innigoe,s,UNRECOGNIZED,0
Jones,jones,s,,0
showed,showed,s,ReportingEvents,0
in,in,s,,0
contriuing,contriuing,s,UNRECOGNIZED,0
their,their,s,PersonPronoun,0
Motion,motion,c,Motions,0
",",",",s,,0
who,who,s,,0
in,in,n,Generalization,0
all,all,s,Generalization,1
the,the,s,Sequence,0
rest,rest,s,Sequence,1
of,of,s,Sequence,2
the,the,s,Sequence,3
workmanship,workmanship,s,StandardsPos,0
which,which,s,,0
belonged,belonged,s,ReportingEvents,0
to,to,s,ReportingEvents,1
the,the,s,ReportingEvents,2
whole,whole,s,,0
invention,invention,c,StandardsPos,0
",",",",s,,0
showed,showed,n,ReportingEvents,0
extraordinary,extraordinary,s,Intensity,0
industry,industry,s,CommonAuthorities,0
and,and,s,,0
skill,skill,c,StandardsPos,0
",",",",s,Aside,0
which,which,s,Aside,1
if,if,s,Contingency,0
it,it,s,Contingency,1
be,be,s,ReportingStates,0
not,not,s,DenyDisclaim,0
as,as,s,DenyDisclaim,1
lively,lively,s,Positivity,0
expressed,expressed,s,ReportingEvents,0
in,in,n,LangRef,0
writing,writing,s,LangRef,1
as,as,s,Specifiers,0
it,it,s,Specifiers,1
appeared,appeared,s,SpaceRelation,0
in,in,s,SpaceRelation,1
view,view,c,SenseProperty,0
",",",",s,,0
rob,rob,s,Negative_Relation,0
not,not,s,DenyDisclaim,0
him,him,s,PersonPronoun,0
of,of,s,,0
his,his,s,SubjectivePercept,0
due,due,c,SubjectivePercept,1
",",",",s,Resistance,0
but,but,s,Resistance,1
lay,lay,s,Anger,0
the,the,s,Anger,1
blame,blame,s,Anger,2
on,on,n,Anger,3
my,my,s,FirstPer,0
want,want,s,ProjectAhead,0
of,of,s,,0
right,right,s,,0
apprehending,apprehending,s,ReportingEvents,0
his,his,s,PersonPronoun,0
instructions,instructions,s,AbstractConcepts,0
for,for,s,,0
the,the,s,,0
adoring,adoring,s,Positivity,0
of,of,s,,0
his,his,s,PersonPronoun,0
Art,art,c,AbstractConcepts,0
.,.,s,Resistance,0
But,but,n,Resistance,1
to,to,s,ProjectAhead,0
return,return,s,ProjectAhead,1
to,to,s,ProjectAhead,2
our,our,s,Inclusive,0
purpose,purpose,c,ProjectAhead,0
;,;,s,,0
about,about,s,,0
the,the,s,Sequence,0
end,end,s,Sequence,1
of,of,s,Sequence,2
this,this,s,,0
Song,song,c,SenseObject,0
",",",",s,,0
the,the,s,,0
Stars,stars,s,SenseObject,0
suddenly,suddenly,n,Immediacy,0
vanished,vanished,c,ReportingStates,0
",",",",s,ReportingStates,1
as,as,s,Resemblances,0
if,if,s,Resemblances,1
they,they,s,ProjectBack,0
had,had,s,ProjectBack,1
been,been,s,ProjectBack,0
drowned,drowned,s,Negativity,0
amongst,amongst,s,SpaceRelation,0
the,the,s,SenseObject,0
Clouds,clouds,c,SenseObject,1
",",",",s,,0
and,and,s,,0
the,the,s,,0
eight,eight,n,Numbers,0
Maskers,maskers,s,PersonProperty,0
appeared,appeared,s,SpaceRelation,0
in,in,s,SpaceRelation,1
their,their,s,PersonPronoun,0
habits,habits,c,AbstractConcepts,0
",",",",s,Aside,0
which,which,s,Aside,1
were,were,s,ProjectBack,0
infinitely,infinitely,s,Intensity,0
rich,rich,c,Positivity,0
",",",",s,,0
befitting,befitting,s,StandardsPos,0
States,states,n,AbstractConcepts,0
(,(,c,,0
such,such,s,Specifiers,0
as,as,s,Specifiers,1
indeed,indeed,s,Intensity,0
they,they,s,Inclusive,0
all,all,s,Inclusive,1
were,were,c,ProjectBack,0
),),s,,0
as,as,s,,0
also,also,s,,0
a,a,s,TimeShift,0
time,time,s,TimeShift,1
so,so,s,Updates,0
far,far,s,Updates,1
heightened,heightened,s,Transformation,0
the,the,s,TimeShift,0
day,day,n,TimeShift,1
before,before,c,TimeShift,2
",",",",s,,0
with,with,s,Generalization,0
all,all,s,Generalization,1
the,the,s,,0
richest,richest,s,Positivity,0
show,show,s,SenseProperty,0
of,of,s,SenseProperty,1
solemnity,solemnity,s,CommonAuthorities,0
that,that,s,Contingency,0
could,could,s,Contingency,1
be,be,s,Contingency,2
invented,invented,c,ReportingStates,0
.,.,s,ReportingStates,1
The,the,n,SenseObject,0
ground,ground,s,SenseObject,1
of,of,s,,0
their,their,s,PersonPronoun,0
attires,attires,s,SenseObject,0
was,was,s,ProjectBack,0
massy,massy,s,Intensity,0
Cloth,cloth,s,SenseObject,0
of,of,s,,0
Silver,silver,c,SenseObject,0
",",",",s,,0
embossed,embossed,s,SenseProperty,0
with,with,s,,0
flames,flames,s,SenseObject,0
of,of,n,,0
Embroidery,embroidery,c,SenseObject,0
",",",",s,,0
on,on,s,,0
their,their,s,PersonPronoun,0
heads,heads,c,SenseObject,0
",",",",s,,0
they,they,s,ProjectBack,0
had,had,s,ProjectBack,1
Crowns,crowns,c,SenseObject,0
",",",",s,,0
Flames,flames,s,SenseObject,0
made,made,s,ReportingEvents,0
all,all,s,Generalization,0
of,of,s,Generalization,1
Gold-plate,gold-plate,n,SenseProperty,0
Enameled,enameled,c,SenseProperty,0
",",",",s,,0
and,and,s,,0
on,on,s,SpaceRelation,0
the,the,s,SpaceRelation,1
top,top,s,SpaceRelation,2
a,a,s,,0
Feather,feather,s,SenseObject,0
of,of,s,,0
Silk,silk,c,SenseObject,0
",",",",s,,0
representing,representing,s,ReportingEvents,0
a,a,s,ReportingEvents,1
cloud,cloud,s,SenseObject,0
of,of,s,,0
smoke,smoke,c,SenseObject,0
.,.,n,Imperative,0
Upon,upon,s,Imperative,1
their,their,s,PersonPronoun,0
new,new,s,,0
transformation,transformation,c,Transformation,0
",",",",s,,0
the,the,s,Specifiers,0
whole,whole,s,Specifiers,1
Scaene,scaene,s,UNRECOGNIZED,0
being,being,s,ReportingStates,0
Clouds,clouds,s,SenseObject,0
dispersed,dispersed,c,ReportingStates,0
",",",",s,ReportingStates,1
and,and,n,,0
there,there,s,,0
appeared,appeared,s,Narrative_Verbs,0
an,an,s,Narrative_Verbs,1
Element,element,s,AbstractConcepts,0
of,of,s,AbstractConcepts,1
artificial,artificial,s,SubjectivePercept,0
fires,fires,c,SenseObject,0
",",",",s,,0
with,with,s,Specifiers,0
several,several,s,Specifiers,1
circles,circles,s,SenseProperty,0
of,of,n,SenseProperty,1
lights,lights,c,SenseObject,0
",",",",s,,0
in,in,s,,0
continual,continual,s,RecurringEvents,0
motion,motion,c,Motions,0
",",",",s,,0
representing,representing,s,ReportingEvents,0
the,the,s,ReportingEvents,1
house,house,s,SenseObject,0
of,of,s,,0
Prometheus,prometheus,c,UNRECOGNIZED,0
",",",",s,,0
who,who,s,Question,0
then,then,n,Question,1
thus,thus,s,ReasonForward,0
applies,applies,s,ReportingEvents,0
his,his,s,PersonPronoun,0
speech,speech,s,LangRef,0
to,to,s,,0
the,the,s,,0
Maskers,maskers,nn,PersonProperty,0
They,they,s,ReportingStates,0
are,are,s,ReportingStates,1
transformed,transformed,c,ReportingStates,0
.,.,nn,ReportingStates,1
So,so,c,AbstractConcepts,0
",",",",s,AbstractConcepts,1
pause,pause,s,TimeDuration,0
awhile,awhile,c,TimeDuration,0
",",",",s,,0
and,and,s,,0
come,come,s,ReportingEvents,0
ye,ye,s,OralCues,0
fiery,fiery,s,SenseProperty,0
spirits,spirits,c,SubjectivePercept,0
",",",",n,,0
Break,break,s,Transformation,0
forth,forth,s,Transformation,1
the,the,s,,0
earth-like,earth-like,s,UNRECOGNIZED,0
sparks,sparks,s,SenseProperty,0
to,to,s,,0
attend,attend,s,SpaceRelation,0
these,these,s,Immediacy,0
Knights,knights,c,PersonProperty,0
.,.,nn,,0
Sixteen,sixteen,s,Numbers,0
Pages,pages,s,SenseObject,0
like,like,s,SubjectivePercept,0
fiery,fiery,s,SenseProperty,0
spirits,spirits,c,SubjectivePercept,0
",",",",s,Generalization,0
all,all,s,Generalization,1
their,their,s,PersonPronoun,0
attires,attires,s,SenseObject,0
bing,bing,s,SpaceRelation,0
alike,alike,s,Inclusive,0
composed,composed,s,ReportingStates,0
of,of,n,ReportingStates,1
flames,flames,c,SenseObject,0
",",",",s,,0
with,with,s,,0
fiery,fiery,s,SenseProperty,0
Wings,wings,s,SenseObject,0
and,and,s,,0
Bases,bases,c,SenseObject,0
",",",",s,,0
bearing,bearing,s,AbstractConcepts,0
in,in,s,,0
either,either,s,Metadiscourse,0
hand,hand,s,SenseObject,0
a,a,s,SenseObject,0
Torch,torch,s,SenseObject,1
of,of,s,,0
Virgin,virgin,n,SenseObject,0
Wax,wax,c,SenseObject,1
",",",",s,,0
come,come,s,ReportingEvents,0
forth,forth,s,ReportingEvents,1
below,below,s,AbstractConcepts,0
dancing,dancing,s,Motions,0
a,a,s,ProjectAhead,0
likely,likely,s,ProjectAhead,1
measure,measure,c,AbstractConcepts,0
",",",",s,,0
and,and,s,,0
the,the,s,GenericEvents,0
Dance,dance,s,GenericEvents,1
being,being,s,ReportingStates,0
ended,ended,c,ReportingStates,0
",",",",n,ReportingStates,1
Prometheus,prometheus,s,UNRECOGNIZED,0
speaks,speaks,s,ReportingEvents,0
to,to,s,ReportingEvents,1
them,them,s,,0
from,from,s,SpaceRelation,0
above,above,nn,SpaceRelation,1
The,the,s,,0
Torch-bearers,torch-bearers,s,UNRECOGNIZED,0
Dance,dance,c,Motions,0
.,.,nn,,0
VVAit,vvait,s,UNRECOGNIZED,0
spirits,spirits,s,SubjectivePercept,0
wait,wait,c,ProjectAhead,0
",",",",s,,0
while,while,s,TimeDuration,0
through,through,s,,0
the,the,s,SenseObject,0
clouds,clouds,s,SenseObject,1
we,we,n,,0
And,and,s,,0
by,by,s,,0
descending,descending,s,SpaceRelation,0
gain,gain,s,,0
a,a,s,,0
hier,hier,s,UNRECOGNIZED,0
place,place,c,SpaceRelation,0
.,.,s,,0
(,(,c,,0
pace,pace,c,,0
",",",",nn,,0
The,the,s,,0
Pages,pages,s,SenseObject,0
return,return,s,RecurringEvents,0
toward,toward,s,SpaceRelation,0
the,the,s,SpaceRelation,1
Scaene,scaene,c,UNRECOGNIZED,0
",",",",s,,0
to,to,s,,0
give,give,s,,0
their,their,s,GenericEvents,0
attendance,attendance,s,GenericEvents,1
to,to,s,,0
the,the,s,,0
Maskers,maskers,n,PersonProperty,0
with,with,s,,0
their,their,s,PersonPronoun,0
lights,lights,c,SenseObject,0
:,:,s,,0
from,from,s,SpaceRelation,0
the,the,s,SpaceRelation,1
side,side,s,SpaceRelation,2
of,of,s,,0
the,the,s,,0
Scaene,scaene,s,UNRECOGNIZED,0
appeared,appeared,s,Narrative_Verbs,0
a,a,s,Narrative_Verbs,1
bright,bright,s,Positivity,0
and,and,n,Positivity,1
transparant,transparant,s,UNRECOGNIZED,0
cloud,cloud,c,SenseObject,0
",",",",s,Aside,0
which,which,s,Aside,1
reached,reached,s,SpaceRelation,0
from,from,s,SpaceRelation,1
the,the,s,SpaceRelation,2
top,top,s,SpaceRelation,0
of,of,s,SpaceRelation,1
the,the,s,,0
heavens,heavens,s,Positivity,0
to,to,s,,0
the,the,s,SpaceRelation,0
earth,earth,c,SpaceRelation,1
:,:,s,,0
on,on,n,,0
this,this,s,,0
cloud,cloud,s,Negativity,0
the,the,s,Negativity,1
Maskers,maskers,s,PersonProperty,0
led,led,s,ReportingStates,0
by,by,s,ReportingStates,1
Prometheus,prometheus,c,UNRECOGNIZED,0
",",",",s,,0
descended,descended,s,ReportingEvents,0
with,with,s,Specifiers,0
the,the,s,Specifiers,1
music,music,s,SenseProperty,0
of,of,s,SenseProperty,1
a,a,s,,0
full,full,n,,0
song,song,c,SenseObject,0
;,;,s,,0
and,and,s,,0
at,at,s,Sequence,0
the,the,s,Sequence,1
end,end,s,Sequence,2
of,of,s,Sequence,3
their,their,s,PersonPronoun,0
descent,descent,c,SpaceRelation,0
",",",",s,,0
the,the,s,SenseObject,0
cloud,cloud,s,SenseObject,1
brake,brake,s,SenseObject,0
in,in,s,Specifiers,0
twain,twain,c,Specifiers,1
",",",",s,,0
and,and,s,,0
one,one,s,Numbers,0
part,part,n,,0
of,of,s,,0
it,it,s,,0
(,(,c,Aside,0
as,as,s,Aside,1
with,with,s,SpaceRelation,0
a,a,s,SpaceRelation,1
wind,wind,c,SpaceRelation,2
),),s,,0
was,was,s,ProjectBack,0
blown,blown,s,ReportingEvents,0
overthwart,overthwart,s,UNRECOGNIZED,0
the,the,s,,0
Scaene,scaene,nn,UNRECOGNIZED,0
While,while,s,TimeDuration,0
this,this,s,,0
cloud,cloud,s,SenseObject,0
was,was,s,ProjectBack,0
vanishing,vanishing,c,SpaceRelation,0
",",",",s,,0
the,the,s,SenseObject,0
wood,wood,s,SenseObject,1
being,being,s,ReportingStates,0
the,the,s,ReportingStates,1
vnder-part,vnder-part,s,UNRECOGNIZED,0
of,of,s,,0
the,the,s,,0
Scaene,scaene,c,UNRECOGNIZED,0
",",",",n,,0
was,was,s,ProjectBack,0
insensibly,insensibly,s,SubjectivePercept,0
changed,changed,c,ReportingStates,0
",",",",s,ReportingStates,1
and,and,s,,0
in,in,s,Motions,0
place,place,s,Motions,1
thereof,thereof,s,CommonAuthorities,0
appeared,appeared,s,ReportingEvents,0
four,four,s,Numbers,0
Noble,noble,s,StandardsPos,0
women-statues,women-statues,n,UNRECOGNIZED,0
of,of,s,,0
silver,silver,c,SenseObject,0
",",",",s,,0
standing,standing,s,SpaceRelation,0
in,in,s,SpaceRelation,1
several,several,s,Specifiers,0
nices,nices,c,UNRECOGNIZED,0
",",",",s,,0
accompanied,accompanied,s,SpaceRelation,0
with,with,s,SpaceRelation,1
ornaments,ornaments,s,SenseObject,0
of,of,n,,0
Architecture,architecture,c,AbstractConcepts,0
",",",",s,Aside,0
which,which,s,Aside,1
filled,filled,s,ReportingEvents,0
all,all,s,Generalization,0
the,the,s,Generalization,1
end,end,s,TimeShift,0
of,of,s,TimeShift,1
the,the,s,SenseObject,0
house,house,c,SenseObject,1
",",",",s,,0
and,and,s,,0
seemed,seemed,s,PrivateThinking,0
to,to,s,PrivateThinking,1
be,be,s,ReportingStates,0
all,all,s,Generalization,0
of,of,n,Generalization,1
gold-smithes,gold-smithes,s,UNRECOGNIZED,0
work,work,c,GenericEvents,0
.,.,s,Sequence,0
The,the,s,Sequence,1
first,first,s,Sequence,2
order,order,s,AbstractConcepts,0
consisted,consisted,s,ReportingStates,0
of,of,s,ReportingStates,1
Pillasters,pillasters,s,UNRECOGNIZED,0
all,all,s,Generalization,0
of,of,s,Generalization,1
gold,gold,c,SenseObject,0
",",",",s,,0
set,set,n,ReportingEvents,0
with,with,s,,0
Rubies,rubies,c,SenseObject,0
",",",",s,,0
Saphyrs,saphyrs,c,UNRECOGNIZED,0
",",",",s,,0
Emeralds,emeralds,c,SenseObject,0
",",",",s,,0
Opals,opals,c,SenseObject,0
",",",",s,,0
and,and,s,,0
such,such,s,Resemblances,0
like,like,c,Resemblances,1
.,.,s,,0
The,the,s,,0
Capitels,capitels,s,UNRECOGNIZED,0
were,were,n,ProjectBack,0
composed,composed,c,ReportingStates,0
",",",",s,ReportingStates,1
and,and,s,,0
of,of,s,,0
a,a,s,Updates,0
new,new,s,Updates,1
invention,invention,c,StandardsPos,0
.,.,s,,0
Over,over,s,,0
this,this,s,ProjectBack,0
was,was,s,ProjectBack,1
a,a,s,,0
bastard,bastard,s,Anger,0
order,order,s,AbstractConcepts,0
with,with,s,,0
Cartouses,cartouses,n,UNRECOGNIZED,0
reuersed,reuersed,c,UNRECOGNIZED,0
",",",",s,,0
coming,coming,s,SceneShift,0
from,from,s,SceneShift,1
the,the,s,SceneShift,2
Capitels,capitels,s,UNRECOGNIZED,0
of,of,s,,0
every,every,s,Generalization,0
Pillaster,pillaster,c,UNRECOGNIZED,0
",",",",s,Aside,0
which,which,s,Aside,1
made,made,s,ReportingEvents,0
the,the,s,Positivity,0
upper,upper,n,Positivity,1
part,part,s,,0
rich,rich,s,Positivity,0
and,and,s,,0
full,full,s,Specifiers,0
of,of,s,Specifiers,1
ornament,ornament,c,SenseObject,0
.,.,s,,0
Over,over,s,,0
every,every,s,Generalization,0
statue,statue,s,SenseObject,0
was,was,s,ProjectBack,0
placed,placed,s,Narrative_Verbs,0
a,a,s,Narrative_Verbs,1
history,history,s,AbstractConcepts,0
in,in,s,,0
gold,gold,c,SenseObject,0
",",",",n,Aside,0
which,which,s,Aside,1
seemed,seemed,s,PrivateThinking,0
to,to,s,PrivateThinking,1
be,be,s,ReportingStates,0
of,of,s,,0
base,base,s,AbstractConcepts,0
releaue,releaue,c,UNRECOGNIZED,0
;,;,s,,0
the,the,s,,0
conceits,conceits,s,SubjectivePercept,0
which,which,s,,0
were,were,s,ProjectBack,0
figured,figured,s,ReportingEvents,0
in,in,s,ReportingEvents,1
them,them,n,,0
were,were,s,ProjectBack,0
these,these,c,Immediacy,0
.,.,s,,0
In,in,s,,0
the,the,s,,0
first,first,s,Sequence,0
was,was,s,ProjectBack,0
Prometheus,prometheus,c,UNRECOGNIZED,0
",",",",s,,0
embossing,embossing,s,SpaceRelation,0
in,in,s,,0
clay,clay,s,SenseObject,0
the,the,s,,0
figure,figure,s,SenseObject,0
of,of,s,,0
a,a,n,PersonProperty,0
woman,woman,c,PersonProperty,1
",",",",s,,0
in,in,s,Immediacy,0
the,the,s,Immediacy,1
second,second,s,Immediacy,2
he,he,s,PersonPronoun,0
was,was,s,ProjectBack,0
represented,represented,s,ReportingEvents,0
stealing,stealing,s,Negativity,0
fire,fire,s,SenseProperty,0
from,from,s,SenseProperty,1
the,the,s,,0
chariot-wheele,chariot-wheele,n,UNRECOGNIZED,0
of,of,s,,0
the,the,s,SenseObject,0
Sun,sun,c,SenseObject,1
:,:,s,,0
in,in,s,,0
the,the,s,,0
third,third,c,Sequence,0
",",",",s,Sequence,1
he,he,s,Updates,0
is,is,s,Updates,1
expressed,expressed,s,ReportingEvents,0
putting,putting,s,,0
life,life,s,GenericEvents,0
with,with,s,GenericEvents,1
this,this,s,,0
fire,fire,s,SenseObject,0
into,into,s,Transformation,0
his,his,n,Transformation,1
figure,figure,s,SenseObject,0
of,of,s,,0
clay,clay,c,SenseObject,0
;,;,s,,0
and,and,s,,0
in,in,s,,0
the,the,s,,0
fourth,fourth,s,Sequence,0
square,square,c,SenseProperty,0
",",",",s,,0
Jupiter,jupiter,s,UNRECOGNIZED,0
enraged,enraged,c,Anger,0
",",",",s,,0
turns,turns,s,,0
these,these,s,Immediacy,0
new,new,n,,0
made,made,s,ReportingEvents,0
women,women,s,PersonProperty,0
into,into,s,,0
statues,statues,c,SenseObject,0
.,.,s,,0
Above,above,s,Intensity,0
all,all,c,Intensity,1
",",",",s,ReasonForward,0
for,for,s,ReasonForward,1
finishing,finishing,c,Sequence,0
",",",",s,,0
ran,ran,s,Narrative_Verbs,0
a,a,s,Narrative_Verbs,1
Cornish,cornish,c,AbstractConcepts,0
",",",",s,Aside,0
which,which,n,Aside,1
returned,returned,s,ReportingEvents,0
over,over,s,,0
every,every,s,Generalization,0
Pillaster,pillaster,c,UNRECOGNIZED,0
",",",",s,,0
seeming,seeming,s,SubjectivePercept,0
all,all,s,SubjectivePercept,1
of,of,s,,0
gold,gold,s,SenseObject,0
and,and,s,,0
richly,richly,s,Positivity,0
carved,carved,nn,ReportingEvents,0
SVpported,svpported,s,UNRECOGNIZED,0
now,now,s,Sequence,0
by,by,s,Sequence,1
Clouds,clouds,s,SenseObject,0
descend,descend,c,SpaceRelation,0
",",",",n,,0
Divine,divine,s,StandardsPos,0
Prometheus,prometheus,c,UNRECOGNIZED,0
",",",",s,,0
Hymen's,hymen's,s,UNRECOGNIZED,0
friend,friend,c,StandardsPos,0
",",",",n,,0
Lead,lead,s,,0
down,down,s,Motions,0
the,the,s,Motions,1
new,new,s,,0
transformed,transformed,s,Transformation,0
fires,fires,c,SenseObject,0
",",",",n,,0
And,and,s,,0
fill,fill,s,,0
their,their,s,PersonPronoun,0
breasts,breasts,s,SenseObject,0
with,with,s,,0
loves,loves,s,Positivity,0
desires,desires,c,Positivity,0
:,:,n,,0
That,that,s,,0
they,they,s,,0
may,may,s,Contingency,0
revel,revel,s,Positivity,0
with,with,s,Positivity,0
delight,delight,c,Positivity,1
",",",",n,,0
And,and,s,,0
celebrate,celebrate,s,Positivity,0
this,this,s,,0
nuptial,nuptial,s,GenericEvents,0
night,night,c,,0
",",",",n,ReasonForward,0
So,so,s,ReasonForward,1
celebrate,celebrate,s,Positivity,0
this,this,s,,0
nuptial,nuptial,s,GenericEvents,0
night,night,c,,0
",",",",n,,0
That,that,s,Generalization,0
all,all,s,Generalization,1
which,which,s,Aside,0
see,see,s,Aside,1
may,may,s,Contingency,0
stay,stay,c,TimeDuration,0
.,.,n,,0
They,they,s,Biographical_Time,0
never,never,s,Biographical_Time,1
viewed,viewed,s,ReportingEvents,0
so,so,s,,0
fair,fair,s,ReportingEvents,0
a,a,s,ReportingEvents,1
sight,sight,c,SenseProperty,0
",",",",n,,0
Even,even,s,SubjectivePercept,0
on,on,s,,0
the,the,s,,0
cleerest,cleerest,s,UNRECOGNIZED,0
day,day,c,TimeDuration,0
.,.,n,,0
While,while,s,TimeDuration,0
this,this,s,,0
Song,song,s,SenseObject,0
is,is,s,ReportingStates,0
sung,sung,c,ReportingStates,0
",",",",s,ReportingStates,1
and,and,s,,0
the,the,s,,0
Maskers,maskers,s,PersonProperty,0
court,court,s,Positivity,0
the,the,s,Positivity,1
four,four,s,Numbers,0
new,new,s,,0
transformed,transformed,n,Transformation,0
Ladies,ladies,c,PersonProperty,0
",",",",s,,0
four,four,s,Numbers,0
other,other,s,Specifiers,0
Statues,statues,s,SenseObject,0
appear,appear,s,SpaceRelation,0
in,in,s,SpaceRelation,1
their,their,s,PersonPronoun,0
places,places,nn,SpaceRelation,0
See,see,c,,0
",",",",s,,0
see,see,s,,0
Prometheus,prometheus,c,UNRECOGNIZED,0
",",",",s,,0
four,four,s,Numbers,0
of,of,s,,0
these,these,s,Immediacy,0
first,first,s,Sequence,0
dames,dames,n,SenseObject,0
Which,which,s,,0
thou,thou,s,DirectAddress,0
long,long,s,ProjectBack,0
since,since,s,ProjectBack,1
out,out,s,,0
of,of,s,,0
thy,thy,s,DirectAddress,0
purchac't,purchac't,s,UNRECOGNIZED,0
flames,flames,c,SenseObject,0
",",",",n,,0
Did,did,s,ReportingEvents,0
forge,forge,s,ReportingEvents,0
with,with,s,,0
heavenly,heavenly,s,Positivity,0
fire,fire,c,SenseObject,0
",",",",s,,0
as,as,s,TimeDuration,0
they,they,s,TimeDuration,1
were,were,s,Biographical_Time,0
then,then,c,Biographical_Time,1
",",",",n,,0
By,by,s,,0
Jove,jove,s,,0
transformed,transformed,s,Transformation,0
to,to,s,,0
Statues,statues,c,SenseObject,0
",",",",s,ReasonForward,0
so,so,s,ReasonForward,1
again,again,c,RecurringEvents,0
",",",",n,,0
They,they,s,,0
suddenly,suddenly,s,SpaceRelation,0
appear,appear,s,SpaceRelation,1
by,by,s,,0
his,his,s,PersonPronoun,0
command,command,n,CommonAuthorities,0
At,at,s,,0
thy,thy,s,DirectAddress,0
arrival,arrival,c,SceneShift,0
",",",",s,,0
Lo,lo,s,DirectAddress,0
how,how,s,,0
fixed,fixed,s,ReportingEvents,0
they,they,s,,0
stand,stand,c,AbstractConcepts,0
",",",",n,ReasonForward,0
So,so,s,ReasonForward,1
did,did,s,ReportingEvents,0
Jove's,jove's,s,UNRECOGNIZED,0
wrath,wrath,s,Anger,0
too,too,s,Negativity,0
long,long,c,Negativity,1
",",",",s,Resistance,0
but,but,s,Resistance,1
now,now,s,Immediacy,0
at,at,s,SubjectiveTime,0
last,last,c,SubjectiveTime,1
",",",",n,,0
It,it,s,,0
by,by,s,Motions,0
degrees,degrees,s,Motions,1
relents,relents,c,Negativity,0
",",",",s,,0
and,and,s,,0
he,he,s,Neutral_Attribution,0
has,has,s,Neutral_Attribution,1
placed,placed,n,ReportingEvents,0
These,these,s,Immediacy,0
Statues,statues,c,SenseObject,0
",",",",s,,0
that,that,s,Inclusive,0
we,we,s,Inclusive,1
might,might,s,Contingency,0
his,his,s,PersonPronoun,0
aid,aid,s,Positivity,0
implore,implore,c,SubjectivePercept,0
",",",",n,,0
First,first,s,Sequence,0
for,for,s,Intensity,0
the,the,s,Intensity,1
life,life,s,Intensity,2
of,of,s,Intensity,3
these,these,c,Immediacy,0
",",",",s,Immediacy,1
and,and,s,Sequence,0
then,then,s,Sequence,1
for,for,s,,0
more,more,c,Comparison,0
.,.,nn,,0
Entheus,entheus,c,UNRECOGNIZED,0
",",",",s,,0
Thy,thy,s,DirectAddress,0
councels,councels,s,UNRECOGNIZED,0
are,are,s,ReportingStates,0
divine,divine,s,StandardsPos,0
and,and,s,,0
just,just,c,Intensity,0
",",",",n,,0
Let,let,s,ReportingEvents,0
Orpheus,orpheus,s,UNRECOGNIZED,0
deck,deck,s,SenseObject,0
thy,thy,s,DirectAddress,0
Hymn,hymn,c,SenseObject,0
",",",",s,ReasonForward,0
since,since,s,ReasonForward,1
pray,pray,s,Intensity,0
we,we,s,Insist,0
must,must,c,Insist,1
.,.,nn,,0
Powerful,powerful,s,Positivity,0
Jove,jove,c,,0
",",",",s,,0
that,that,s,,0
of,of,s,,0
bright,bright,s,SenseObject,0
stars,stars,c,SenseObject,1
",",",",n,,0
Now,now,s,Updates,0
have,have,s,Updates,1
made,made,s,ReportingEvents,0
men,men,s,PersonProperty,0
fit,fit,s,StandardsPos,0
for,for,s,StandardsPos,1
wars,wars,c,GenericEvents,0
;,;,n,,0
Thy,thy,s,DirectAddress,0
power,power,s,AbstractConcepts,0
in,in,s,,0
these,these,s,Immediacy,0
Statues,statues,s,SenseObject,0
prove,prove,c,Confidence,0
",",",",n,,0
And,and,s,,0
make,make,s,ReportingEvents,0
them,them,s,,0
women,women,s,PersonProperty,0
fit,fit,s,StandardsPos,0
for,for,s,StandardsPos,1
love,love,c,Positivity,0
.,.,n,Imperative,0
See,see,s,Imperative,1
Jove,jove,s,,0
is,is,s,Positivity,0
pleased,pleased,c,Positivity,1
",",",",s,,0
Statues,statues,s,SenseObject,0
have,have,s,,0
life,life,s,AbstractConcepts,0
and,and,s,,0
move,move,c,Motions,0
",",",",n,,0
Go,go,s,ReportingEvents,0
newborn,newborn,s,PersonProperty,0
men,men,c,PersonProperty,0
",",",",s,,0
and,and,s,,0
entertain,entertain,s,Positivity,0
with,with,s,Positivity,0
love,love,c,Positivity,1
",",",",n,,0
These,these,s,Immediacy,0
newborn,newborn,s,PersonProperty,0
women,women,c,PersonProperty,0
",",",",s,Concessive,0
though,though,s,Concessive,1
your,your,s,DirectAddress,0
number,number,s,DirectAddress,1
yet,yet,n,Resistance,0
Exceedes,exceedes,s,,0
their's,their's,s,UNRECOGNIZED,0
double,double,c,,0
",",",",s,,0
they,they,s,ReportingStates,0
are,are,s,ReportingStates,1
armed,armed,s,SpaceRelation,0
with,with,s,SpaceRelation,1
wit,wit,c,StandardsPos,0
",",",",n,,0
To,to,s,,0
bear,bear,s,SenseObject,0
your,your,s,DirectAddress,0
best,best,s,DirectAddress,1
encounters,encounters,c,SceneShift,0
",",",",s,,0
Court,court,s,Positivity,0
them,them,s,Positivity,1
fair,fair,c,StandardsPos,0
:,:,n,,0
When,when,s,,0
words,words,s,LangRef,0
and,and,s,,0
Music,music,s,SenseProperty,0
speak,speak,c,ReportingEvents,0
",",",",s,,0
let,let,s,ReportingEvents,0
none,none,s,DenyDisclaim,0
despair,despair,c,Sad,0
.,.,n,,0
Woo,woo,s,Positivity,0
her,her,c,Positivity,1
",",",",s,,0
and,and,s,,0
win,win,s,ReportingEvents,0
her,her,c,PersonPronoun,0
",",",",s,,0
he,he,s,CommonAuthorities,0
that,that,s,CommonAuthorities,1
can,can,c,Contingency,0
",",",",n,,0
Each,each,s,Inclusive,0
woman,woman,s,Inclusive,1
has,has,s,,0
two,two,s,Numbers,0
lovers,lovers,c,Positivity,0
",",",",n,ReasonForward,0
So,so,s,ReasonForward,1
she,she,s,Insist,0
must,must,s,Insist,1
take,take,s,ReportingEvents,0
and,and,s,,0
leave,leave,s,ReportingEvents,0
a,a,s,ReportingEvents,1
man,man,c,PersonProperty,0
",",",",n,,0
Till,till,s,AbstractConcepts,0
time,time,s,,0
more,more,s,Comparison,0
grace,grace,s,StandardsPos,0
discouers,discouers,c,UNRECOGNIZED,0
;,;,n,,0
This,this,s,,0
does,does,s,ReportingEvents,0
Jove,jove,s,,0
to,to,s,,0
show,show,s,Confidence,0
that,that,s,Confidence,1
want,want,c,ProjectAhead,0
",",",",n,,0
Makes,makes,s,ReportingEvents,0
beauty,beauty,s,StandardsPos,0
most,most,s,Comparison,0
respected,respected,c,StandardsPos,0
;,;,n,,0
If,if,s,Contingency,0
fair,fair,s,StandardsPos,0
women,women,s,PersonProperty,0
were,were,s,ProjectBack,0
more,more,s,Comparison,0
skant,skant,c,UNRECOGNIZED,0
",",",",n,,0
They,they,s,ProjectAhead,0
would,would,s,ProjectAhead,1
be,be,s,ProjectAhead,2
more,more,s,Comparison,0
affected,affected,c,ReportingStates,0
.,.,n,ReportingStates,1
Courtship,courtship,s,Positivity,0
and,and,s,,0
Music,music,c,SenseProperty,0
",",",",s,,0
suite,suite,s,SenseObject,0
with,with,s,Positivity,0
love,love,c,Positivity,1
",",",",n,,0
They,they,s,,0
both,both,s,,0
are,are,s,ReportingStates,0
works,works,s,LangRef,0
of,of,s,LangRef,1
passion,passion,c,SubjectivePercept,0
",",",",n,,0
Happy,happy,s,Positivity,0
is,is,s,Question,0
he,he,s,Question,1
whose,whose,s,PersonPronoun,0
words,words,s,LangRef,0
can,can,s,Contingency,0
move,move,c,Motions,0
",",",",n,Resistance,0
Yet,yet,s,Resistance,1
sweet,sweet,s,SenseProperty,0
notes,notes,s,SenseObject,0
help,help,s,Positivity,0
persuasion,persuasion,c,SubjectivePercept,0
.,.,n,Procedures,0
Mix,mix,s,Procedures,1
your,your,s,DirectAddress,0
words,words,s,LangRef,0
with,with,s,,0
Music,music,s,SenseProperty,0
then,then,c,TimeShift,0
",",",",n,TimeShift,1
That,that,s,,0
they,they,s,,0
the,the,s,Comparison,0
more,more,s,Comparison,1
may,may,s,Contingency,0
enter,enter,c,ReportingEvents,0
;,;,n,,0
Bold,bold,s,Confidence,0
assaults,assaults,s,Negative_Relation,0
are,are,s,Positive_Attribution,0
fit,fit,s,Positive_Attribution,1
for,for,s,,0
men,men,c,PersonProperty,0
",",",",n,,0
That,that,s,,0
on,on,s,,0
strange,strange,s,SubjectivePercept,0
beauties,beauties,s,StandardsPos,0
venture,venture,c,Contingency,0
.,.,nn,,0
Cease,cease,c,ReportingEvents,0
",",",",s,,0
cease,cease,s,ReportingEvents,0
your,your,s,DirectAddress,0
woing,woing,s,UNRECOGNIZED,0
strife,strife,c,Negativity,0
",",",",s,,0
see,see,s,,0
Jove,jove,s,,0
intends,intends,c,ProjectAhead,0
",",",",n,,0
To,to,s,,0
fill,fill,s,,0
your,your,s,DirectAddress,0
number,number,s,DirectAddress,1
up,up,c,,0
",",",",s,,0
and,and,s,,0
make,make,s,ReportingEvents,0
all,all,s,,0
friends,friends,c,StandardsPos,0
",",",",n,,0
Orpheus,orpheus,c,UNRECOGNIZED,0
",",",",s,,0
and,and,s,,0
Eutheus,eutheus,c,UNRECOGNIZED,0
",",",",s,,0
join,join,s,Inclusive,0
your,your,s,Inclusive,1
skils,skils,s,UNRECOGNIZED,0
once,once,s,RecurringEvents,0
more,more,c,RecurringEvents,1
",",",",n,,0
And,and,s,,0
with,with,s,Specifiers,0
a,a,s,Specifiers,1
Hymn,hymn,s,SenseObject,0
the,the,s,,0
Dietie,dietie,s,UNRECOGNIZED,0
implore,implore,c,SubjectivePercept,0
.,.,n,,0
Powerful,powerful,s,Positivity,0
Jove,jove,c,,0
",",",",s,,0
that,that,s,,0
have,have,s,,0
given,given,s,ReportingStates,0
four,four,c,Numbers,0
",",",",n,,0
Raise,raise,s,ReportingEvents,0
this,this,s,,0
number,number,s,AbstractConcepts,0
but,but,s,Resistance,0
once,once,s,RecurringEvents,0
more,more,c,RecurringEvents,1
",",",",n,,0
That,that,s,,0
complete,complete,c,Sequence,0
",",",",s,,0
their,their,s,PersonPronoun,0
numerous,numerous,s,AbstractConcepts,0
feet,feet,n,SenseObject,0
May,may,s,Contingency,0
aptly,aptly,s,StandardsPos,0
in,in,s,SubjectiveTime,0
just,just,s,SubjectiveTime,1
measures,measures,s,AbstractConcepts,0
meet,meet,c,ReportingEvents,0
.,.,nn,,0
The,the,s,Specifiers,0
other,other,s,Specifiers,1
four,four,s,Numbers,0
statues,statues,s,SenseObject,0
are,are,s,Transformation,0
transformed,transformed,s,Transformation,1
into,into,s,Transformation,2
women,women,c,PersonProperty,0
",",",",s,,0
in,in,s,TimeDuration,0
the,the,s,TimeDuration,1
time,time,s,TimeDuration,2
of,of,s,TimeDuration,3
this,this,n,,0
invocation,invocation,nn,AbstractConcepts,0
The,the,s,,0
number's,number's,s,UNRECOGNIZED,0
now,now,s,Immediacy,0
complete,complete,c,Sequence,0
",",",",s,,0
thanks,thanks,s,Intensity,0
be,be,s,Intensity,1
to,to,s,Intensity,2
Jove,jove,c,,0
",",",",n,,0
No,no,s,DenyDisclaim,0
man,man,s,DenyDisclaim,1
needs,needs,s,Insist,0
fear,fear,s,Fear,0
a,a,s,Resistance,0
Rival,rival,s,Resistance,1
in,in,s,Specifiers,0
his,his,s,Specifiers,1
love,love,c,Positivity,0
;,;,n,,0
For,for,c,,0
",",",",s,Generalization,0
all,all,s,Generalization,1
are,are,s,ReportingStates,0
sped,sped,c,Motions,0
",",",",s,,0
and,and,s,Immediacy,0
now,now,s,Immediacy,1
begins,begins,s,Sequence,0
delight,delight,c,Positivity,0
",",",",n,,0
To,to,s,,0
fill,fill,s,SpaceRelation,0
with,with,s,SpaceRelation,1
glory,glory,c,StandardsPos,0
",",",",s,,0
this,this,s,,0
triumphant,triumphant,s,Positivity,0
night,night,c,,0
.,.,nn,,0
The,the,s,,0
Maskers,maskers,s,PersonProperty,0
having,having,s,Generalization,0
every,every,s,Generalization,1
one,one,s,Numbers,0
entertained,entertained,s,Positivity,0
his,his,s,PersonPronoun,0
Lady,lady,c,PersonProperty,0
",",",",s,,0
begin,begin,s,Sequence,0
their,their,s,PersonPronoun,0
first,first,s,Sequence,0
new,new,n,,0
entering,entering,s,ReportingEvents,0
dance,dance,c,Motions,0
:,:,s,,0
after,after,s,Sequence,0
it,it,c,Sequence,1
",",",",s,,0
while,while,s,TimeDuration,0
they,they,s,TimeDuration,1
breath,breath,c,SenseObject,0
",",",",s,,0
the,the,s,TimeShift,0
time,time,s,TimeShift,1
is,is,s,ReportingStates,0
entertained,entertained,s,Positivity,0
with,with,s,Specifiers,0
a,a,n,Specifiers,1
dialogue,dialogue,s,LangRef,0
song,song,nn,SenseObject,0
BReath,breath,s,SenseObject,0
you,you,s,DirectAddress,0
now,now,c,Updates,0
",",",",s,Updates,1
while,while,s,TimeDuration,0
Io,io,s,AbstractConcepts,0
Hymen,hymen,n,SenseObject,0
To,to,s,,0
the,the,s,,0
Bride,bride,s,PersonProperty,0
we,we,s,,0
sing,sing,c,Motions,0
:,:,n,,0
O,o,s,LangRef,0
how,how,s,OpenQuery,0
many,many,s,OpenQuery,1
joys,joys,c,Positivity,0
",",",",s,,0
and,and,s,,0
honors,honors,c,StandardsPos,0
",",",",n,,0
From,from,s,,0
this,this,s,,0
match,match,s,SenseObject,0
will,will,s,PredictedFuture,0
spring,spring,c,AbstractConcepts,0
?,?,n,Question,0
Ever,ever,s,Biographical_Time,0
firm,firm,s,Transformation,0
the,the,s,Transformation,1
league,league,s,AbstractConcepts,0
will,will,s,PredictedFuture,0
prove,prove,c,Confidence,0
",",",",n,SpaceRelation,0
Where,where,s,SpaceRelation,1
only,only,s,SubjectivePercept,0
goodness,goodness,s,StandardsPos,0
causes,causes,s,Cause,0
love,love,c,Positivity,0
.,.,n,,0
Some,some,s,Uncertainty,0
for,for,s,,0
profit,profit,s,AbstractConcepts,0
seek,seek,n,ProjectAhead,0
What,what,s,,0
their,their,s,PersonPronoun,0
fancies,fancies,s,PrivateThinking,0
most,most,s,Comparison,0
disleeke,disleeke,c,UNRECOGNIZED,0
",",",",n,,0
These,these,s,Immediacy,0
love,love,s,Positivity,0
for,for,s,Positivity,1
virtues,virtues,s,StandardsPos,0
sake,sake,s,SenseObject,0
alone,alone,c,SpaceRelation,0
:,:,n,,0
Beauty,beauty,s,StandardsPos,0
and,and,s,,0
youth,youth,s,AbstractConcepts,0
unite,unite,s,Inclusive,0
them,them,s,,0
both,both,s,,0
in,in,s,,0
one,one,c,Numbers,0
.,.,n,Imperative,0
Live,live,s,Imperative,1
with,with,s,,0
thy,thy,s,DirectAddress,0
Bridegroom,bridegroom,s,PersonProperty,0
happy,happy,c,Positivity,0
",",",",s,,0
sacred,sacred,s,StandardsPos,0
Bride,bride,c,PersonProperty,0
;,;,n,,0
How,how,s,,0
blessed,blessed,s,StandardsPos,0
is,is,s,Question,0
he,he,c,Question,1
",",",",s,,0
that,that,s,Specifiers,0
is,is,s,Specifiers,1
for,for,s,Positivity,0
love,love,s,Positivity,1
enui'd,enui'd,c,UNRECOGNIZED,0
.,.,nn,,0
The,the,s,,0
Maskers,maskers,s,PersonProperty,0
second,second,s,Sequence,0
dance,dance,c,Motions,0
.,.,nn,,0
BReath,breath,s,SenseObject,0
again,again,c,RecurringEvents,0
",",",",s,,0
while,while,s,TimeDuration,0
we,we,s,,0
with,with,s,,0
music,music,n,SenseProperty,0
Fill,fill,s,,0
the,the,s,,0
empty,empty,s,SenseProperty,0
space,space,c,SenseProperty,1
:,:,n,,0
O,o,s,LangRef,0
but,but,s,Resistance,0
do,do,s,Resistance,1
not,not,s,Resistance,2
in,in,s,DirectAddress,0
your,your,s,DirectAddress,1
dances,dances,c,Motions,0
",",",",n,,0
Your,your,s,DirectAddress,0
selves,selves,s,SubjectivePercept,0
only,only,s,SubjectivePercept,0
grace,grace,c,StandardsPos,0
.,.,n,,0
Every,every,s,Generalization,0
one,one,s,Generalization,1
fetch,fetch,s,ReportingEvents,0
out,out,s,ReportingEvents,1
your,your,s,DirectAddress,0
Pheare,pheare,c,UNRECOGNIZED,0
",",",",n,,0
Whom,whom,s,PersonPronoun,0
chiefly,chiefly,s,Intensity,0
you,you,s,DirectAddress,0
will,will,s,PredictedFuture,0
honor,honor,s,StandardsPos,0
here,here,c,SpaceRelation,0
",",",",n,SpaceRelation,1
Sights,sights,s,SenseProperty,0
most,most,s,Comparison,0
pleasure,pleasure,s,Positivity,0
breed,breed,c,AbstractConcepts,0
",",",",n,,0
When,when,s,,0
their,their,s,PersonPronoun,0
numbers,numbers,s,AbstractConcepts,0
most,most,s,Comparison,0
exceed,exceed,c,Intensity,0
:,:,n,,0
Choose,choose,s,ReportingEvents,0
then,then,c,TimeShift,0
",",",",s,TimeShift,1
for,for,s,,0
choice,choice,s,SubjectivePercept,0
to,to,s,Generalization,0
all,all,s,Generalization,1
is,is,s,Positivity,0
free,free,c,Positivity,1
",",",",n,,0
Taken,taken,s,ProjectBack,0
or,or,s,,0
left,left,c,ReportingStates,0
",",",",s,ReportingStates,1
none,none,s,DenyDisclaim,0
discontent,discontent,s,Negativity,0
must,must,s,Insist,0
be,be,c,ReportingStates,0
.,.,nn,,0
Now,now,s,Updates,0
in,in,s,Updates,1
thy,thy,s,DirectAddress,0
Revels,revels,s,Positivity,0
frolicke-faire,frolicke-faire,s,UNRECOGNIZED,0
delight,delight,c,Positivity,0
",",",",n,,0
To,to,s,,0
heap,heap,s,SenseObject,0
Joy,joy,s,Positivity,0
on,on,s,,0
this,this,s,,0
ever,ever,s,Biographical_Time,0
honored,honored,s,StandardsPos,0
night,night,c,,0
.,.,nn,,0
The,the,s,,0
Maskers,maskers,s,PersonProperty,0
during,during,s,TimeDuration,0
this,this,s,,0
Dialogue,dialogue,s,LangRef,0
take,take,s,SceneShift,0
out,out,s,SceneShift,1
others,others,s,Uncertainty,0
to,to,s,,0
dance,dance,s,Motions,0
with,with,s,Motions,1
them,them,c,,0
",",",",s,,0
men,men,n,PersonProperty,0
women,women,c,PersonProperty,0
",",",",s,,0
and,and,s,,0
women,women,s,PersonProperty,0
men,men,c,PersonProperty,0
",",",",s,,0
and,and,s,,0
first,first,s,Sequence,0
of,of,s,Sequence,1
all,all,s,Sequence,2
the,the,s,,0
Princely,princely,s,StandardsPos,0
Bridegroom,bridegroom,s,PersonProperty,0
and,and,s,,0
Bride,bride,s,PersonProperty,0
were,were,n,SubjectivePercept,0
drawn,drawn,s,SubjectivePercept,1
into,into,s,SubjectivePercept,2
these,these,s,Immediacy,0
solemn,solemn,s,Intensity,0
Revels,revels,c,Positivity,0
",",",",s,Aside,0
which,which,s,Aside,1
continued,continued,s,TimeDuration,0
a,a,s,,0
long,long,s,SenseProperty,0
space,space,c,AbstractConcepts,0
",",",",s,Resistance,0
but,but,s,Resistance,1
in,in,s,,0
the,the,s,Sequence,0
end,end,n,Sequence,1
were,were,s,ProjectBack,0
broken,broken,s,AbstractConcepts,0
off,off,s,AbstractConcepts,1
with,with,s,Specifiers,0
this,this,s,Specifiers,1
short,short,s,SenseProperty,0
Song,song,nn,SenseObject,0
CEase,cease,c,ReportingEvents,0
",",",",s,,0
cease,cease,s,ReportingEvents,0
you,you,s,DirectAddress,0
Revels,revels,c,Positivity,0
",",",",s,,0
rest,rest,s,ReportingEvents,0
a,a,s,ReportingEvents,1
space,space,c,AbstractConcepts,0
",",",",n,,0
New,new,s,,0
pleasures,pleasures,s,Positivity,0
press,press,s,Motions,0
into,into,s,,0
this,this,s,SceneShift,0
place,place,c,SceneShift,1
",",",",n,,0
Full,full,s,Specifiers,0
of,of,s,Specifiers,1
beauty,beauty,s,StandardsPos,0
and,and,s,,0
of,of,s,,0
grace,grace,c,StandardsPos,0
.,.,n,,0
The,the,s,Specifiers,0
whole,whole,s,Specifiers,1
scaene,scaene,s,UNRECOGNIZED,0
was,was,s,ProjectBack,0
now,now,s,Immediacy,0
again,again,s,RecurringEvents,0
changed,changed,c,ReportingStates,0
",",",",s,ReportingStates,1
and,and,s,Transformation,0
became,became,s,Transformation,1
a,a,s,,0
prospectiue,prospectiue,s,UNRECOGNIZED,0
with,with,n,,0
Porticoes,porticoes,s,SenseObject,0
on,on,s,,0
each,each,s,Specifiers,0
side,side,c,,0
",",",",s,Aside,0
which,which,s,Aside,1
seemed,seemed,s,PrivateThinking,0
to,to,s,PrivateThinking,1
go,go,s,SceneShift,0
in,in,s,SceneShift,1
a,a,s,Intensity,0
great,great,s,Intensity,1
way,way,c,AbstractConcepts,0
",",",",s,,0
in,in,s,Sequence,0
the,the,s,Sequence,1
middle,middle,s,Sequence,2
was,was,n,ProjectBack,0
erected,erected,s,Narrative_Verbs,0
an,an,s,Narrative_Verbs,1
Obeliske,obeliske,c,UNRECOGNIZED,0
",",",",s,Generalization,0
all,all,s,Generalization,1
of,of,s,,0
silver,silver,c,SenseObject,0
",",",",s,,0
and,and,s,,0
in,in,s,,0
it,it,s,,0
lights,lights,s,SenseObject,0
of,of,s,,0
several,several,s,Specifiers,0
colors,colors,c,SenseProperty,0
",",",",s,,0
on,on,n,Specifiers,0
the,the,s,Specifiers,1
side,side,s,Specifiers,2
of,of,s,Specifiers,3
this,this,s,,0
Obeliske,obeliske,c,UNRECOGNIZED,0
",",",",s,,0
standing,standing,s,ReportingEvents,0
on,on,s,ReportingEvents,1
Pedestals,pedestals,c,SenseObject,0
",",",",s,ProjectBack,0
were,were,s,ProjectBack,1
the,the,s,ProjectBack,2
statues,statues,s,SenseObject,0
of,of,s,,0
the,the,n,,0
Bridegroom,bridegroom,s,PersonProperty,0
and,and,s,,0
Bride,bride,c,PersonProperty,0
",",",",s,Generalization,0
all,all,s,Generalization,1
of,of,s,,0
gold,gold,s,SenseObject,0
in,in,s,,0
gracious,gracious,s,StandardsPos,0
postures,postures,c,SenseProperty,0
.,.,s,,0
This,this,s,,0
Obeliske,obeliske,s,UNRECOGNIZED,0
was,was,s,ProjectBack,0
of,of,n,Specifiers,0
that,that,s,Specifiers,1
height,height,c,SenseProperty,0
",",",",s,,0
that,that,s,,0
the,the,s,SpaceRelation,0
top,top,s,SpaceRelation,1
thereof,thereof,s,CommonAuthorities,0
touched,touched,s,SpaceRelation,0
the,the,s,SpaceRelation,1
highest,highest,s,Comparison,0
clouds,clouds,c,SenseObject,0
",",",",s,,0
and,and,s,Resistance,0
yet,yet,n,Resistance,1
Sybilla,sybilla,s,UNRECOGNIZED,0
did,did,s,ReportingEvents,0
draw,draw,s,Motions,0
it,it,s,,0
forth,forth,s,SpaceRelation,0
with,with,s,Specifiers,0
a,a,s,Specifiers,1
thread,thread,s,SenseObject,0
of,of,s,,0
gold,gold,c,SenseObject,0
.,.,s,,0
The,the,s,SenseObject,0
grave,grave,s,SenseObject,1
Sage,sage,s,SenseObject,0
was,was,s,ProjectBack,0
in,in,s,,0
a,a,s,,0
Roabe,roabe,n,UNRECOGNIZED,0
of,of,s,,0
gold,gold,s,SenseObject,0
tuckt,tuckt,s,UNRECOGNIZED,0
up,up,s,,0
before,before,s,Sequence,0
to,to,s,PersonPronoun,0
her,her,s,PersonPronoun,1
girdle,girdle,c,SenseObject,0
",",",",s,,0
a,a,s,,0
Kirtle,kirtle,s,SenseObject,0
gathered,gathered,s,ReportingEvents,0
full,full,c,,0
",",",",s,,0
and,and,s,,0
of,of,s,,0
silver,silver,c,SenseObject,0
;,;,n,,0
with,with,s,Specifiers,0
a,a,s,Specifiers,1
veil,veil,s,SenseObject,0
on,on,s,SpaceRelation,0
her,her,s,SpaceRelation,1
head,head,c,SpaceRelation,2
",",",",s,,0
being,being,s,ReportingStates,0
bare,bare,s,SenseProperty,0
neckt,neckt,c,UNRECOGNIZED,0
",",",",s,,0
and,and,s,,0
bearing,bearing,s,AbstractConcepts,0
in,in,s,Specifiers,0
her,her,s,Specifiers,1
hand,hand,s,SenseObject,0
a,a,s,,0
scrole,scrole,s,UNRECOGNIZED,0
of,of,n,,0
Parchment,parchment,nn,SenseObject,0
Make,make,s,ReportingEvents,0
clear,clear,s,ReportingEvents,1
the,the,s,,0
passage,passage,s,SenseObject,0
to,to,s,,0
Sibilla's,sibilla's,s,UNRECOGNIZED,0
sight,sight,c,SenseProperty,0
",",",",n,,0
Who,who,s,,0
with,with,s,,0
her,her,s,PersonPronoun,0
Trophee,trophee,s,UNRECOGNIZED,0
comes,comes,c,ReportingEvents,0
",",",",s,,0
to,to,s,,0
crown,crown,s,SenseObject,0
this,this,s,Immediacy,0
night,night,c,Immediacy,1
",",",",n,,0
And,and,s,,0
as,as,s,,0
her,her,s,SubjectivePercept,0
self,self,s,SubjectivePercept,1
with,with,s,,0
Music,music,s,SenseProperty,0
shall,shall,s,ProjectAhead,0
be,be,s,ProjectAhead,1
led,led,c,ReportingStates,0
",",",",n,ReportingStates,1
So,so,s,Insist,0
shall,shall,s,Insist,1
she,she,s,PersonPronoun,0
pull,pull,s,Motions,0
on,on,s,Motions,1
with,with,s,Specifiers,0
a,a,s,Specifiers,1
golden,golden,s,SenseProperty,0
thread,thread,c,SenseObject,0
.,.,n,,0
A,a,s,,0
high,high,s,,0
vast,vast,s,Intensity,0
Obeliske,obeliske,c,UNRECOGNIZED,0
",",",",s,,0
dedicate,dedicate,s,StandardsPos,0
to,to,s,StandardsPos,1
fame,fame,c,StandardsPos,0
",",",",n,Aside,0
Which,which,s,Aside,1
immortality,immortality,s,StandardsPos,0
it,it,s,,0
self,self,s,SubjectivePercept,0
did,did,s,ReportingEvents,0
frame,frame,c,SenseObject,0
.,.,n,Imperative,0
Raise,raise,s,Imperative,1
high,high,s,,0
your,your,s,DirectAddress,0
voices,voices,s,SenseObject,0
now,now,c,Updates,0
",",",",s,Updates,1
like,like,s,SubjectivePercept,0
Trumpets,trumpets,s,SenseObject,0
fill,fill,c,,0
",",",",n,,0
The,the,s,SenseObject,0
room,room,s,SenseObject,1
with,with,s,,0
sounds,sounds,s,SenseProperty,0
of,of,s,SenseProperty,1
Triumph,triumph,c,Positivity,0
",",",",s,,0
sweet,sweet,s,SenseProperty,0
and,and,s,,0
shrill,shrill,c,SenseProperty,0
.,.,nn,Imperative,0
COme,come,s,Imperative,1
triumphing,triumphing,c,Positivity,0
",",",",s,,0
come,come,s,ReportingEvents,0
with,with,s,,0
state,state,c,,0
",",",",n,,0
Old,old,s,SenseProperty,0
Sibilla,sibilla,c,UNRECOGNIZED,0
",",",",s,,0
reverend,reverend,s,PersonProperty,0
Dame,dame,c,SenseObject,0
",",",",n,,0
Thou,thou,s,DirectAddress,0
keep'st,keep'st,s,UNRECOGNIZED,0
the,the,s,Disclosure,0
secret,secret,s,Disclosure,1
key,key,s,SenseObject,0
of,of,s,,0
fate,fate,c,SubjectivePercept,0
",",",",n,,0
Preventing,preventing,s,Resistance,0
swiftest,swiftest,s,Comparison,0
fame,fame,c,StandardsPos,0
.,.,n,,0
This,this,s,Immediacy,0
night,night,s,Immediacy,1
breath,breath,s,SenseObject,0
only,only,s,SubjectivePercept,0
words,words,s,Updates,0
of,of,s,Updates,1
joy,joy,c,Positivity,0
",",",",n,,0
And,and,s,,0
speak,speak,s,ReportingEvents,0
them,them,s,,0
plain,plain,c,SenseProperty,0
",",",",s,,0
now,now,s,Updates,0
be,be,s,Updates,1
not,not,s,DenyDisclaim,0
coy,coy,c,SubjectivePercept,0
",",",",n,,0
DEbetur,debetur,s,UNRECOGNIZED,0
alto,alto,s,SenseProperty,0
iure,iure,c,UNRECOGNIZED,0
",",",",s,,0
Principium,principium,s,StandardsPos,0
Ioui,ioui,c,UNRECOGNIZED,0
",",",",n,,0
Votis,votis,s,UNRECOGNIZED,0
det,det,s,UNRECOGNIZED,0
ipse,ipse,s,AbstractConcepts,0
vim,vim,s,StandardsPos,0
meis,meis,c,UNRECOGNIZED,0
",",",",s,,0
dict,dict,s,,0
is,is,s,ReportingStates,0
fidem,fidem,c,UNRECOGNIZED,0
.,.,n,,0
Vtrinque,vtrinque,s,UNRECOGNIZED,0
decoris,decoris,s,UNRECOGNIZED,0
splendet,splendet,s,UNRECOGNIZED,0
egregium,egregium,s,UNRECOGNIZED,0
Iubar,iubar,c,UNRECOGNIZED,0
",",",",n,,0
Medio,medio,s,UNRECOGNIZED,0
triumphus,triumphus,s,UNRECOGNIZED,0
mole,mole,s,SenseObject,0
stat,stat,s,,0
dignus,dignus,s,UNRECOGNIZED,0
sua,sua,c,,0
",",",",n,,0
Coelumque,coelumque,s,UNRECOGNIZED,0
summo,summo,s,UNRECOGNIZED,0
Capite,capite,s,,0
dilectum,dilectum,s,UNRECOGNIZED,0
petit,petit,c,SenseProperty,0
;,;,n,,0
Quam,quam,s,,0
pulchra,pulchra,s,UNRECOGNIZED,0
pulchro,pulchro,s,UNRECOGNIZED,0
sponsa,sponsa,s,UNRECOGNIZED,0
respondet,respondet,s,UNRECOGNIZED,0
viro,viro,c,UNRECOGNIZED,0
!,!,n,,0
Quam,quam,s,,0
plena,plena,s,CommonAuthorities,0
numinis,numinis,c,UNRECOGNIZED,0
?,?,s,Question,0
Patrem,patrem,s,UNRECOGNIZED,0
vultu,vultu,s,UNRECOGNIZED,0
exprimit,exprimit,c,UNRECOGNIZED,0
",",",",n,,0
Parens,parens,s,UNRECOGNIZED,0
futura,futura,s,UNRECOGNIZED,0
masculae,masculae,s,UNRECOGNIZED,0
prolis,prolis,c,UNRECOGNIZED,0
",",",",s,,0
Parens,parens,n,UNRECOGNIZED,0
Regum,regum,c,,0
",",",",s,,0
imperatorum,imperatorum,c,UNRECOGNIZED,0
:,:,s,,0
Additur,additur,s,UNRECOGNIZED,0
Germaniae,germaniae,n,UNRECOGNIZED,0
Robur,robur,s,UNRECOGNIZED,0
Britannicum,britannicum,c,UNRECOGNIZED,0
.,.,s,,0
ecquid,ecquid,s,UNRECOGNIZED,0
esse,esse,s,ReportingEvents,0
par,par,s,AbstractConcepts,0
potest,potest,c,,0
?,?,n,Question,0
Vtramque,vtramque,s,UNRECOGNIZED,0
iunget,iunget,s,UNRECOGNIZED,0
vna,vna,s,UNRECOGNIZED,0
men's,men's,s,PersonProperty,0
gentem,gentem,c,UNRECOGNIZED,0
",",",",s,,0
fides,fides,c,StandardsPos,0
",",",",n,,0
Deique,deique,s,UNRECOGNIZED,0
Cultus,cultus,s,AbstractConcepts,0
vnus,vnus,c,UNRECOGNIZED,0
",",",",s,,0
and,and,s,,0
simplex,simplex,s,AbstractConcepts,0
amor,amor,c,,0
.,.,n,,0
Idem,idem,s,Citations,0
erit,erit,s,,0
vtrique,vtrique,s,UNRECOGNIZED,0
hostis,hostis,c,UNRECOGNIZED,0
",",",",s,,0
sodalis,sodalis,s,UNRECOGNIZED,0
idem,idem,c,Citations,0
",",",",s,,0
idem,idem,n,Citations,0
Votum,votum,s,UNRECOGNIZED,0
periclitantium,periclitantium,c,UNRECOGNIZED,0
",",",",s,,0
atque,atque,s,UNRECOGNIZED,0
eadem,eadem,s,,0
manus,manus,c,SenseObject,0
.,.,n,,0
Fauebit,fauebit,s,UNRECOGNIZED,0
illis,illis,s,AbstractConcepts,0
Pax,pax,c,AbstractConcepts,0
",",",",s,,0
fauebit,fauebit,s,UNRECOGNIZED,0
bellica,bellica,n,UNRECOGNIZED,0
Fortuna,fortuna,c,,0
",",",",s,,0
semper,semper,s,,0
aderit,aderit,s,UNRECOGNIZED,0
Adiutor,adiutor,s,UNRECOGNIZED,0
Deus,deus,c,CommonAuthorities,0
.,.,n,,0
Sic,sic,c,Metadiscourse,0
",",",",s,Metadiscourse,1
sic,sic,s,Negative_Relation,0
Sibilla,sibilla,c,UNRECOGNIZED,0
;,;,s,,0
vocibus,vocibus,s,UNRECOGNIZED,0
nec,nec,s,UNRECOGNIZED,0
his,his,s,PersonPronoun,0
deest,deest,n,UNRECOGNIZED,0
Pondus,pondus,c,AbstractConcepts,0
",",",",s,,0
nec,nec,s,UNRECOGNIZED,0
hoc,hoc,s,AbstractConcepts,0
inane,inane,s,StandardsNeg,0
momumentum,momumentum,s,UNRECOGNIZED,0
trahit,trahit,c,UNRECOGNIZED,0
.,.,n,,0
Et,et,s,AbstractConcepts,0
aureum,aureum,s,AbstractConcepts,0
est,est,c,AbstractConcepts,0
",",",",s,,0
and,and,s,,0
quale,quale,s,UNRECOGNIZED,0
nec,nec,s,UNRECOGNIZED,0
flammas,flammas,s,UNRECOGNIZED,0
timet,timet,c,UNRECOGNIZED,0
",",",",n,,0
Nec,nec,s,UNRECOGNIZED,0
fulgura,fulgura,c,UNRECOGNIZED,0
",",",",s,,0
ipsi,ipsi,s,UNRECOGNIZED,0
quippe,quippe,s,UNRECOGNIZED,0
sacratur,sacratur,s,UNRECOGNIZED,0
Ioui,ioui,c,UNRECOGNIZED,0
.,.,nn,,0
The,the,s,PriorKnowledge,0
good,good,s,PriorKnowledge,1
old,old,s,PriorKnowledge,2
Sage,sage,s,SenseObject,0
is,is,s,ReportingStates,0
silenc't,silenc't,c,UNRECOGNIZED,0
",",",",s,,0
her,her,s,PersonPronoun,0
free,free,s,AbstractConcepts,0
tongue,tongue,n,SenseObject,0
That,that,s,,0
made,made,s,ReportingEvents,0
such,such,s,Intensity,0
melody,melody,c,SenseProperty,0
",",",",s,,0
is,is,s,Immediacy,0
now,now,s,Immediacy,1
vnstrung,vnstrung,c,UNRECOGNIZED,0
:,:,n,,0
Then,then,s,,0
grace,grace,s,StandardsPos,0
her,her,s,PersonPronoun,0
Trophee,trophee,s,UNRECOGNIZED,0
with,with,s,Specifiers,0
a,a,s,Specifiers,1
dance,dance,s,Motions,0
triumphant,triumphant,c,Positivity,0
",",",",n,SpaceRelation,0
Where,where,s,SpaceRelation,1
Orpheus,orpheus,s,UNRECOGNIZED,0
is,is,s,ReportingStates,0
none,none,s,DenyDisclaim,0
can,can,s,Contingency,0
fit,fit,s,ReportingEvents,0
music,music,s,SenseProperty,0
want,want,c,ProjectAhead,0
.,.,nn,Imperative,0
DAnce,dance,c,Imperative,1
",",",",s,,0
dance,dance,c,Motions,0
",",",",s,,0
and,and,s,,0
visit,visit,s,SceneShift,0
now,now,s,Updates,0
the,the,s,Updates,1
shadows,shadows,s,SenseObject,0
of,of,s,Inclusive,0
our,our,s,Inclusive,1
joy,joy,c,Positivity,0
",",",",n,Generalization,0
All,all,s,Generalization,1
in,in,s,Specifiers,0
height,height,c,Specifiers,1
",",",",s,,0
and,and,s,,0
pleasing,pleasing,s,Positivity,0
state,state,c,,0
",",",",s,,0
your,your,s,DirectAddress,0
changed,changed,s,ReportingEvents,0
forms,forms,s,AbstractConcepts,0
employ,employ,c,ReportingEvents,0
.,.,n,DirectAddress,0
And,and,s,DirectAddress,1
as,as,s,,0
the,the,s,SenseObject,0
bird,bird,s,SenseObject,1
of,of,s,,0
Jove,jove,s,,0
salutes,salutes,c,StandardsPos,0
",",",",s,,0
with,with,s,,0
lofty,lofty,s,StandardsPos,0
wing,wing,c,SenseObject,0
",",",",s,,0
the,the,s,TimeDuration,0
morn,morn,c,TimeDuration,1
;,;,n,,0
So,so,s,,0
mount,mount,c,Motions,0
",",",",s,ReasonForward,0
so,so,s,ReasonForward,1
fly,fly,c,Motions,0
",",",",s,,0
these,these,s,Immediacy,0
Trophies,trophies,s,StandardsPos,0
to,to,s,,0
adorn,adorn,c,Positivity,0
.,.,n,,0
Grace,grace,s,StandardsPos,0
them,them,s,,0
with,with,s,Generalization,0
all,all,s,Generalization,1
the,the,s,,0
sounds,sounds,s,SenseProperty,0
and,and,s,,0
motions,motions,s,AbstractConcepts,0
of,of,s,AbstractConcepts,1
delight,delight,c,Positivity,0
",",",",n,ReasonForward,0
Since,since,s,ReasonForward,1
all,all,s,Generalization,0
the,the,s,Generalization,1
earth,earth,s,SpaceRelation,0
cannot,cannot,s,DenyDisclaim,0
express,express,s,Citations,0
a,a,s,Citations,1
louelier,louelier,s,UNRECOGNIZED,0
sight,sight,c,SenseProperty,0
",",",",n,,0
View,view,s,ReportingEvents,0
them,them,s,ReportingEvents,1
with,with,s,,0
triumph,triumph,c,Positivity,0
",",",",s,,0
and,and,s,,0
in,in,s,,0
shades,shades,s,SenseProperty,0
the,the,s,StandardsPos,0
truth,truth,s,StandardsPos,1
adore,adore,c,Positivity,0
",",",",n,,0
No,no,s,DenyDisclaim,0
pomp,pomp,s,SenseProperty,0
or,or,s,,0
sacrifice,sacrifice,s,StandardsPos,0
can,can,s,Contingency,0
please,please,s,Positivity,0
Jove's,jove's,s,UNRECOGNIZED,0
greatness,greatness,s,StandardsPos,0
more,more,c,Comparison,0
.,.,n,Imperative,0
Turn,turn,c,Imperative,1
",",",",s,,0
turn,turn,c,,0
",",",",s,,0
and,and,s,,0
honor,honor,s,StandardsPos,0
now,now,s,Updates,0
the,the,s,Updates,1
life,life,c,AbstractConcepts,0
",",",",s,,0
these,these,s,Immediacy,0
figures,figures,s,SenseObject,0
bear,bear,c,SenseObject,0
",",",",n,,0
Lo,lo,c,DirectAddress,0
",",",",s,,0
how,how,s,,0
heavenly,heavenly,s,Positivity,0
natures,natures,s,AbstractConcepts,0
far,far,s,SpaceRelation,0
above,above,s,Intensity,0
all,all,s,Intensity,1
art,art,s,AbstractConcepts,0
appear,appear,c,SubjectivePercept,0
",",",",n,,0
Let,let,s,ReportingEvents,0
their,their,s,ReportingEvents,1
aspects,aspects,s,Specifiers,0
revive,revive,s,StandardsPos,0
in,in,s,DirectAddress,0
you,you,c,DirectAddress,1
",",",",s,,0
the,the,s,SenseObject,0
fire,fire,s,SenseObject,1
that,that,s,,0
shined,shined,s,ReportingEvents,0
so,so,s,Negativity,0
late,late,c,Negativity,1
",",",",n,,0
Still,still,s,Updates,0
mount,mount,s,Motions,0
and,and,s,Updates,0
still,still,s,Updates,1
retain,retain,c,ReportingEvents,0
",",",",s,,0
your,your,s,DirectAddress,0
heavenly,heavenly,s,Positivity,0
state,state,c,,0
.,.,n,,0
Gods,gods,s,CommonAuthorities,0
were,were,s,ProjectBack,0
with,with,s,,0
dance,dance,c,Motions,0
",",",",s,,0
and,and,s,,0
with,with,s,,0
music,music,s,SenseProperty,0
served,served,s,ReportingStates,0
of,of,s,ReportingStates,1
old,old,c,SenseProperty,0
",",",",n,,0
Those,those,s,,0
happy,happy,s,Positivity,0
days,days,s,TimeDuration,0
derived,derived,s,Narrative_Verbs,0
their,their,s,Narrative_Verbs,1
glorious,glorious,s,Positivity,0
style,style,s,LangRef,0
from,from,s,,0
gold,gold,c,SenseObject,0
:,:,n,,0
This,this,s,,0
pair,pair,s,AbstractConcepts,0
by,by,s,,0
Hymen,hymen,s,SenseObject,0
joined,joined,c,ReportingStates,0
",",",",s,ReportingStates,1
grace,grace,s,StandardsPos,0
you,you,s,DirectAddress,0
with,with,s,,0
measures,measures,s,AbstractConcepts,0
then,then,c,TimeShift,0
",",",",n,TimeShift,1
Since,since,s,TimeShift,0
they,they,s,TimeShift,1
are,are,s,ReportingStates,0
both,both,s,,0
divine,divine,c,StandardsPos,0
",",",",s,,0
and,and,s,,0
you,you,s,DirectAddress,0
are,are,s,DirectAddress,1
more,more,s,Comparison,0
then,then,s,,0
men,men,c,PersonProperty,0
.,.,n,Imperative,0
Let,let,s,Imperative,1
here,here,s,SpaceRelation,0
Sybilla's,sybilla's,s,UNRECOGNIZED,0
Trophee,trophee,s,UNRECOGNIZED,0
stand,stand,c,AbstractConcepts,0
",",",",n,,0
Lead,lead,s,,0
her,her,s,PersonPronoun,0
now,now,s,Sequence,0
by,by,s,Sequence,1
either,either,s,Metadiscourse,0
hand,hand,c,SenseObject,0
",",",",n,,0
That,that,s,,0
she,she,s,PersonPronoun,0
may,may,s,Contingency,0
approach,approach,s,AbstractConcepts,0
yet,yet,s,Resistance,0
nearer,nearer,c,SpaceRelation,0
",",",",n,,0
And,and,s,,0
the,the,s,,0
Bride,bride,s,PersonProperty,0
and,and,s,,0
Bridegroom,bridegroom,s,PersonProperty,0
hear,hear,s,SenseProperty,0
her,her,n,SenseProperty,1
Bless,bless,s,StandardsPos,0
them,them,s,StandardsPos,1
in,in,s,Biographical_Time,0
her,her,s,Biographical_Time,1
native,native,s,Biographical_Time,2
tongue,tongue,c,SenseObject,0
",",",",n,,0
Wherein,wherein,s,CommonAuthorities,0
old,old,s,SenseProperty,0
prophesies,prophesies,s,ProjectAhead,0
she,she,s,PersonPronoun,0
sung,sung,c,ReportingStates,0
",",",",n,ReportingStates,1
Which,which,s,,0
time,time,s,SubjectiveTime,0
to,to,s,SubjectiveTime,1
light,light,s,SenseProperty,0
has,has,s,,0
brought,brought,c,ReportingEvents,0
:,:,n,,0
She,she,s,Citations,0
speaks,speaks,s,Citations,1
that,that,s,Citations,2
which,which,s,,0
Jove,jove,s,,0
has,has,s,,0
taught,taught,c,ReportingStates,0
.,.,n,ReportingStates,1
Well,well,s,SenseObject,0
may,may,s,Question,0
he,he,s,Question,1
inspire,inspire,s,StandardsPos,0
her,her,s,PersonPronoun,0
now,now,c,Updates,0
",",",",n,Updates,1
To,to,s,,0
make,make,s,ReportingEvents,0
a,a,s,,0
joyful,joyful,s,Positivity,0
and,and,s,,0
true,true,s,StandardsPos,0
vow,vow,c,Intensity,0
.,.,nn,,0
Sponsam,sponsam,s,UNRECOGNIZED,0
sponse,sponse,s,UNRECOGNIZED,0
t^ro,t^ro,s,UNRECOGNIZED,0
tene,tene,s,,0
pudicam,pudicam,c,UNRECOGNIZED,0
",",",",n,,0
Sponsum,sponsum,s,UNRECOGNIZED,0
sponsa,sponsa,s,UNRECOGNIZED,0
tene,tene,s,,0
toro,toro,s,,0
pudicum,pudicum,c,UNRECOGNIZED,0
.,.,n,,0
Non,non,s,AbstractConcepts,0
haec,haec,s,,0
vnica,vnica,s,UNRECOGNIZED,0
nox,nox,s,UNRECOGNIZED,0
datur,datur,s,UNRECOGNIZED,0
beatis,beatis,c,UNRECOGNIZED,0
",",",",n,,0
At,at,s,,0
vos,vos,s,,0
perpetuo,perpetuo,s,UNRECOGNIZED,0
haec,haec,s,,0
beabit,beabit,s,UNRECOGNIZED,0
vna,vna,n,UNRECOGNIZED,0
Prole,prole,s,PersonProperty,0
multiplici,multiplici,c,UNRECOGNIZED,0
",",",",s,,0
parique,parique,s,UNRECOGNIZED,0
amore,amore,c,Positivity,0
.,.,n,,0
Laeta,laeta,c,UNRECOGNIZED,0
",",",",s,,0
ac,ac,s,UNRECOGNIZED,0
vera,vera,s,AbstractConcepts,0
refert,refert,s,UNRECOGNIZED,0
Sybilla,sybilla,c,UNRECOGNIZED,0
",",",",s,,0
ab,ab,s,,0
alto,alto,n,SenseProperty,0
Ipse,ipse,s,AbstractConcepts,0
Iuppiter,iuppiter,s,UNRECOGNIZED,0
annuit,annuit,s,,0
loquenti,loquenti,c,UNRECOGNIZED,0
.,.,nn,ReasonForward,0
So,so,s,ReasonForward,1
be,be,s,ReportingStates,0
it,it,s,,0
ever,ever,c,Biographical_Time,0
",",",",s,,0
joy,joy,s,Positivity,0
and,and,s,,0
peace,peace,c,StandardsPos,0
",",",",n,,0
And,and,s,,0
mutual,mutual,s,Inclusive,0
love,love,s,Positivity,0
give,give,s,DirectAddress,0
you,you,s,DirectAddress,1
increase,increase,c,Transformation,0
",",",",n,,0
That,that,s,DirectAddress,0
your,your,s,DirectAddress,1
posterity,posterity,s,CommonAuthorities,0
may,may,s,Contingency,0
grow,grow,n,SpaceRelation,0
In,in,s,SpaceRelation,1
fame,fame,c,StandardsPos,0
",",",",s,,0
as,as,s,TimeDuration,0
long,long,s,TimeDuration,1
as,as,s,TimeDuration,2
Seas,seas,s,SenseObject,0
do,do,s,Intensity,0
flow,flow,c,Motions,0
.,.,nn,Imperative,0
Live,live,s,Imperative,1
you,you,s,DirectAddress,0
long,long,s,ProjectAhead,0
to,to,s,ProjectAhead,1
see,see,s,DirectAddress,0
your,your,s,DirectAddress,1
joys,joys,c,Positivity,0
",",",",n,,0
In,in,s,,0
fair,fair,s,StandardsPos,0
Nymphs,nymphs,s,SenseObject,0
and,and,s,,0
Princely,princely,s,StandardsPos,0
Boys,boys,c,PersonProperty,0
:,:,n,,0
Breeding,breeding,s,ReportingEvents,0
like,like,s,Resemblances,0
the,the,s,Resemblances,1
Garden,garden,s,SenseObject,0
flowers,flowers,c,SenseObject,0
",",",",n,Aside,0
Which,which,s,Aside,1
kind,kind,s,Positivity,0
heaven,heaven,s,Positivity,0
draws,draws,s,SenseProperty,0
with,with,s,SenseProperty,1
her,her,s,PersonPronoun,0
warm,warm,s,SenseProperty,0
showers,showers,c,Motions,0
.,.,nn,,0
Enough,enough,s,SubjectivePercept,0
of,of,s,,0
blessing,blessing,c,StandardsPos,0
",",",",s,Concessive,0
though,though,s,Concessive,1
too,too,s,Negativity,0
much,much,n,Negativity,1
Never,never,s,DenyDisclaim,0
can,can,s,Contingency,0
be,be,s,Contingency,1
said,said,s,DialogCues,0
to,to,s,DialogCues,1
such,such,c,Intensity,0
;,;,n,Resistance,0
But,but,s,Resistance,1
night,night,s,,0
does,does,s,ReportingEvents,0
wast,wast,c,ProjectBack,0
",",",",s,,0
and,and,s,,0
Hymen,hymen,s,SenseObject,0
chides,chides,c,Negative_Relation,0
",",",",n,,0
Kind,kind,s,Positivity,0
to,to,s,Positivity,1
Bridegroomes,bridegroomes,s,UNRECOGNIZED,0
and,and,s,,0
to,to,s,,0
Brides,brides,c,PersonProperty,0
",",",",n,,0
Then,then,s,Sequence,0
singing,singing,s,Sequence,1
the,the,s,,0
last,last,s,Sequence,0
dance,dance,s,Motions,0
induce,induce,c,ReportingEvents,0
",",",",n,ReasonForward,0
So,so,s,ReasonForward,1
let,let,s,ReportingEvents,0
good,good,s,OralCues,0
night,night,s,OralCues,1
prevent,prevent,s,Resistance,0
excuse,excuse,c,StandardsPos,0
.,.,nn,,0
NO,no,s,Updates,0
longer,longer,s,Updates,1
wrong,wrong,s,StandardsNeg,0
the,the,s,TimeDuration,0
night,night,c,TimeDuration,1
",",",",n,,0
Of,of,s,,0
her,her,s,PersonPronoun,0
Hymenaean,hymenaean,s,UNRECOGNIZED,0
right,right,c,,0
",",",",n,,0
A,a,s,,0
thousand,thousand,s,Numbers,0
Cupids,cupids,s,Positivity,0
call,call,s,ReportingEvents,0
away,away,c,ReportingEvents,1
",",",",n,,0
Fearing,fearing,s,Fear,0
the,the,s,ProjectAhead,0
approaching,approaching,s,ProjectAhead,1
day,day,c,TimeDuration,0
",",",",n,,0
The,the,s,,0
Cocks,cocks,s,SenseObject,0
already,already,s,Updates,0
crow,crow,c,SenseObject,0
",",",",n,,0
Dance,dance,s,Motions,0
then,then,s,,0
and,and,s,,0
go,go,c,ReportingEvents,0
",",",",n,,0
The,the,s,,0
last,last,s,Sequence,0
new,new,s,,0
Dance,dance,s,Motions,0
of,of,s,,0
the,the,s,,0
Maskers,maskers,c,PersonProperty,0
",",",",s,Aside,0
which,which,s,Aside,1
concludes,concludes,s,Sequence,0
all,all,s,,0
with,with,s,Specifiers,0
a,a,s,Specifiers,1
lively,lively,s,Positivity,0
strain,strain,n,Negativity,0
at,at,s,Negativity,1
their,their,s,PersonPronoun,0
going,going,s,SceneShift,0
out,out,nnn,SceneShift,1
