STay,stay,s,TimeDuration,0
light-foot,light-foot,s,SenseProperty,0
Iris,iris,c,SenseObject,0
",",",",s,ReasonForward,0
for,for,s,ReasonForward,1
thou,thou,s,DirectAddress,0
striv'st,striv'st,s,UNRECOGNIZED,0
in,in,s,Negativity,0
vain,vain,c,Negativity,1
",",",",n,,0
My,my,s,FirstPer,0
wings,wings,s,SenseObject,0
are,are,s,ReportingStates,0
nimbler,nimbler,s,Positivity,0
then,then,s,,0
thy,thy,s,DirectAddress,0
feet,feet,c,SenseObject,0
.,.,nn,,0
Away,away,c,,0
",",",",n,,0
Dissembling,dissembling,s,Negativity,0
Mercury,mercury,c,SenseObject,0
",",",",s,,0
my,my,s,FirstPer,0
messages,messages,n,ReportingEvents,0
Ask,ask,s,Request,0
honest,honest,s,StandardsPos,0
haste,haste,c,Negativity,0
;,;,s,,0
not,not,s,DenyDisclaim,0
like,like,s,DenyDisclaim,1
those,those,s,,0
wanton,wanton,s,StandardsNeg,0
ones,ones,n,Numbers,0
Your,your,s,DirectAddress,0
thundering,thundering,s,SenseProperty,0
father,father,s,PersonProperty,0
sends,sends,c,ReportingEvents,0
.,.,nn,Imperative,0
Stay,stay,s,Imperative,1
foolish,foolish,s,Negativity,0
maid,maid,c,PersonProperty,0
",",",",n,,0
Or,or,s,,0
I,i,s,FirstPer,0
will,will,s,PredictedFuture,0
take,take,s,ReportingEvents,0
my,my,s,FirstPer,0
rise,rise,s,Motions,0
upon,upon,s,,0
a,a,s,SenseObject,0
hill,hill,c,SenseObject,1
",",",",n,Autobio,0
When,when,s,Autobio,1
I,i,s,Autobio,2
perceive,perceive,s,PrivateThinking,0
thee,thee,s,DirectAddress,0
seated,seated,s,SpaceRelation,0
in,in,s,SpaceRelation,1
a,a,s,SpaceRelation,2
cloud,cloud,n,SenseObject,0
In,in,s,Generalization,0
all,all,s,Generalization,1
the,the,s,SenseProperty,0
painted,painted,s,SenseProperty,1
glory,glory,s,StandardsPos,0
that,that,s,,0
thou,thou,s,DirectAddress,0
have,have,c,,0
",",",",n,,0
And,and,s,,0
never,never,s,Biographical_Time,0
cease,cease,s,Biographical_Time,1
to,to,s,,0
clap,clap,s,SenseProperty,0
my,my,s,FirstPer,0
willing,willing,s,SubjectivePercept,0
wing,wing,c,SenseObject,0
",",",",n,,0
Till,till,s,TimeShift,0
I,i,s,TimeShift,1
catch,catch,s,ReportingEvents,0
hold,hold,s,ReportingEvents,0
on,on,s,ReportingEvents,1
thy,thy,s,DirectAddress,0
discolored,discolored,s,SenseProperty,0
Bow,bow,c,SenseObject,0
",",",",n,,0
And,and,s,,0
shiver,shiver,s,Motions,0
it,it,s,,0
beyond,beyond,s,SpaceRelation,0
the,the,s,SpaceRelation,1
angry,angry,s,Anger,0
power,power,n,AbstractConcepts,0
Of,of,s,AbstractConcepts,1
your,your,s,DirectAddress,0
mad,mad,s,Negativity,0
mistress,mistress,s,PersonProperty,0
to,to,s,,0
make,make,s,ReportingEvents,0
up,up,s,ReportingEvents,1
again,again,c,RecurringEvents,0
.,.,nn,,0
Hermes,hermes,s,,0
forbear,forbear,c,Reluctance,0
",",",",s,,0
Juno,juno,s,,0
will,will,s,PredictedFuture,0
chide,chide,s,Negative_Relation,0
and,and,s,,0
strike,strike,c,Negativity,0
;,;,n,,0
Is,is,s,Positivity,0
great,great,s,Positivity,1
Jove,jove,s,,0
jealous,jealous,s,Negative_Relation,0
that,that,s,,0
I,i,s,SelfDisclosure,0
am,am,s,SelfDisclosure,1
imployd,imployd,n,UNRECOGNIZED,0
On,on,s,,0
her,her,s,PersonPronoun,0
love,love,s,Positivity,0
errands,errands,c,GenericEvents,0
?,?,s,Question,0
she,she,s,Intensity,0
did,did,s,Intensity,1
never,never,s,DenyDisclaim,0
yet,yet,n,Resistance,0
Claspe,claspe,s,UNRECOGNIZED,0
weak,weak,s,Negativity,0
mortality,mortality,s,Negativity,0
in,in,s,Specifiers,0
her,her,s,Specifiers,1
white,white,s,SenseProperty,0
arms,arms,c,SenseObject,0
",",",",n,,0
As,as,s,TimeDuration,0
he,he,s,TimeDuration,1
has,has,s,GenericEvents,0
often,often,s,GenericEvents,1
done,done,c,ReportingStates,0
;,;,s,ReportingStates,1
I,i,s,FirstPer,0
only,only,s,SubjectivePercept,0
come,come,n,ReportingEvents,0
To,to,s,Positivity,0
celebrate,celebrate,s,Positivity,1
the,the,s,,0
lone,lone,s,Exceptions,0
wished,wished,s,ProjectAhead,0
Nuptials,nuptials,n,GenericEvents,0
Here,here,s,SpaceRelation,0
in,in,s,SpaceRelation,1
Olympia,olympia,c,UNRECOGNIZED,0
",",",",s,Aside,0
which,which,s,Aside,1
are,are,s,Immediacy,0
now,now,s,Immediacy,1
perform,perform,c,ReportingEvents,0
',',n,,0
Betwixt,betwixt,s,TimeDuration,0
two,two,s,Numbers,0
goodly,goodly,s,StandardsPos,0
Rivers,rivers,s,SenseObject,0
that,that,s,,0
have,have,s,,0
mixed,mixed,n,SenseProperty,0
Their,their,s,SenseProperty,0
gentle,gentle,s,SenseProperty,1
winding,winding,s,SenseProperty,0
waves,waves,c,SenseObject,0
",",",",s,,0
and,and,s,,0
are,are,s,ProjectAhead,0
to,to,s,ProjectAhead,1
grow,grow,n,Transformation,0
Into,into,s,Transformation,1
a,a,s,,0
thousand,thousand,s,Numbers,0
streams,streams,s,SenseObject,0
great,great,s,Intensity,0
as,as,s,,0
themselves,themselves,c,PersonPronoun,0
.,.,n,,0
I,i,s,Insist,0
need,need,s,Insist,1
not,not,s,Insist,2
name,name,s,ReportingEvents,0
them,them,c,ReportingEvents,1
",",",",s,ReasonForward,0
for,for,s,ReasonForward,1
the,the,s,,0
sound,sound,s,SenseProperty,0
is,is,s,ReportingStates,0
loud,loud,n,SenseProperty,0
In,in,s,Positivity,0
Heaven,heaven,s,Positivity,1
and,and,s,,0
earth,earth,c,SpaceRelation,0
",",",",s,,0
and,and,s,,0
I,i,s,SelfDisclosure,0
am,am,s,SelfDisclosure,1
sent,sent,s,ReportingEvents,0
from,from,s,,0
her,her,n,PersonPronoun,0
The,the,s,,0
Queen,queen,s,PersonProperty,0
of,of,s,,0
marriage,marriage,c,CommonAuthorities,0
",",",",s,,0
that,that,s,ProjectBack,0
was,was,s,ProjectBack,1
present,present,s,,0
here,here,c,SpaceRelation,0
",",",",n,SpaceRelation,1
And,and,s,,0
smild,smild,s,UNRECOGNIZED,0
to,to,s,ProjectAhead,0
see,see,s,ProjectAhead,1
them,them,s,,0
join,join,c,ReportingEvents,0
",",",",s,,0
and,and,s,,0
has,has,s,DenyDisclaim,0
not,not,s,DenyDisclaim,1
chid,chid,n,Negativity,0
Since,since,s,,0
it,it,s,ProjectBack,0
was,was,s,ProjectBack,1
done,done,c,ReportingStates,0
.,.,s,ReportingStates,1
Gooo,gooo,s,UNRECOGNIZED,0
Hermes,hermes,s,,0
let,let,s,ReportingEvents,0
me,me,s,FirstPer,0
go,go,c,ReportingEvents,0
.,.,nn,,0
Nay,nay,s,OralCues,0
you,you,s,Insist,0
must,must,s,Insist,1
stay,stay,c,TimeDuration,0
;,;,s,,0
Joves,joves,s,,0
message,message,s,AbstractConcepts,0
is,is,s,Comparison,0
the,the,s,Comparison,1
same,same,n,Comparison,2
Whose,whose,s,PersonPronoun,0
eyes,eyes,s,SenseObject,0
are,are,s,ReportingStates,0
lightning,lightning,c,SenseObject,0
",",",",s,,0
and,and,s,,0
whose,whose,s,PersonPronoun,0
voice,voice,s,,0
is,is,s,ReportingStates,0
thunder,thunder,c,SenseObject,0
",",",",n,,0
Whose,whose,s,PersonPronoun,0
breath,breath,s,SenseObject,0
is,is,s,ReportingStates,0
aerie,aerie,s,SenseObject,0
wind,wind,c,SenseProperty,0
",",",",s,,0
he,he,s,PersonPronoun,0
will,will,c,PredictedFuture,0
",",",",s,,0
who,who,s,Uncertainty,0
knows,knows,n,Uncertainty,1
How,how,s,Curiosity,0
to,to,s,Curiosity,1
be,be,s,ReportingStates,0
first,first,s,Sequence,0
in,in,s,,0
Earth,earth,s,SpaceRelation,0
as,as,s,Metadiscourse,0
well,well,s,Metadiscourse,1
as,as,s,Metadiscourse,2
Heaven,heaven,c,Positivity,0
.,.,nn,Resistance,0
But,but,s,Resistance,1
what,what,s,Question,0
has,has,s,Question,1
he,he,s,Question,2
to,to,s,,0
do,do,s,ReportingEvents,0
with,with,s,ReportingEvents,1
Nuptial,nuptial,s,GenericEvents,0
rites,rites,c,CommonAuthorities,0
?,?,n,Question,0
Let,let,s,ReportingEvents,0
him,him,s,ReportingEvents,1
sit,sit,s,SenseProperty,0
pleased,pleased,s,Positivity,0
upon,upon,s,,0
his,his,s,PersonPronoun,0
Starry,starry,s,SenseProperty,0
throne,throne,c,SenseObject,0
",",",",n,,0
And,and,s,,0
fright,fright,s,Negativity,0
poor,poor,s,Negativity,0
mortals,mortals,s,PersonProperty,0
with,with,s,,0
his,his,s,PersonPronoun,0
Thunderbolts,thunderbolts,c,SenseObject,0
",",",",n,,0
Leaving,leaving,s,SceneShift,0
to,to,s,SceneShift,1
us,us,s,Inclusive,0
the,the,s,,0
mutual,mutual,s,Inclusive,0
darts,darts,s,Motions,0
of,of,s,,0
eyes,eyes,c,SenseObject,0
.,.,nn,Metadiscourse,0
Alas,alas,c,Metadiscourse,1
",",",",s,Metadiscourse,2
when,when,s,,0
ever,ever,s,Biographical_Time,0
offered,offered,s,ReportingEvents,0
he,he,s,PersonPronoun,0
to,to,s,,0
abridge,abridge,n,ReportingEvents,0
Your,your,s,DirectAddress,0
Ladies,ladies,s,PersonProperty,0
power,power,c,AbstractConcepts,0
",",",",s,Resistance,0
but,but,s,Resistance,1
only,only,s,Immediacy,0
now,now,c,Immediacy,1
",",",",s,,0
in,in,s,,0
these,these,c,Immediacy,0
",",",",n,Immediacy,1
Whose,whose,s,PersonPronoun,0
match,match,s,SenseObject,0
concerns,concerns,s,Specifiers,0
the,the,s,Specifiers,1
general,general,s,AbstractConcepts,0
government,government,c,CommonAuthorities,0
?,?,n,Question,0
Has,has,s,DenyDisclaim,0
not,not,s,DenyDisclaim,1
each,each,s,Specifiers,0
God,god,s,CommonAuthorities,0
a,a,s,,0
part,part,s,,0
in,in,s,,0
these,these,s,Immediacy,0
high,high,s,,0
joys,joys,c,Positivity,0
?,?,n,Question,0
And,and,s,,0
shall,shall,s,ProjectAhead,0
not,not,s,ProjectAhead,1
he,he,s,PersonPronoun,0
the,the,s,SenseObject,0
King,king,s,SenseObject,1
of,of,s,,0
Gods,gods,s,CommonAuthorities,0
presume,presume,n,ReasonForward,0
Without,without,s,Contingency,0
proud,proud,s,StandardsPos,0
Juno's,juno's,s,UNRECOGNIZED,0
license,license,c,CommonAuthorities,0
?,?,s,Question,0
let,let,s,ReportingEvents,0
her,her,s,ReportingEvents,1
know,know,n,Confidence,0
That,that,s,Confidence,1
when,when,s,,0
enamourd,enamourd,s,UNRECOGNIZED,0
Jove,jove,s,,0
first,first,s,Sequence,0
gave,gave,s,Narrative_Verbs,0
her,her,s,Narrative_Verbs,1
power,power,n,StandardsPos,0
To,to,s,StandardsPos,1
link,link,s,AbstractConcepts,0
soft,soft,s,SenseProperty,0
hearts,hearts,s,SenseObject,0
in,in,s,,0
undesolving,undesolving,s,UNRECOGNIZED,0
bands,bands,c,SenseObject,0
",",",",n,Sequence,0
He,he,s,Sequence,1
then,then,s,Sequence,2
foresaw,foresaw,c,ProjectAhead,0
",",",",s,,0
and,and,s,,0
to,to,s,,0
himself,himself,s,PersonPronoun,0
reserved,reserved,n,Narrative_Verbs,0
The,the,s,Narrative_Verbs,1
honor,honor,s,StandardsPos,0
of,of,s,Specifiers,0
this,this,s,Specifiers,1
marriage,marriage,c,CommonAuthorities,0
;,;,s,,0
thou,thou,s,DirectAddress,0
shall,shall,s,ProjectAhead,0
stand,stand,n,SpaceRelation,0
Still,still,s,SpaceRelation,1
as,as,s,,0
a,a,s,SenseObject,0
Rock,rock,c,SenseObject,1
",",",",s,,0
while,while,s,TimeDuration,0
I,i,s,FirstPer,0
to,to,s,,0
bless,bless,s,StandardsPos,0
this,this,s,,0
Feast,feast,n,SenseObject,0
Will,will,s,PredictedFuture,0
summon,summon,s,ReportingEvents,0
up,up,s,ReportingEvents,1
with,with,s,,0
mine,mine,s,FirstPer,0
all-charming,all-charming,s,UNRECOGNIZED,0
rod,rod,n,SenseObject,0
The,the,s,,0
Nymphs,nymphs,s,SenseObject,0
of,of,s,,0
Fountains,fountains,c,SenseObject,0
",",",",s,,0
from,from,s,,0
whose,whose,s,PersonPronoun,0
watery,watery,s,SenseProperty,0
locks,locks,c,ReportingEvents,0
",",",",n,,0
(,(,c,,0
Hung,hung,s,ReportingEvents,0
with,with,s,Specifiers,0
the,the,s,Specifiers,1
dew,dew,s,SenseObject,0
of,of,s,,0
blessing,blessing,s,StandardsPos,0
and,and,s,,0
increase,increase,c,Transformation,0
),),n,,0
The,the,s,,0
greedy,greedy,s,Negativity,0
Rivers,rivers,s,SenseObject,0
take,take,s,ReportingEvents,0
their,their,s,ReportingEvents,1
nourishment,nourishment,c,StandardsPos,0
.,.,n,,0
Yea,yea,s,OralCues,0
Nymphs,nymphs,s,SenseObject,0
who,who,s,,0
bathing,bathing,s,Motions,0
in,in,s,DirectAddress,0
your,your,s,DirectAddress,1
loved,loved,s,Positivity,0
Springs,springs,c,Motions,0
",",",",n,,0
Beheld,beheld,s,SpaceRelation,0
these,these,s,Immediacy,0
Rivers,rivers,s,SpaceRelation,0
in,in,s,SpaceRelation,1
their,their,s,PersonPronoun,0
infancy,infancy,c,PersonProperty,0
",",",",n,,0
And,and,s,,0
joy'd,joy'd,s,UNRECOGNIZED,0
to,to,s,ProjectAhead,0
see,see,s,ProjectAhead,1
them,them,s,,0
when,when,s,,0
their,their,s,PersonPronoun,0
circled,circled,s,ReportingEvents,0
heads,heads,n,SenseObject,0
Refresht,refresht,s,UNRECOGNIZED,0
the,the,s,SpaceRelation,0
air,air,c,SpaceRelation,1
",",",",s,,0
and,and,s,,0
spread,spread,s,,0
the,the,s,SenseObject,0
ground,ground,s,SenseObject,1
with,with,s,,0
Flowers,flowers,c,SenseObject,0
:,:,n,,0
Rise,rise,s,Motions,0
from,from,s,Motions,1
your,your,s,DirectAddress,0
Wells,wells,c,Motions,0
",",",",s,,0
and,and,s,,0
with,with,s,DirectAddress,0
your,your,s,DirectAddress,1
nimble,nimble,s,Positivity,0
feet,feet,n,SenseObject,0
Perform,perform,s,ReportingEvents,0
that,that,s,,0
Office,office,s,SenseObject,0
to,to,s,,0
this,this,s,,0
happy,happy,s,Positivity,0
pair,pair,c,AbstractConcepts,0
",",",",n,Aside,0
Which,which,s,Aside,1
in,in,s,,0
these,these,s,Immediacy,0
plains,plains,s,SenseObject,0
you,you,s,DirectAddress,0
to,to,s,,0
Alpheus,alpheus,s,UNRECOGNIZED,0
did,did,c,ReportingStates,0
",",",",n,ReportingStates,1
When,when,s,,0
passing,passing,s,ReportingEvents,0
hence,hence,c,ReasonForward,0
",",",",s,ReasonForward,1
through,through,s,,0
many,many,s,,0
Seas,seas,s,SenseObject,0
unmixt,unmixt,c,UNRECOGNIZED,0
",",",",n,,0
He,he,s,PersonPronoun,0
gaind,gaind,s,UNRECOGNIZED,0
the,the,s,Positivity,0
favor,favor,s,Positivity,1
of,of,s,,0
his,his,s,PersonPronoun,0
Arethuse,arethuse,c,UNRECOGNIZED,0
.,.,n,,0
The,the,s,,0
Nymphs,nymphs,s,SenseObject,0
rise,rise,s,Motions,0
and,and,s,,0
dance,dance,s,Motions,0
a,a,s,SubjectivePercept,0
little,little,c,SubjectivePercept,1
",",",",s,,0
and,and,s,Sequence,0
then,then,s,Sequence,1
make,make,s,Resistance,0
a,a,s,Resistance,1
stand,stand,c,Resistance,2
.,.,nn,,0
Is,is,s,ReportingStates,0
Hermes,hermes,s,,0
grown,grown,s,Narrative_Verbs,0
a,a,s,Narrative_Verbs,1
Lover,lover,c,Positivity,0
?,?,s,Question,0
by,by,s,Uncertainty,0
what,what,s,Uncertainty,1
power,power,n,AbstractConcepts,0
Unknown,unknown,s,Uncertainty,0
to,to,s,Inclusive,0
us,us,s,Inclusive,1
calls,calls,s,ReportingEvents,0
he,he,s,PersonPronoun,0
the,the,s,,0
maids,maids,c,PersonProperty,0
?,?,nn,Question,0
Presumptuous,presumptuous,s,StandardsNeg,0
Iris,iris,c,SenseObject,0
",",",",s,,0
I,i,s,Contingency,0
could,could,s,Contingency,1
make,make,s,ReportingEvents,0
thee,thee,s,DirectAddress,0
dance,dance,n,Motions,0
Till,till,s,AbstractConcepts,0
thou,thou,s,DirectAddress,0
forgetst,forgetst,s,UNRECOGNIZED,0
thy,thy,s,DirectAddress,0
Ladies,ladies,s,PersonProperty,0
messages,messages,c,ReportingEvents,0
",",",",n,,0
And,and,s,,0
ranst,ranst,s,UNRECOGNIZED,0
back,back,s,,0
crying,crying,s,ReportingEvents,0
to,to,s,ReportingEvents,1
her,her,c,PersonPronoun,0
;,;,s,,0
thou,thou,s,DirectAddress,0
shall,shall,s,ProjectAhead,0
know,know,n,Confidence,0
My,my,s,FirstPer,0
power,power,s,AbstractConcepts,0
is,is,s,ReportingStates,0
more,more,c,Comparison,0
",",",",s,,0
only,only,s,SubjectivePercept,0
my,my,s,FirstPer,0
breath,breath,c,SenseObject,0
",",",",s,,0
and,and,s,,0
this,this,n,,0
Shall,shall,s,ProjectAhead,0
move,move,s,Motions,0
fixed,fixed,s,AbstractConcepts,0
Stars,stars,c,AbstractConcepts,1
",",",",s,,0
and,and,s,,0
force,force,s,,0
the,the,s,,0
Firmament,firmament,n,StandardsPos,0
To,to,s,,0
yield,yield,s,ReportingEvents,0
the,the,s,,0
Hyades,hyades,c,UNRECOGNIZED,0
",",",",s,,0
who,who,s,,0
govern,govern,s,ReportingEvents,0
showers,showers,c,Motions,0
",",",",n,,0
And,and,s,,0
dewy,dewy,s,SenseProperty,0
clouds,clouds,c,SenseObject,0
",",",",s,,0
in,in,s,PersonProperty,0
whose,whose,s,PersonProperty,1
dispersed,dispersed,s,ReportingEvents,0
drops,drops,n,,0
Thou,thou,s,DirectAddress,0
formst,formst,s,UNRECOGNIZED,0
the,the,s,Resemblances,0
shape,shape,s,Resemblances,1
of,of,s,Resemblances,2
thy,thy,s,DirectAddress,0
deceitful,deceitful,s,Anger,0
Bow,bow,c,SenseObject,0
.,.,n,,0
Yea,yea,s,OralCues,0
maids,maids,s,PersonProperty,0
who,who,s,,0
yearly,yearly,s,RecurringEvents,0
at,at,s,,0
appointed,appointed,s,CommonAuthorities,0
times,times,n,AbstractConcepts,0
Advance,advance,s,ReportingEvents,0
with,with,s,,0
kindly,kindly,s,StandardsPos,0
tears,tears,c,Sad,0
",",",",s,,0
the,the,s,Positivity,0
gentle,gentle,s,Positivity,1
floods,floods,n,SenseObject,0
Descend,descend,c,SpaceRelation,0
",",",",s,,0
and,and,s,,0
pour,pour,s,Motions,0
your,your,s,DirectAddress,0
blessing,blessing,s,StandardsPos,0
on,on,s,,0
these,these,s,Immediacy,0
streams,streams,c,SenseObject,0
",",",",n,Aside,0
Which,which,s,Aside,1
rolling,rolling,s,Motions,0
down,down,s,SpaceRelation,0
from,from,s,SpaceRelation,1
Heaven-aspiring,heaven-aspiring,s,CommonAuthorities,0
hills,hills,c,SpaceRelation,0
",",",",n,,0
And,and,s,Immediacy,0
now,now,s,Immediacy,1
united,united,s,Inclusive,0
in,in,s,Inclusive,1
the,the,s,,0
fruitful,fruitful,s,Positivity,0
vailes,vailes,c,UNRECOGNIZED,0
",",",",n,,0
Bear,bear,s,SenseObject,0
all,all,s,,0
before,before,s,SpaceRelation,0
them,them,c,SpaceRelation,1
",",",",s,,0
ravished,ravished,s,Intensity,0
with,with,s,,0
their,their,s,PersonPronoun,0
joy,joy,c,Positivity,0
",",",",n,,0
And,and,s,,0
swell,swell,s,Transformation,0
in,in,s,StandardsPos,0
glory,glory,s,StandardsPos,1
till,till,s,TimeShift,0
they,they,s,TimeShift,1
know,know,s,Intensity,0
no,no,s,Intensity,1
bounds,bounds,c,Intensity,2
.,.,nn,,0
Great,great,s,Intensity,0
wit,wit,s,StandardsPos,0
and,and,s,,0
power,power,s,AbstractConcepts,0
has,has,s,,0
Hermes,hermes,s,,0
to,to,s,,0
contrive,contrive,n,ProjectAhead,0
A,a,s,ProjectAhead,1
lively,lively,s,Motions,0
dance,dance,c,Motions,1
",",",",s,Aside,0
which,which,s,Aside,1
of,of,s,,0
one,one,s,Numbers,0
sex,sex,s,AbstractConcepts,0
consists,consists,c,ReportingEvents,0
.,.,nn,Metadiscourse,0
Alas,alas,s,Metadiscourse,1
poor,poor,s,Negativity,0
Iris,iris,c,SenseObject,0
",",",",s,,0
Venus,venus,s,UNRECOGNIZED,0
has,has,s,ProjectAhead,0
in,in,s,ProjectAhead,1
store,store,n,ProjectAhead,2
A,a,s,Disclosure,0
secret,secret,s,Disclosure,1
ambush,ambush,s,Negative_Relation,0
of,of,s,,0
her,her,s,PersonPronoun,0
winged,winged,s,SenseProperty,0
boys,boys,c,PersonProperty,0
",",",",n,,0
Who,who,s,,0
lurking,lurking,s,Motions,0
long,long,s,SenseProperty,0
within,within,s,,0
these,these,s,Immediacy,0
pleasant,pleasant,s,Positivity,0
groves,groves,n,SenseObject,0
First,first,s,Sequence,0
stuck,stuck,s,Motions,0
these,these,s,Immediacy,0
lovers,lovers,s,Positivity,0
with,with,s,,0
their,their,s,PersonPronoun,0
equal,equal,s,Comparison,0
darts,darts,c,Motions,0
",",",",n,,0
Those,those,s,,0
Cupids,cupids,s,Positivity,0
shall,shall,s,ProjectAhead,0
come,come,s,ReportingEvents,0
forth,forth,s,ReportingEvents,1
and,and,s,,0
join,join,s,Inclusive,0
with,with,s,Inclusive,1
these,these,c,Immediacy,0
",",",",n,Immediacy,1
To,to,s,,0
honor,honor,s,StandardsPos,0
that,that,s,Specifiers,0
which,which,s,Specifiers,1
they,they,s,,0
themselves,themselves,s,PersonPronoun,0
began,began,c,Sequence,0
.,.,nn,Imperative,0
Behold,behold,s,Imperative,1
the,the,s,Imperative,2
Statues,statues,s,SenseObject,0
which,which,s,,0
wise,wise,s,StandardsPos,0
Vulcan,vulcan,s,UNRECOGNIZED,0
placed,placed,n,ReportingEvents,0
Under,under,s,ReportingEvents,1
the,the,s,SenseObject,0
Altar,altar,s,SenseObject,1
of,of,s,,0
Olympian,olympian,s,,0
Jove,jove,c,,0
",",",",n,,0
And,and,s,,0
gave,gave,s,ReportingEvents,0
to,to,s,ReportingEvents,1
them,them,s,,0
an,an,s,,0
artificial,artificial,s,SubjectivePercept,0
life,life,c,AbstractConcepts,0
:,:,n,,0
See,see,s,Curiosity,0
how,how,s,Curiosity,1
they,they,s,,0
move,move,c,Motions,0
",",",",s,,0
drawn,drawn,s,SpaceRelation,0
by,by,s,SpaceRelation,1
this,this,s,,0
heavenly,heavenly,s,Positivity,0
joy,joy,c,Positivity,0
",",",",n,,0
Like,like,s,Resemblances,0
the,the,s,Resemblances,1
wild,wild,s,Intensity,0
Trees,trees,s,SenseObject,0
which,which,s,,0
followed,followed,s,ReportingEvents,0
Orpheus,orpheus,s,UNRECOGNIZED,0
Harp,harp,c,SenseObject,0
.,.,nn,DirectAddress,0
And,and,s,DirectAddress,1
what,what,s,Future_Question,0
will,will,s,Future_Question,1
Juno's,juno's,s,UNRECOGNIZED,0
Iris,iris,s,SenseObject,0
do,do,s,Positivity,0
for,for,s,Positivity,1
her,her,c,PersonPronoun,0
?,?,nn,Question,0
Just,just,s,Intensity,0
match,match,s,SenseObject,0
this,this,s,,0
show,show,c,ReportingEvents,0
",",",",s,,0
or,or,s,,0
mine,mine,s,FirstPer,0
inventions,inventions,s,StandardsPos,0
fail,fail,c,StandardsNeg,0
",",",",n,,0
Had,had,s,ProjectBack,0
it,it,s,ProjectBack,1
been,been,s,ProjectBack,2
worthier,worthier,c,StandardsPos,0
",",",",s,,0
I,i,s,SelfDisclosure,0
would,would,s,SelfDisclosure,1
have,have,s,SelfDisclosure,2
invoked,invoked,n,ReportingEvents,0
The,the,s,,0
blazing,blazing,s,SenseProperty,0
Comets,comets,c,SenseObject,0
",",",",s,,0
Clouds,clouds,s,SenseObject,0
and,and,s,,0
falling,falling,s,,0
Stars,stars,c,SenseObject,0
",",",",n,,0
And,and,s,Generalization,0
all,all,s,Generalization,1
my,my,s,FirstPer,0
kindred,kindred,s,Positivity,0
meteors,meteors,s,SenseObject,0
of,of,s,SenseProperty,0
the,the,s,SenseProperty,1
air,air,c,SenseProperty,2
",",",",n,,0
To,to,s,,0
have,have,s,,0
excelled,excelled,s,StandardsPos,0
it,it,c,,0
;,;,s,Resistance,0
but,but,s,Resistance,1
I,i,s,FirstPer,0
now,now,s,Immediacy,0
must,must,s,Insist,0
strive,strive,n,ProjectAhead,0
To,to,s,ProjectAhead,1
imitate,imitate,s,ReportingEvents,0
confusion,confusion,c,Negativity,0
;,;,s,,0
Therefore,therefore,s,ReasonForward,0
thou,thou,n,DirectAddress,0
Delightful,delightful,s,Positivity,0
Flora,flora,c,SenseObject,0
",",",",s,,0
if,if,s,Contingency,0
thou,thou,s,DirectAddress,0
ever,ever,s,Biographical_Time,0
feltst,feltst,n,UNRECOGNIZED,0
Increase,increase,s,Transformation,0
of,of,s,Transformation,1
sweetness,sweetness,s,SenseObject,0
in,in,s,,0
those,those,s,,0
blooming,blooming,s,SenseProperty,0
Plants,plants,c,SenseObject,0
",",",",n,,0
On,on,s,AbstractConcepts,0
which,which,s,AbstractConcepts,1
the,the,s,SenseObject,0
horns,horns,s,SenseObject,1
of,of,s,,0
my,my,s,FirstPer,0
fair,fair,s,StandardsPos,0
Bow,bow,s,SenseObject,0
decline,decline,c,Negativity,0
",",",",n,,0
Send,send,s,ReportingEvents,0
hither,hither,s,SpaceRelation,0
all,all,s,Generalization,0
that,that,s,Generalization,1
rural,rural,s,AbstractConcepts,0
company,company,c,AbstractConcepts,0
",",",",n,Aside,0
Which,which,s,Aside,1
deck,deck,s,SenseObject,0
the,the,s,,0
Maygames,maygames,s,UNRECOGNIZED,0
with,with,s,,0
their,their,s,PersonPronoun,0
clownish,clownish,s,PersonProperty,0
sports,sports,c,SenseProperty,0
;,;,n,,0
Juno,juno,s,,0
will,will,s,PredictedFuture,0
have,have,s,PredictedFuture,1
it,it,s,,0
so,so,c,Intensity,0
.,.,nn,Intensity,1
Iris,iris,c,SenseObject,0
",",",",s,,0
we,we,s,,0
strive,strive,n,ProjectAhead,0
Like,like,s,SubjectivePercept,0
winds,winds,s,SenseProperty,0
at,at,s,CommonAuthorities,0
liberty,liberty,c,CommonAuthorities,1
",",",",s,,0
who,who,s,Curiosity,0
should,should,s,Curiosity,1
do,do,s,Curiosity,2
worst,worst,n,Negativity,0
Ere,ere,s,ProjectBack,0
we,we,s,,0
return,return,c,RecurringEvents,0
.,.,s,,0
If,if,s,Contingency,0
Juno,juno,s,,0
be,be,s,ReportingStates,0
the,the,s,ReportingStates,1
Queen,queen,n,PersonProperty,0
Of,of,s,,0
marriages,marriages,c,CommonAuthorities,0
",",",",s,,0
let,let,s,ReportingEvents,0
her,her,s,ReportingEvents,1
give,give,s,,0
happy,happy,s,Positivity,0
way,way,n,AbstractConcepts,0
To,to,s,Curiosity,0
what,what,s,Curiosity,1
is,is,s,Curiosity,2
done,done,s,Sequence,0
in,in,s,Sequence,1
honor,honor,s,StandardsPos,0
of,of,s,CommonAuthorities,0
the,the,s,CommonAuthorities,1
State,state,n,CommonAuthorities,2
She,she,s,Neutral_Attribution,0
governs,governs,c,Neutral_Attribution,1
.,.,nn,,0
Hermes,hermes,c,,0
",",",",s,ReasonForward,0
so,so,s,ReasonForward,1
it,it,s,Contingency,0
may,may,s,Contingency,1
be,be,s,Contingency,2
done,done,n,ReportingStates,0
Merely,merely,s,Intensity,0
in,in,s,Intensity,1
honor,honor,s,StandardsPos,0
of,of,s,CommonAuthorities,0
the,the,s,CommonAuthorities,1
State,state,c,CommonAuthorities,2
",",",",s,,0
and,and,s,,0
those,those,n,AbstractConcepts,0
That,that,s,AbstractConcepts,1
now,now,s,Updates,0
have,have,s,Updates,1
proved,proved,s,Confidence,0
it,it,c,,0
;,;,s,,0
not,not,s,DenyDisclaim,0
to,to,s,DenyDisclaim,1
satisfy,satisfy,n,StandardsPos,0
The,the,s,,0
lust,lust,s,Intensity,0
of,of,s,,0
Jupiter,jupiter,c,UNRECOGNIZED,0
",",",",s,,0
in,in,s,,0
having,having,s,ReportingEvents,0
thanks,thanks,n,Acknowledge,0
More,more,s,Comparison,0
then,then,s,,0
his,his,s,PersonPronoun,0
Juno,juno,c,,0
",",",",s,,0
if,if,s,Contingency,0
thy,thy,s,DirectAddress,0
Snaky,snaky,s,Negative_Relation,0
rod,rod,n,SenseObject,0
Have,have,s,ReportingEvents,0
power,power,s,ReportingEvents,1
to,to,s,,0
search,search,s,ReportingEvents,0
the,the,s,ReportingEvents,1
Heaven,heaven,c,Positivity,0
",",",",s,,0
or,or,s,,0
sound,sound,s,SenseProperty,0
the,the,s,SenseProperty,1
Sea,sea,c,SenseObject,0
",",",",n,,0
Or,or,s,,0
call,call,s,ReportingEvents,0
together,together,s,ReportingEvents,1
all,all,s,Generalization,0
the,the,s,Generalization,1
ends,ends,s,SpaceRelation,0
of,of,s,SpaceRelation,1
earth,earth,c,SpaceRelation,0
",",",",n,,0
To,to,s,,0
bring,bring,s,,0
thee,thee,s,DirectAddress,0
any,any,s,Specifiers,0
thing,thing,s,Specifiers,1
that,that,s,Uncertainty,0
may,may,s,Uncertainty,1
do,do,s,Intensity,0
grace,grace,n,StandardsPos,0
To,to,s,Inclusive,0
us,us,c,Inclusive,1
",",",",s,,0
amd,amd,s,UNRECOGNIZED,0
these,these,c,Immediacy,0
",",",",s,Immediacy,1
do,do,s,ReportingEvents,0
it,it,c,ReportingEvents,1
",",",",s,,0
we,we,s,Metadiscourse,0
shall,shall,s,Metadiscourse,1
be,be,s,ReportingStates,0
pleased,pleased,c,Positivity,0
.,.,nn,Sequence,0
Then,then,s,Sequence,1
know,know,s,Confidence,0
that,that,s,Confidence,1
from,from,s,Citations,0
the,the,s,Citations,1
mouth,mouth,s,Citations,2
of,of,s,Citations,3
Jove,jove,s,,0
himself,himself,c,PersonPronoun,0
",",",",n,,0
Whose,whose,s,PersonPronoun,0
words,words,s,LangRef,0
have,have,s,,0
wings,wings,c,SenseObject,0
",",",",s,,0
and,and,s,,0
need,need,s,Insist,0
not,not,s,Insist,1
to,to,s,Insist,2
be,be,s,Insist,3
borne,borne,c,ReportingStates,0
",",",",n,ReportingStates,1
I,i,s,FirstPer,0
took,took,s,ReportingEvents,0
a,a,s,ReportingEvents,1
message,message,c,AbstractConcepts,0
",",",",s,,0
and,and,s,,0
I,i,s,FirstPer,0
bore,bore,s,Negativity,0
it,it,s,Negativity,1
through,through,n,,0
A,a,s,,0
thousand,thousand,s,Numbers,0
yielding,yielding,s,ReportingEvents,0
clouds,clouds,c,SenseObject,0
",",",",s,,0
and,and,s,,0
never,never,s,DenyDisclaim,0
staid,staid,n,StandardsPos,0
Till,till,s,Motions,0
his,his,s,Motions,1
high,high,s,,0
will,will,s,PredictedFuture,0
was,was,s,ProjectBack,0
done,done,c,ReportingStates,0
:,:,s,,0
The,the,s,,0
Olympian,olympian,s,GenericEvents,0
games,games,n,GenericEvents,1
Which,which,s,,0
long,long,s,SenseProperty,0
had,had,s,ProjectBack,0
slept,slept,c,ReportingStates,0
",",",",s,ReportingStates,1
at,at,s,,0
these,these,s,Immediacy,0
wished,wished,s,ProjectAhead,0
nuptials,nuptials,c,GenericEvents,0
",",",",n,,0
He,he,s,PersonPronoun,0
pleased,pleased,s,Positivity,0
to,to,s,Positivity,1
have,have,s,,0
renewed,renewed,c,Updates,0
",",",",s,,0
and,and,s,Generalization,0
all,all,s,Generalization,1
his,his,s,PersonPronoun,0
Knights,knights,n,PersonProperty,0
Are,are,s,SpaceRelation,0
gathered,gathered,s,SpaceRelation,1
hither,hither,c,SpaceRelation,0
",",",",s,,0
who,who,s,,0
within,within,s,,0
their,their,s,PersonPronoun,0
Tents,tents,n,SenseObject,0
Rest,rest,s,ReportingEvents,0
on,on,s,ReportingEvents,1
this,this,s,,0
hill,hill,c,SenseObject,0
",",",",s,,0
upon,upon,s,,0
whose,whose,s,PersonPronoun,0
rising,rising,s,Motions,0
head,head,n,SenseObject,0
Behold,behold,s,SpaceRelation,0
Joves,joves,s,,0
Altar,altar,c,SenseObject,0
",",",",s,,0
and,and,s,,0
his,his,s,PersonPronoun,0
blessed,blessed,s,StandardsPos,0
Priests,priests,n,PersonProperty,0
Moving,moving,s,Motions,0
about,about,s,Motions,1
it,it,c,,0
;,;,s,,0
come,come,s,ReportingEvents,0
you,you,s,DirectAddress,0
holy,holy,s,PersonProperty,0
men,men,c,PersonProperty,1
",",",",n,,0
And,and,s,,0
with,with,s,DirectAddress,0
your,your,s,DirectAddress,1
voices,voices,s,SenseObject,0
draw,draw,s,Motions,0
these,these,s,Immediacy,0
youths,youths,s,PersonProperty,0
along,along,c,SpaceRelation,0
",",",",n,,0
That,that,s,,0
till,till,s,AbstractConcepts,0
Joves,joves,s,,0
Music,music,s,SenseProperty,0
call,call,s,ReportingEvents,0
them,them,s,,0
to,to,s,,0
their,their,s,PersonPronoun,0
games,games,c,AbstractConcepts,0
",",",",n,,0
Their,their,s,PersonPronoun,0
active,active,s,,0
sports,sports,s,SenseProperty,0
may,may,s,Contingency,0
give,give,s,ReportingEvents,0
a,a,s,ReportingEvents,1
blessed,blessed,s,StandardsPos,0
content,content,n,Positivity,0
To,to,s,Positivity,1
those,those,s,Resistance,0
for,for,s,Resistance,1
whom,whom,s,PersonProperty,0
they,they,s,PersonProperty,1
are,are,s,ReportingStates,0
again,again,s,RecurringEvents,0
begun,begun,c,ProjectBack,0
.,.,nn,Imperative,0
Shake,shake,s,Imperative,1
off,off,s,DirectAddress,0
your,your,s,DirectAddress,1
heavy,heavy,s,SenseProperty,0
trance,trance,c,PrivateThinking,0
",",",",n,,0
and,and,s,,0
leap,leap,s,Motions,0
into,into,s,Transformation,0
a,a,s,Transformation,1
dance,dance,c,Motions,0
",",",",n,,0
Such,such,s,Specifiers,0
as,as,s,Specifiers,1
no,no,s,DenyDisclaim,0
mortals,mortals,s,PersonProperty,0
use,use,s,ReportingEvents,0
to,to,s,,0
tread,tread,c,ReportingStates,0
",",",",n,ReportingStates,1
fit,fit,s,ReportingEvents,0
only,only,s,SubjectivePercept,0
for,for,s,SubjectivePercept,1
Apollo,apollo,n,UNRECOGNIZED,0
To,to,s,,0
play,play,s,ReportingEvents,0
to,to,c,,0
",",",",s,ReasonForward,0
for,for,s,ReasonForward,1
the,the,s,SenseObject,0
Moon,moon,s,SenseObject,1
to,to,s,,0
lead,lead,c,,0
",",",",n,,0
And,and,s,Generalization,0
all,all,s,Generalization,1
the,the,s,,0
Stars,stars,s,SenseObject,0
to,to,s,,0
follow,follow,c,,0
.,.,nn,,0
On,on,s,,0
blessed,blessed,s,StandardsPos,0
youths,youths,c,PersonProperty,0
",",",",s,ReasonForward,0
for,for,s,ReasonForward,1
Jove,jove,s,,0
does,does,s,ReportingEvents,0
pause,pause,c,TimeDuration,0
",",",",n,,0
Laying,laying,s,SpaceRelation,0
aside,aside,s,SpaceRelation,0
his,his,s,PersonPronoun,0
graver,graver,s,Negativity,0
Laws,laws,n,AbstractConcepts,0
For,for,s,,0
this,this,s,,0
device,device,c,SenseObject,0
:,:,n,,0
And,and,s,,0
at,at,s,SpaceRelation,0
the,the,s,SpaceRelation,1
wedding,wedding,s,GenericEvents,0
such,such,s,Specifiers,0
a,a,s,Specifiers,1
pair,pair,c,AbstractConcepts,0
",",",",n,,0
Each,each,s,Specifiers,0
dance,dance,s,Motions,0
is,is,s,ReportingStates,0
taken,taken,s,ProjectBack,0
for,for,s,,0
a,a,s,,0
prayer,prayer,c,CommonAuthorities,0
",",",",n,,0
Each,each,s,Specifiers,0
Song,song,s,SenseObject,0
a,a,s,,0
Sacrifice,sacrifice,c,StandardsPos,0
.,.,nn,,0
More,more,s,Comparison,0
pleasing,pleasing,s,Positivity,0
were,were,s,ProjectBack,0
these,these,s,Immediacy,0
sweet,sweet,s,SenseProperty,0
delights,delights,c,Positivity,0
",",",",n,,0
If,if,s,Contingency,0
Ladies,ladies,s,PersonProperty,0
moved,moved,s,ReportingEvents,0
as,as,s,Metadiscourse,0
well,well,s,Metadiscourse,1
as,as,s,Metadiscourse,2
Knights,knights,c,PersonProperty,0
;,;,n,,0
Run,run,s,ReportingEvents,0
every,every,s,Generalization,0
one,one,s,Generalization,1
of,of,s,Generalization,2
you,you,s,DirectAddress,0
and,and,s,,0
catch,catch,n,ReportingEvents,0
A,a,s,ReportingEvents,1
Nymph,nymph,c,SenseObject,0
",",",",s,,0
in,in,s,StandardsPos,0
honor,honor,s,StandardsPos,1
of,of,s,StandardsPos,2
this,this,s,,0
match,match,c,SenseObject,0
;,;,n,,0
And,and,s,,0
whisper,whisper,s,Motions,0
boldly,boldly,s,Confidence,0
in,in,s,Specifiers,0
her,her,s,Specifiers,1
ear,ear,c,SenseObject,0
",",",",n,,0
Jove,jove,s,,0
will,will,s,PredictedFuture,0
but,but,s,Resistance,0
laugh,laugh,s,Positivity,0
if,if,s,Contingency,0
you,you,s,DirectAddress,0
forswear,forswear,c,Negativity,0
.,.,nn,DirectAddress,0
And,and,s,DirectAddress,1
this,this,s,,0
days,days,s,TimeDuration,0
sins,sins,s,StandardsNeg,0
he,he,s,PersonPronoun,0
does,does,s,ReportingEvents,0
resolve,resolve,c,StandardsPos,0
",",",",n,,0
That,that,s,Inclusive,0
we,we,s,Inclusive,1
his,his,s,PersonPronoun,0
Priests,priests,s,PersonProperty,0
should,should,s,Insist,0
all,all,s,,0
absolve,absolve,c,Positivity,0
.,.,nn,,0
You,you,s,Insist,0
should,should,s,Insist,1
stay,stay,s,TimeDuration,0
longer,longer,s,Comparison,0
if,if,s,Contingency,0
we,we,s,,0
durst,durst,n,SubjectivePercept,0
Away,away,c,,0
",",",",s,,0
alas,alas,s,Negativity,0
that,that,s,,0
he,he,s,CommonAuthorities,0
that,that,s,CommonAuthorities,1
first,first,n,Sequence,0
Gave,gave,s,ReportingEvents,0
time,time,s,,0
wild,wild,s,Intensity,0
wings,wings,s,SenseObject,0
to,to,s,,0
fly,fly,s,Motions,0
away,away,c,,0
",",",",n,,0
Has,has,s,Updates,0
now,now,s,Updates,1
no,no,s,DenyDisclaim,0
power,power,s,StandardsPos,0
to,to,s,StandardsPos,1
make,make,s,Cause,0
him,him,s,Cause,1
stay,stay,c,TimeDuration,0
.,.,n,DirectAddress,0
And,and,s,DirectAddress,1
though,though,s,Concessive,0
these,these,s,Immediacy,0
games,games,s,AbstractConcepts,0
must,must,s,Insist,0
needs,needs,s,Insist,0
be,be,s,Insist,1
played,played,c,ReportingStates,0
",",",",n,ReportingStates,1
I,i,s,SelfDisclosure,0
would,would,s,SelfDisclosure,1
these,these,s,Immediacy,0
pair,pair,s,AbstractConcepts,0
when,when,s,TimeShift,0
they,they,s,TimeShift,1
are,are,s,ReportingStates,0
laid,laid,c,ReportingStates,0
",",",",n,ReportingStates,1
And,and,s,DenyDisclaim,0
not,not,s,DenyDisclaim,1
a,a,s,,0
creature,creature,s,SenseObject,0
nigh,nigh,s,SenseProperty,0
',',c,,0
em,em,c,SpaceRelation,0
",",",",n,,0
Might,might,s,Contingency,0
catch,catch,s,ReportingEvents,0
his,his,s,PersonPronoun,0
sith,sith,s,UNRECOGNIZED,0
as,as,s,TimeDuration,0
he,he,s,TimeDuration,1
does,does,s,ReportingEvents,0
pass,pass,c,ReportingEvents,0
",",",",n,,0
And,and,s,,0
clip,clip,s,Negativity,0
his,his,s,Negativity,1
wings,wings,c,Negativity,2
",",",",s,,0
and,and,s,,0
break,break,s,Negativity,0
his,his,s,Negativity,1
glass,glass,c,Negativity,2
",",",",n,,0
And,and,s,,0
keep,keep,s,TimeDuration,0
him,him,s,PersonPronoun,0
ever,ever,s,Biographical_Time,0
by,by,s,,0
',',c,,0
em,em,c,SpaceRelation,0
.,.,nn,,0
Peace,peace,s,StandardsPos,0
and,and,s,,0
silence,silence,s,SenseProperty,0
be,be,s,ReportingStates,0
the,the,s,ReportingStates,1
guide,guide,n,AbstractConcepts,0
To,to,s,Generalization,0
the,the,s,Generalization,1
man,man,c,Generalization,2
",",",",s,,0
and,and,s,,0
to,to,s,,0
the,the,s,,0
Bride,bride,c,PersonProperty,0
:,:,n,,0
If,if,s,Contingency,0
there,there,s,Contingency,1
be,be,s,Contingency,2
a,a,s,,0
joy,joy,s,Positivity,0
yet,yet,s,Resistance,0
new,new,n,,0
In,in,s,CommonAuthorities,0
marriage,marriage,c,CommonAuthorities,1
",",",",s,,0
let,let,s,ReportingEvents,0
it,it,s,,0
fall,fall,s,Motions,0
on,on,s,Motions,1
you,you,c,DirectAddress,0
",",",",n,,0
That,that,s,Generalization,0
all,all,s,Generalization,1
the,the,s,,0
World,world,s,AbstractConcepts,0
may,may,s,Contingency,0
wonder,wonder,c,Curiosity,0
:,:,n,,0
If,if,s,Contingency,0
we,we,s,Insist,0
should,should,s,Insist,1
stay,stay,c,TimeDuration,0
",",",",s,,0
we,we,s,Insist,0
should,should,s,Insist,1
do,do,s,Intensity,0
worse,worse,c,Negativity,0
",",",",n,,0
And,and,s,,0
turn,turn,s,,0
our,our,s,Inclusive,0
blessings,blessings,s,StandardsPos,0
to,to,s,,0
a,a,s,Negativity,0
curse,curse,c,Negativity,1
",",",",n,,0
By,by,s,,0
keeping,keeping,s,DirectAddress,0
you,you,s,DirectAddress,1
asunder,asunder,c,Transformation,0
.,.,nnn,,0
