GOod,good,s,OralCues,0
morrow,morrow,s,OralCues,1
fellow,fellow,s,PersonProperty,0
Filcher,filcher,c,Negativity,0
",",",",n,,0
What,what,c,,0
",",",",s,,0
do,do,s,Question,0
we,we,s,Question,1
sink,sink,s,Contingency,0
or,or,s,Contingency,1
swim,swim,c,Contingency,2
?,?,n,Question,0
Thou,thou,s,DirectAddress,0
look,look,s,Resemblances,0
so,so,s,Resemblances,1
like,like,s,Resemblances,0
a,a,s,Resemblances,1
Pilcher,pilcher,c,UNRECOGNIZED,0
?,?,nn,Question,0
Good,good,s,OralCues,0
morrow,morrow,s,OralCues,1
fellow,fellow,s,PersonProperty,0
Nim,nim,c,GenericEvents,0
",",",",n,,0
The,the,s,Negativity,0
Devil's,devil's,s,Negativity,1
in,in,s,Inclusive,0
our,our,s,Inclusive,1
destiny,destiny,c,ProjectAhead,0
",",",",n,,0
I,i,s,Insist,0
cannot,cannot,s,Insist,1
get,get,s,,0
a,a,s,,0
pluck,pluck,c,StandardsPos,0
.,.,nn,,0
No,no,c,OralCues,0
",",",",s,OralCues,1
surely,surely,s,Confidence,0
if,if,s,Contingency,0
the,the,s,Contingency,1
Devil,devil,s,AbstractConcepts,0
were,were,s,ProjectBack,0
in,in,s,,0
it,it,n,,0
We,we,s,Insist,0
should,should,s,Insist,1
have,have,s,Insist,2
better,better,s,Comparison,0
luck,luck,c,Positivity,0
.,.,nn,Question,0
What,what,s,Question,1
Star,star,s,SenseObject,0
is,is,s,ReportingStates,0
my,my,s,FirstPer,0
director,director,c,CommonAuthorities,0
",",",",n,,0
I,i,s,SelfDisclosure,0
am,am,s,SelfDisclosure,1
in,in,s,Specifiers,0
such,such,s,Specifiers,1
a,a,s,Specifiers,2
state,state,c,,0
?,?,nn,Question,0
Nay,nay,c,OralCues,0
",",",",s,,0
prithee,prithee,s,DirectAddress,0
brother,brother,s,PersonProperty,0
Hector,hector,n,Negativity,0
Do,do,s,DenyDisclaim,0
not,not,s,DenyDisclaim,1
fall,fall,s,Negativity,0
out,out,s,Negativity,1
with,with,s,Negativity,2
Fate,fate,c,SubjectivePercept,0
;,;,n,,0
For,for,s,ReasonForward,0
we,we,s,ReasonForward,1
are,are,s,ReasonForward,2
fortunes,fortunes,s,ProjectAhead,0
Minions,minions,c,PersonProperty,0
",",",",n,,0
And,and,s,,0
sight,sight,s,SenseProperty,0
under,under,s,,0
her,her,s,PersonPronoun,0
banner,banner,c,SenseObject,0
",",",",n,,0
It,it,s,,0
Is,is,s,Question,0
she,she,s,Question,1
is,is,s,ReportingStates,0
Queen,queen,s,PersonProperty,0
of,of,s,Specifiers,0
all,all,s,Specifiers,1
the,the,s,Specifiers,2
world,world,c,AbstractConcepts,0
.,.,nn,,0
A,a,s,,0
mischief,mischief,s,StandardsNeg,0
light,light,s,SceneShift,0
upon,upon,s,SceneShift,1
her,her,c,PersonPronoun,0
.,.,n,,0
No,no,s,DenyDisclaim,0
money,money,s,AbstractConcepts,0
is,is,s,ReportingStates,0
revealed,revealed,s,Disclosure,0
yet,yet,c,Resistance,0
",",",",n,,0
I,i,s,FirstPer,0
wonder,wonder,s,Curiosity,0
where,where,s,Curiosity,1
it,it,s,,0
lingers,lingers,c,SpaceRelation,0
?,?,nn,Question,0
The,the,s,,0
Soldier,soldier,s,PersonProperty,0
has,has,s,,0
concealed,concealed,s,ReportingEvents,0
it,it,c,,0
",",",",n,,0
It,it,s,,0
Is,is,s,ReportingStates,0
fast,fast,s,SubjectiveTime,0
in,in,s,,0
iron,iron,s,SenseObject,0
fingers,fingers,c,SenseObject,0
;,;,n,,0
From,from,s,OpenQuery,0
whence,whence,s,OpenQuery,1
if,if,s,Contingency,0
we,we,s,Contingency,1
could,could,s,Contingency,2
get,get,s,,0
it,it,n,,0
By,by,s,,0
fury,fury,s,Anger,0
or,or,s,,0
by,by,s,,0
fraud,fraud,c,StandardsNeg,0
:,:,n,,0
We,we,s,ProjectBack,0
had,had,s,ProjectBack,1
as,as,s,,0
good,good,s,,0
attempt,attempt,s,ProjectAhead,0
to,to,s,ProjectAhead,1
pick,pick,n,ReportingEvents,0
The,the,s,ReportingEvents,1
Pocket,pocket,s,SenseObject,0
of,of,s,,0
a,a,s,,0
Baud,baud,c,AbstractConcepts,0
",",",",nn,,0
Your,your,s,DirectAddress,0
roaring,roaring,s,Motions,0
Cavalier,cavalier,n,Negative_Relation,0
Who,who,s,,0
when,when,s,TimeShift,0
he,he,s,TimeShift,1
had,had,s,ProjectBack,0
the,the,s,,0
Chink,chink,c,SenseObject,0
",",",",n,,0
Would,would,s,ProjectBack,0
bravely,bravely,s,StandardsPos,0
domineer,domineer,n,Negativity,0
In,in,s,,0
diceing,diceing,c,UNRECOGNIZED,0
",",",",s,,0
drabs,drabs,s,Negativity,0
and,and,s,,0
drink,drink,c,Motions,0
:,:,n,,0
Go,go,s,ReportingEvents,0
ask,ask,s,Request,0
him,him,s,PersonPronoun,0
now,now,s,Immediacy,0
for,for,s,ProjectAhead,0
money,money,n,ProjectAhead,1
And,and,s,,0
he,he,s,Neutral_Attribution,0
has,has,s,Neutral_Attribution,1
none,none,s,DenyDisclaim,0
at,at,s,Intensity,0
all,all,c,Intensity,1
",",",",n,Intensity,2
Bur,bur,s,SenseObject,0
cries,cries,s,Motions,0
it,it,s,,0
is,is,s,ReportingStates,0
in,in,s,,0
my,my,s,FirstPer,0
Compting-house,compting-house,n,UNRECOGNIZED,0
In,in,s,,0
Haberdashers-Hall,haberdashers-hall,c,UNRECOGNIZED,0
.,.,nn,,0
Our,our,s,Inclusive,0
sly,sly,s,SubjectivePercept,0
Trappanning,trappanning,s,UNRECOGNIZED,0
trade,trade,n,AbstractConcepts,0
Maintained,maintained,s,TimeDuration,0
with,with,s,TimeDuration,1
so,so,s,Intensity,0
much,much,s,Intensity,1
fury,fury,c,Anger,0
",",",",n,,0
Is,is,s,ReportingStates,0
openly,openly,s,Disclosure,0
bewrayed,bewrayed,n,SubjectivePercept,0
Both,both,s,,0
by,by,s,,0
the,the,s,PersonProperty,0
Judge,judge,s,PersonProperty,1
and,and,s,,0
Jury,jury,c,CommonAuthorities,0
;,;,n,,0
For,for,s,,0
Lawyers,lawyers,s,PersonProperty,0
have,have,s,,0
so,so,s,Intensity,0
many,many,s,Intensity,1
quirks,quirks,c,SubjectivePercept,0
",",",",n,,0
And,and,s,,0
are,are,s,Intensity,0
such,such,s,Intensity,1
curious,curious,s,Curiosity,0
skanners,skanners,c,UNRECOGNIZED,0
",",",",n,,0
That,that,s,,0
they,they,s,,0
grow,grow,s,ReportingEvents,0
cunninger,cunninger,s,UNRECOGNIZED,0
then,then,s,Sequence,0
we,we,c,Sequence,1
",",",",n,,0
And,and,s,,0
do,do,s,Intensity,0
trappan,trappan,s,UNRECOGNIZED,0
Trappanners,trappanners,c,UNRECOGNIZED,0
.,.,nn,,0
Our,our,s,Inclusive,0
dyceing,dyceing,s,UNRECOGNIZED,0
Trade,trade,s,AbstractConcepts,0
is,is,s,ReportingStates,0
down,down,s,,0
too,too,c,Metadiscourse,0
",",",",n,Metadiscourse,1
For,for,s,TimeShift,0
when,when,s,TimeShift,1
we,we,s,,0
do,do,s,Intensity,0
begin,begin,n,Sequence,0
By,by,s,Sequence,1
drilling,drilling,s,Motions,0
ways,ways,s,ProjectAhead,0
to,to,s,ProjectAhead,1
draw,draw,n,Motions,0
A,a,s,,0
younger,younger,s,Comparison,0
Brother,brother,s,PersonProperty,0
in,in,n,,0
The,the,s,,0
Soldier,soldier,s,PersonProperty,0
falls,falls,s,Contingency,0
upon,upon,s,Contingency,1
us,us,n,Contingency,2
And,and,s,,0
proves,proves,s,Confidence,0
the,the,s,Positivity,0
best,best,s,Positivity,1
Projector,projector,c,SenseObject,0
.,.,nn,,0
Faith,faith,s,StandardsPos,0
every,every,s,Generalization,0
Red-coat,red-coat,s,SenseProperty,0
now,now,s,Immediacy,0
can,can,s,Contingency,0
make,make,n,ReportingEvents,0
A,a,s,,0
puppy,puppy,s,SenseObject,0
of,of,s,,0
a,a,s,,0
Hector,hector,c,Negativity,0
.,.,nn,Imperative,0
Stay,stay,s,Imperative,1
prithee,prithee,s,DirectAddress,0
who,who,s,,0
comes,comes,s,SceneShift,0
here,here,c,SceneShift,1
",",",",nn,,0
A,a,s,,0
gaping,gaping,s,Motions,0
Country,country,s,AbstractConcepts,0
Clown,clown,c,PersonProperty,0
.,.,nn,DirectAddress,0
Look,look,s,DirectAddress,1
how,how,s,DirectAddress,2
the,the,s,,0
slave,slave,s,PersonProperty,0
does,does,s,ReportingEvents,0
stare,stare,c,SpaceRelation,0
;,;,nn,,0
He,he,s,Updates,0
Is,is,s,Updates,1
newly,newly,s,Immediacy,0
come,come,s,Immediacy,1
to,to,s,,0
town,town,c,SpaceRelation,0
.,.,nn,,0
He,he,s,PersonPronoun,0
gazeth,gazeth,s,UNRECOGNIZED,0
in,in,s,SpaceRelation,0
the,the,s,SpaceRelation,1
air,air,s,SpaceRelation,2
as,as,s,Resemblances,0
if,if,n,Resemblances,1
The,the,s,Resemblances,2
sky,sky,s,SenseObject,0
were,were,s,ProjectBack,0
full,full,s,Specifiers,0
of,of,s,Specifiers,1
Rockets,rockets,c,SenseObject,0
;,;,n,,0
Let,let,s,DirectAddress,0
Us,us,s,DirectAddress,1
fleece,fleece,s,Negative_Relation,0
him,him,c,Negative_Relation,1
.,.,nn,Resistance,0
But,but,s,Resistance,1
how,how,s,,0
shall,shall,s,Future_Question,0
we,we,s,Future_Question,1
get,get,n,,0
His,his,s,SenseObject,0
hands,hands,s,SenseObject,1
out,out,s,SpaceRelation,0
of,of,s,SpaceRelation,1
his,his,s,SpaceRelation,2
pockets,pockets,c,SpaceRelation,3
?,?,nn,Question,0
Let,let,s,ReportingEvents,0
me,me,s,FirstPer,0
alone,alone,s,SpaceRelation,0
for,for,s,Specifiers,0
that,that,c,Specifiers,1
:,:,s,,0
I,i,s,FirstPer,0
lately,lately,s,Updates,0
bought,bought,s,Narrative_Verbs,0
a,a,s,Narrative_Verbs,1
glass,glass,c,SenseObject,0
",",",",n,,0
Wherein,wherein,s,CommonAuthorities,0
all,all,s,,0
several,several,s,Specifiers,0
colors,colors,s,SenseProperty,0
may,may,n,Contingency,0
Be,be,s,Contingency,1
seen,seen,s,SpaceRelation,0
that,that,s,,0
ever,ever,s,Biographical_Time,0
was,was,c,Biographical_Time,1
",",",",n,,0
If,if,s,Contingency,0
held,held,s,ReportingEvents,0
up,up,s,ReportingEvents,1
thus,thus,s,ReasonForward,0
with,with,s,SenseProperty,0
both,both,s,SenseProperty,1
hands,hands,c,SenseProperty,2
.,.,nn,,0
A,a,s,SubjectivePercept,0
pretty,pretty,s,SubjectivePercept,1
new,new,s,,0
design,design,c,AbstractConcepts,0
",",",",n,,0
This,this,s,,0
trick,trick,s,SubjectivePercept,0
will,will,s,PredictedFuture,0
fetch,fetch,s,Motions,0
his,his,s,PersonPronoun,0
fingers,fingers,s,SenseObject,0
out,out,c,,0
;,;,nn,,0
And,and,s,,0
hey,hey,s,OralCues,0
then,then,s,,0
in,in,s,,0
go,go,s,ReportingEvents,0
mine,mine,c,FirstPer,0
.,.,nn,,0
Our,our,s,Inclusive,0
Taunton,taunton,s,UNRECOGNIZED,0
den,den,s,SenseObject,0
is,is,s,ReportingStates,0
a,a,s,ReportingStates,1
dungeon,dungeon,c,SenseObject,0
",",",",n,,0
And,and,s,,0
^,^,c,UNRECOGNIZED,0
aith,aith,s,UNRECOGNIZED,0
cham,cham,s,PersonProperty,0
glad,glad,s,Positivity,0
cham,cham,s,PersonProperty,0
here,here,c,SpaceRelation,0
",",",",n,SpaceRelation,1
This,this,s,,0
vamous,vamous,s,UNRECOGNIZED,0
zitty,zitty,s,UNRECOGNIZED,0
of,of,s,,0
Lungeon,lungeon,n,UNRECOGNIZED,0
Is,is,s,SubjectivePercept,0
worth,worth,s,SubjectivePercept,1
all,all,s,,0
Zomerzet-zhere,zomerzet-zhere,c,UNRECOGNIZED,0
:,:,n,,0
In,in,s,,0
Wagons,wagons,c,SenseObject,0
",",",",s,,0
in,in,s,,0
Carts,carts,c,SenseObject,0
",",",",s,,0
and,and,s,,0
in,in,s,,0
Coaches,coaches,n,PersonProperty,0
Che,che,s,,0
never,never,s,Biographical_Time,0
did,did,s,Biographical_Time,1
yet,yet,s,Resistance,0
zee,zee,s,LangRef,0
more,more,s,Comparison,0
horse,horse,c,SenseObject,0
",",",",n,,0
The,the,s,,0
Wenches,wenches,s,PersonProperty,0
do,do,s,Intensity,0
zhine,zhine,s,UNRECOGNIZED,0
like,like,s,SubjectivePercept,0
Roches,roches,c,SenseObject,0
",",",",n,,0
And,and,s,,0
as,as,s,StandardsPos,0
proud,proud,s,StandardsPos,1
as,as,s,StandardsPos,2
my,my,s,Autobio,0
fathers,fathers,s,Autobio,1
vore,vore,s,UNRECOGNIZED,0
horse,horse,c,SenseObject,0
.,.,n,,0
Che,che,s,,0
never,never,s,DenyDisclaim,0
zince,zince,s,UNRECOGNIZED,0
che,che,s,,0
was,was,s,ProjectBack,0
able,able,n,StandardsPos,0
To,to,s,StandardsPos,1
keep,keep,s,TimeDuration,0
my,my,s,FirstPer,0
vathers,vathers,s,UNRECOGNIZED,0
voulds,voulds,c,UNRECOGNIZED,0
",",",",n,,0
Did,did,s,ReportingEvents,0
ever,ever,s,Biographical_Time,0
zee,zee,s,LangRef,0
such,such,s,Specifiers,0
a,a,s,Specifiers,1
stable,stable,n,StandardsPos,0
As,as,s,,0
thick,thick,s,SenseProperty,0
a,a,s,Specifiers,0
thing,thing,s,Specifiers,1
called,called,s,ReportingEvents,0
Powls,powls,c,UNRECOGNIZED,0
:,:,n,,0
A,a,s,,0
Mezle,mezle,s,UNRECOGNIZED,0
in,in,s,StandardsNeg,0
a,a,s,StandardsNeg,1
red,red,s,StandardsNeg,2
Jacket,jacket,n,SenseObject,0
Had,had,s,ProjectBack,0
like,like,s,SubjectivePercept,0
to,to,s,SubjectivePercept,1
have,have,s,SubjectivePercept,2
knack,knack,s,SubjectivePercept,0
me,me,s,FirstPer,0
down,down,c,,0
",",",",n,,0
Because,because,s,ReasonBackward,0
che'd,che'd,s,UNRECOGNIZED,0
undertake,undertake,s,ProjectAhead,0
it,it,n,,0
Held,held,s,ReportingEvents,0
all,all,s,Generalization,0
the,the,s,Generalization,1
beast,beast,s,Negativity,0
in,in,s,SpaceRelation,0
the,the,s,SpaceRelation,1
Town,town,n,SpaceRelation,2
Ch'am,ch'am,s,UNRECOGNIZED,0
come,come,s,ReportingEvents,0
to,to,s,,0
zee,zee,s,LangRef,0
my,my,s,DirectAddress,0
Lord,lord,s,DirectAddress,1
Major,major,c,AbstractConcepts,0
",",",",n,,0
And,and,s,,0
thick,thick,s,Resemblances,0
as,as,s,Resemblances,1
do,do,s,Intensity,0
hang,hang,s,SpaceRelation,0
the,the,s,,0
Thieves,thieves,c,Negative_Relation,0
",",",",n,,0
Ch've,ch've,s,UNRECOGNIZED,0
forgot,forgot,s,Negativity,0
what,what,s,Negativity,1
vine,vine,s,SenseObject,0
neames,neames,s,UNRECOGNIZED,0
they,they,s,ReportingStates,0
are,are,c,ReportingStates,1
;,;,n,,0
(,(,c,,0
A,a,s,,0
meazle,meazle,s,UNRECOGNIZED,0
on,on,s,,0
them,them,c,,0
),),s,,0
the,the,s,,0
zhreeves,zhreeves,c,UNRECOGNIZED,0
",",",",n,,0
They,they,s,,0
zay,zay,s,UNRECOGNIZED,0
they,they,s,,0
wear,wear,s,SpaceRelation,0
Chains,chains,s,SenseObject,0
and,and,s,,0
Scarlets,scarlets,c,,0
",",",",n,,0
And,and,s,,0
vollow'd,vollow'd,s,UNRECOGNIZED,0
by,by,s,,0
many,many,s,,0
Guardiants,guardiants,c,UNRECOGNIZED,0
",",",",n,,0
Ch'ave,ch'ave,s,UNRECOGNIZED,0
lost,lost,s,Negativity,0
the,the,s,Negativity,1
neams,neams,s,UNRECOGNIZED,0
of,of,s,,0
the,the,s,,0
Varlets,varlets,c,PersonProperty,0
",",",",n,,0
A,a,s,,0
mischief,mischief,s,StandardsNeg,0
on,on,s,,0
them,them,c,,0
",",",",s,,0
the,the,s,,0
Sergeants,sergeants,c,PersonProperty,0
.,.,n,DirectAddress,0
And,and,s,DirectAddress,1
now,now,s,Immediacy,0
chill,chill,s,SenseProperty,0
walk-my,walk-my,s,UNRECOGNIZED,0
stations,stations,n,SenseObject,0
To,to,s,,0
every,every,s,Generalization,0
place,place,s,SpaceRelation,0
in,in,s,SpaceRelation,0
Town,town,c,SpaceRelation,1
",",",",n,,0
Che,che,s,,0
mean,mean,s,ProjectAhead,0
to,to,s,ProjectAhead,1
buy,buy,s,ReportingEvents,0
new,new,s,,0
vashons,vashons,c,UNRECOGNIZED,0
",",",",n,,0
Iche,iche,s,UNRECOGNIZED,0
have,have,s,,0
above,above,s,SpaceRelation,0
fifty,fifty,s,Numbers,0
pound,pound,c,Numbers,1
;,;,n,,0
Che,che,s,,0
took't,took't,s,UNRECOGNIZED,0
away,away,s,SpaceRelation,0
from,from,s,SpaceRelation,1
vather,vather,n,UNRECOGNIZED,0
When,when,s,TimeShift,0
he,he,s,TimeShift,1
was,was,s,ProjectBack,0
gone,gone,s,Narrative_Verbs,0
a,a,s,Narrative_Verbs,1
vield,vield,c,UNRECOGNIZED,0
:,:,n,,0
Cham,cham,s,PersonProperty,0
come,come,s,SceneShift,0
away,away,s,SceneShift,1
the,the,s,Specifiers,0
rather,rather,n,Specifiers,1
',',c,,0
Cause,cause,s,Cause,0
ch'ave,ch'ave,s,UNRECOGNIZED,0
got,got,s,Narrative_Verbs,0
a,a,s,Narrative_Verbs,1
wench,wench,s,PersonProperty,0
with,with,s,AbstractConcepts,0
child,child,c,AbstractConcepts,1
.,.,nn,,0
The,the,s,,0
Rainbow,rainbow,s,SenseObject,0
never,never,s,Uncertainty,0
knew,knew,n,Uncertainty,1
Such,such,s,Intensity,0
Colors,colors,s,SenseProperty,0
as,as,s,Comparison,0
are,are,s,Comparison,1
here,here,c,SpaceRelation,0
",",",",nn,SpaceRelation,1
Here,here,s,Immediacy,0
Is,is,s,Immediacy,1
Purple,purple,c,SenseProperty,0
",",",",s,,0
Green,green,s,SenseProperty,0
and,and,s,,0
Blew,blew,c,ReportingStates,0
",",",",nn,ReportingStates,1
Zooks,zooks,s,UNRECOGNIZED,0
what,what,s,Question,0
have,have,s,Question,1
they,they,s,Question,2
got,got,s,ReportingEvents,0
there,there,c,ReportingEvents,1
.,.,n,,0
Good,good,s,OralCues,0
morrow,morrow,s,OralCues,1
Master,master,c,PersonProperty,0
",",",",s,,0
what,what,s,DirectAddress,0
do,do,s,DirectAddress,1
you,you,s,DirectAddress,2
cal't,cal't,c,UNRECOGNIZED,0
",",",",nn,,0
Good,good,s,OralCues,0
morrow,morrow,s,OralCues,1
good,good,s,StandardsPos,0
man,man,s,StandardsPos,1
clot,clot,c,SenseObject,0
.,.,nn,,0
Nay,nay,s,OralCues,0
vaith,vaith,s,UNRECOGNIZED,0
vine,vine,s,SenseObject,0
Gallant,gallant,s,StandardsPos,0
there,there,s,DirectAddress,0
you,you,s,DirectAddress,1
are,are,s,DirectAddress,2
out,out,n,,0
My,my,s,FirstPer,0
Neame,neame,s,UNRECOGNIZED,0
is,is,s,ReportingStates,0
honest,honest,s,StandardsPos,0
Wat,wat,c,SpaceRelation,0
.,.,nn,,0
I,i,s,Metadiscourse,0
Will,will,s,Metadiscourse,1
show,show,s,Metadiscourse,2
thee,thee,s,DirectAddress,0
such,such,s,Specifiers,0
a,a,s,Specifiers,1
slight,slight,s,SenseProperty,0
that,that,n,,0
Thou,thou,s,DirectAddress,0
never,never,s,DenyDisclaim,0
saw,saw,s,,0
honest,honest,s,StandardsPos,0
Wat,wat,c,SpaceRelation,0
",",",",n,,0
Neither,neither,s,DenyDisclaim,0
by,by,s,,0
day,day,s,TimeDuration,0
nor,nor,s,DenyDisclaim,0
night,night,s,,0
yet,yet,c,SubjectiveTime,0
.,.,nn,SubjectiveTime,1
Yvaith,yvaith,s,UNRECOGNIZED,0
ch'ud,ch'ud,s,UNRECOGNIZED,0
laugh,laugh,s,SubjectivePercept,0
at,at,s,SubjectivePercept,1
that,that,c,,0
.,.,nn,SpaceRelation,0
Here,here,s,SpaceRelation,1
take,take,s,Responsibility,0
this,this,s,Responsibility,1
glass,glass,s,SenseObject,0
into,into,s,,0
thy,thy,s,DirectAddress,0
hand,hand,n,SenseObject,0
And,and,s,,0
hold,hold,s,ReportingEvents,0
it,it,s,ReportingEvents,1
to,to,s,,0
thy,thy,s,DirectAddress,0
eyes,eyes,c,SenseObject,0
",",",",n,,0
Thou,thou,s,DirectAddress,0
there,there,s,,0
wilt,wilt,s,SenseProperty,0
see,see,s,,0
more,more,s,Comparison,0
colors,colors,s,SenseProperty,0
than,than,n,Comparison,0
A,a,s,Comparison,1
Dyar,dyar,s,UNRECOGNIZED,0
can,can,s,Contingency,0
devise,devise,c,PrivateThinking,0
.,.,nn,,0
I,i,s,Insist,0
cannot,cannot,s,Insist,1
zee,zee,s,LangRef,0
a,a,s,,0
color,color,s,AbstractConcepts,0
yet,yet,c,Resistance,0
",",",",nn,,0
Thou,thou,s,DirectAddress,0
do,do,s,DenyDisclaim,0
not,not,s,DenyDisclaim,1
hold,hold,s,ReportingEvents,0
it,it,s,ReportingEvents,1
high,high,c,,0
",",",",nn,,0
Che,che,s,,0
hav't,hav't,c,UNRECOGNIZED,0
",",",",s,,0
che,che,s,,0
have,have,s,Cause,0
it,it,c,Cause,1
",",",",s,,0
ch'av,ch'av,s,UNRECOGNIZED,0
got,got,s,ReportingEvents,0
it,it,s,,0
now,now,c,Updates,0
",",",",nn,Updates,1
I,i,s,FirstPer,0
faith,faith,s,StandardsPos,0
and,and,s,ReasonForward,0
so,so,s,ReasonForward,1
have,have,s,Question,0
I,i,c,Question,1
.,.,nn,Immediacy,0
Here,here,s,Immediacy,1
Is,is,s,Immediacy,2
black,black,c,SenseProperty,0
",",",",s,,0
and,and,s,,0
blew,blew,c,ReportingStates,0
",",",",s,ReportingStates,1
and,and,s,,0
gray,gray,c,SenseProperty,0
",",",",s,,0
and,and,s,,0
green,green,c,SenseProperty,0
",",",",n,,0
And,and,s,,0
orange-tauny,orange-tauny,c,UNRECOGNIZED,0
",",",",s,,0
white,white,c,SenseProperty,0
;,;,n,,0
And,and,s,Immediacy,0
now,now,s,Immediacy,1
Ich,ich,s,FirstPer,0
ave,ave,s,AbstractConcepts,0
lost,lost,s,Negativity,0
all,all,s,,0
again,again,c,RecurringEvents,0
.,.,nn,,0
In,in,s,,0
troth,troth,s,CommonAuthorities,0
you,you,s,DirectAddress,0
are,are,s,DirectAddress,1
in,in,s,StandardsPos,0
the,the,s,StandardsPos,1
right,right,c,StandardsPos,2
",",",",n,,0
Now,now,s,Immediacy,0
prithee,prithee,s,DirectAddress,0
tell,tell,s,Citations,0
me,me,s,Citations,1
honest,honest,s,StandardsPos,0
Wat,wat,c,SpaceRelation,0
",",",",n,,0
How,how,s,Question,0
do,do,s,Question,1
thou,thou,s,DirectAddress,0
like,like,s,SubjectivePercept,0
my,my,s,FirstPer,0
glass,glass,nn,SenseObject,0
It,it,s,,0
is,is,s,ReportingStates,0
the,the,s,ReportingStates,1
vittest,vittest,s,UNRECOGNIZED,0
veat,veat,s,UNRECOGNIZED,0
yvaith,yvaith,n,UNRECOGNIZED,0
That,that,s,,0
e're,e're,s,SubjectivePercept,0
was,was,s,ProjectBack,0
brought,brought,s,Consequence,0
to,to,s,Consequence,1
pass,pass,n,Consequence,2
And,and,s,,0
if,if,s,Contingency,0
that,that,s,Contingency,1
thou,thou,s,DirectAddress,0
will,will,s,PredictedFuture,0
spare,spare,s,SenseProperty,0
it,it,n,,0
Chill,chill,s,SenseProperty,0
give,give,s,,0
thee,thee,s,DirectAddress,0
money,money,s,GenericEvents,0
down,down,c,GenericEvents,1
.,.,nn,,0
I,i,s,Metadiscourse,0
will,will,s,Metadiscourse,1
have,have,s,Metadiscourse,2
nothing,nothing,s,DenyDisclaim,0
for,for,s,,0
it,it,n,,0
Chill,chill,s,SenseProperty,0
give,give,s,,0
thee,thee,s,DirectAddress,0
half,half,s,SenseObject,0
a,a,s,SenseObject,1
Crown,crown,c,SenseObject,0
.,.,n,,0
Yvaith,yvaith,s,UNRECOGNIZED,0
cham,cham,s,PersonProperty,0
very,very,s,Intensity,0
willing,willing,c,SubjectivePercept,0
.,.,nn,,0
You,you,s,Insist,0
shall,shall,s,Insist,1
not,not,s,DenyDisclaim,0
do,do,s,DenyDisclaim,1
it,it,s,,0
now,now,c,Updates,0
",",",",n,Updates,1
To,to,s,,0
give,give,s,,0
thee,thee,s,DirectAddress,0
vour,vour,s,UNRECOGNIZED,0
zhilling,zhilling,c,UNRECOGNIZED,0
",",",",nn,,0
It,it,s,,0
Is,is,s,ReportingStates,0
more,more,s,Comparison,0
then,then,s,Sequence,0
you,you,s,Sequence,1
can,can,s,Confidence,0
do,do,c,Confidence,1
.,.,nn,,0
Farewell,farewell,s,SceneShift,0
good,good,s,,0
Wat,wat,c,SpaceRelation,0
",",",",s,,0
thou,thou,s,Imperative,0
shall,shall,s,Imperative,1
not,not,s,Imperative,2
pay,pay,c,ReportingEvents,0
",",",",n,,0
Good,good,s,OralCues,0
morrow,morrow,s,OralCues,1
Gentlemen,gentlemen,c,Positivity,0
;,;,nn,Procedures,0
Chill,chill,s,Procedures,1
get,get,s,SceneShift,0
me,me,s,SceneShift,1
gone,gone,s,SceneShift,2
vor,vor,s,UNRECOGNIZED,0
vear,vear,s,UNRECOGNIZED,0
that,that,s,,0
they,they,n,,0
Zhould,zhould,s,UNRECOGNIZED,0
get,get,s,,0
my,my,s,FirstPer,0
glass,glass,s,SenseObject,0
again,again,c,RecurringEvents,0
.,.,nn,,0
Quick,quick,s,SubjectiveTime,0
let,let,s,DirectAddress,0
us,us,s,DirectAddress,1
share,share,n,ReportingEvents,0
For,for,s,Fear,0
fear,fear,s,Fear,1
of,of,s,Fear,2
apprehension,apprehension,c,Fear,0
.,.,nn,,0
Gusman,gusman,s,UNRECOGNIZED,0
could,could,s,Contingency,0
never,never,n,DenyDisclaim,0
Compare,compare,s,Comparison,0
with,with,s,Comparison,1
this,this,s,,0
invention,invention,c,StandardsPos,0
.,.,nn,,0
That,that,s,,0
rustic,rustic,s,SenseProperty,0
Clown,clown,n,PersonProperty,0
Has,has,s,,0
brought,brought,s,Narrative_Verbs,0
a,a,s,Narrative_Verbs,1
happy,happy,s,Positivity,0
harvest,harvest,c,GenericEvents,0
.,.,nn,MoveBody,0
Lay,lay,s,MoveBody,1
your,your,s,DirectAddress,0
Money,money,s,GenericEvents,0
down,down,c,GenericEvents,1
.,.,nn,,0
My,my,s,FirstPer,0
purse,purse,s,SenseObject,0
is,is,s,DirectAddress,0
at,at,s,DirectAddress,1
your,your,s,DirectAddress,2
service,service,n,DirectAddress,3
Crown,crown,s,SenseObject,0
for,for,s,,0
Crown,crown,c,SenseObject,0
.,.,nn,Imperative,0
Open,open,s,Imperative,1
the,the,s,,0
Purse,purse,c,SenseObject,0
",",",",n,,0
Our,our,s,Inclusive,0
Ship,ship,s,SenseObject,0
of,of,s,Contingency,0
Fortune,fortune,s,Contingency,1
sail's,sail's,s,UNRECOGNIZED,0
in,in,s,,0
it,it,c,,0
.,.,nn,,0
Oh,oh,s,OralCues,0
heavy,heavy,s,SenseProperty,0
curse,curse,n,Negativity,0
It,it,s,Updates,0
has,has,s,Updates,1
nothing,nothing,s,Intensity,0
but,but,s,Intensity,1
nails,nails,s,SenseObject,0
in,in,s,,0
it,it,c,,0
.,.,nn,Imperative,0
Never,never,s,Imperative,1
men,men,s,PersonProperty,0
till,till,s,Immediacy,0
now,now,n,Immediacy,1
Were,were,s,ProjectBack,0
gulled,gulled,s,Negative_Relation,0
by,by,s,,0
such,such,s,Specifiers,0
a,a,s,Specifiers,1
Costard,costard,c,SenseObject,0
;,;,nn,,0
If,if,s,Contingency,0
we,we,s,,0
meet,meet,s,ReportingEvents,0
I,i,s,Self_Promise,0
vow,vow,n,Self_Promise,1
We,we,s,,0
Will,will,s,PredictedFuture,0
bang,bang,s,Motions,0
the,the,s,,0
bacon,bacon,s,SenseObject,0
bastard,bastard,n,Anger,0
black,black,s,SenseProperty,0
and,and,s,,0
blew,blew,c,ReportingStates,0
.,.,n,ReportingStates,1
Unlock,unlock,s,Motions,0
that,that,s,,0
font,font,n,SenseObject,0
Let,let,s,DirectAddress,0
Us,us,s,DirectAddress,1
enter,enter,s,ReportingEvents,0
by,by,s,Motions,0
degrees,degrees,s,Motions,1
in,in,s,,0
it,it,c,,0
.,.,nn,,0
A,a,s,Negativity,0
pox,pox,s,Negativity,1
upon,upon,s,Negativity,2
it,it,c,,0
",",",",n,,0
There,there,s,ReportingStates,0
Is,is,s,ReportingStates,1
naught,naught,s,Negativity,0
but,but,s,Resistance,0
bread,bread,s,SenseObject,0
and,and,s,,0
cheese,cheese,s,SenseObject,0
in,in,s,,0
it,it,c,,0
.,.,nn,Imperative,0
Come,come,s,Imperative,1
let,let,s,DirectAddress,0
us,us,s,DirectAddress,1
depart,depart,n,SceneShift,0
And,and,s,,0
drink,drink,s,Motions,0
a,a,s,,0
Saxon,saxon,s,AbstractConcepts,0
Rumkin,rumkin,c,UNRECOGNIZED,0
.,.,nn,,0
I,i,s,SelfDisclosure,0
am,am,s,SelfDisclosure,1
vexed,vexed,s,Negativity,0
at,at,s,Disclosure,0
heart,heart,c,Disclosure,1
",",",",n,Resistance,0
But,but,s,Resistance,1
if,if,s,Contingency,0
I,i,s,FirstPer,0
spare,spare,s,Positivity,0
the,the,s,Positivity,1
Bomkin,bomkin,c,UNRECOGNIZED,0
",",",",n,,0
Hang,hang,s,SpaceRelation,0
me,me,s,FirstPer,0
for,for,s,,0
it,it,c,,0
.,.,n,,0
Soldiers,soldiers,s,PersonProperty,0
fight,fight,s,Resistance,0
and,and,s,,0
Hectors,hectors,s,Negativity,0
rant,rant,s,Negative_Relation,0
on,on,n,Negative_Relation,1
Whilst,whilst,s,TimeDuration,0
poor,poor,s,Negativity,0
Wenches,wenches,s,PersonProperty,0
go,go,s,ReportingEvents,0
to,to,s,,0
rack,rack,c,SenseObject,0
",",",",n,,0
Who,who,s,Future_Question,0
would,would,s,Future_Question,1
be,be,s,ReportingStates,0
a,a,s,ReportingStates,1
wicked,wicked,s,Negativity,0
wanton,wanton,n,StandardsNeg,0
Only,only,s,SubjectivePercept,0
for,for,s,SubjectivePercept,1
Suppers,suppers,c,,0
",",",",s,,0
Songs,songs,c,SenseObject,0
",",",",s,,0
and,and,s,,0
Sack,sack,c,SenseObject,0
",",",",n,,0
To,to,s,,0
endure,endure,s,Resistance,0
the,the,s,,0
alteration,alteration,n,Specifiers,0
Of,of,s,,0
these,these,s,Immediacy,0
times,times,s,AbstractConcepts,0
that,that,s,Confidence,0
are,are,s,Confidence,1
so,so,s,Confidence,2
dead,dead,c,Negativity,0
;,;,n,,0
Thus,thus,s,ReasonForward,0
to,to,s,ReasonForward,1
lead,lead,s,,0
a,a,s,,0
long,long,s,SubjectiveTime,0
vacation,vacation,n,SubjectiveTime,1
Without,without,s,Contingency,0
Money,money,c,AbstractConcepts,0
",",",",s,,0
Beer,beer,c,SenseObject,0
",",",",s,,0
or,or,s,,0
Bread,bread,c,SenseObject,0
.,.,n,,0
Farewell,farewell,s,SceneShift,0
Bloomsberry,bloomsberry,s,UNRECOGNIZED,0
and,and,s,,0
Sodom,sodom,c,UNRECOGNIZED,0
",",",",n,,0
Lukeners-lane,lukeners-lane,s,UNRECOGNIZED,0
and,and,s,,0
Turnbull-street,turnbull-street,c,UNRECOGNIZED,0
",",",",n,,0
Woe,woe,s,Sad,0
was,was,s,ProjectBack,0
me,me,s,FirstPer,0
when,when,s,,0
first,first,s,Sequence,0
I,i,s,FirstPer,0
trod,trod,s,ReportingEvents,0
',',c,,0
em,em,n,SpaceRelation,0
With,with,s,,0
my,my,s,FirstPer,0
wild,wild,s,Intensity,0
unwary,unwary,s,Negativity,0
feet,feet,c,SenseObject,0
.,.,n,,0
I,i,s,Autobio,0
was,was,s,Autobio,1
bred,bred,s,ReportingEvents,0
a,a,s,,0
Gentlewoman,gentlewoman,c,PersonProperty,0
",",",",n,Resistance,0
But,but,s,Resistance,1
our,our,s,Inclusive,0
family,family,s,,0
did,did,s,ReportingEvents,0
fall,fall,n,,0
When,when,s,,0
the,the,s,,0
Gentry's,gentry's,s,UNRECOGNIZED,0
coin,coin,s,SenseObject,0
grew,grew,s,ReportingEvents,0
common,common,c,AbstractConcepts,0
",",",",n,,0
And,and,s,,0
the,the,s,,0
Soldiers,soldiers,s,PersonProperty,0
shared,shared,s,ReportingEvents,0
it,it,s,Generalization,0
all,all,c,Generalization,1
.,.,n,,0
I,i,s,Autobio,0
was,was,s,Autobio,1
sure,sure,s,Confidence,0
unto,unto,s,CommonAuthorities,0
a,a,s,,0
Hector,hector,n,Negativity,0
Who,who,s,Question,0
has,has,s,Question,1
basely,basely,s,Negativity,0
broke,broke,s,StandardsNeg,0
his,his,s,StandardsNeg,1
vow,vow,c,StandardsNeg,2
",",",",n,,0
Would,would,s,Future_Question,0
I,i,s,Future_Question,1
had,had,s,ProjectBack,0
a,a,s,Positivity,0
good,good,s,Positivity,1
projector,projector,n,SenseObject,0
That,that,s,ProjectAhead,0
would,would,s,ProjectAhead,1
well,well,s,SenseObject,0
support,support,s,AbstractConcepts,0
me,me,s,FirstPer,0
now,now,c,Immediacy,0
.,.,n,Question,0
Who,who,s,Question,1
comes,comes,s,SceneShift,0
here,here,c,SceneShift,1
?,?,s,Question,0
what,what,s,,0
simple,simple,s,SubjectivePercept,0
Thumkin,thumkin,c,UNRECOGNIZED,0
",",",",n,,0
Oh,oh,c,OralCues,0
!,!,s,,0
I,i,s,FirstPer,0
guess,guess,s,Uncertainty,0
him,him,s,PersonPronoun,0
by,by,s,,0
his,his,s,PersonPronoun,0
coat,coat,c,SenseObject,0
",",",",n,,0
This,this,s,ReportingStates,0
is,is,s,ReportingStates,1
sure,sure,s,Confidence,0
some,some,s,Uncertainty,0
Country,country,s,AbstractConcepts,0
Bumkin,bumkin,c,SenseObject,0
",",",",n,,0
Now,now,s,Updates,0
it,it,s,Updates,1
is,is,s,Updates,2
time,time,s,Updates,3
to,to,s,,0
change,change,s,Transformation,0
my,my,s,FirstPer,0
note,note,c,SenseObject,0
.,.,nn,,0
I,i,s,SelfDisclosure,0
am,am,s,SelfDisclosure,1
good,good,s,StandardsPos,0
at,at,s,StandardsPos,1
either,either,c,Intensity,0
",",",",n,Intensity,1
And,and,s,,0
I,i,s,Contingency,0
can,can,s,Contingency,1
do,do,s,Intensity,0
the,the,s,,0
the,the,s,Specifiers,0
other,other,s,Specifiers,1
thing,thing,n,Specifiers,2
When,when,s,,0
we,we,s,,0
get,get,s,SpaceRelation,0
together,together,c,SpaceRelation,1
.,.,n,,0
I,i,s,SelfDisclosure,0
have,have,s,SelfDisclosure,1
lately,lately,s,Updates,0
lost,lost,s,Sad,0
my,my,s,Sad,1
dear,dear,c,Positivity,0
",",",",n,,0
',',c,,0
Twas,twas,s,ProjectBack,0
a,a,s,StandardsPos,0
holy,holy,s,StandardsPos,1
Brother,brother,c,PersonProperty,0
;,;,n,,0
If,if,s,Contingency,0
he,he,s,Contingency,1
do,do,s,DenyDisclaim,0
not,not,s,DenyDisclaim,1
meet,meet,s,ReportingEvents,0
me,me,s,FirstPer,0
here,here,n,SpaceRelation,0
I,i,s,FirstPer,0
faith,faith,s,StandardsPos,0
I,i,s,FirstPer,0
Will,will,s,PredictedFuture,0
get,get,s,,0
another,another,c,Specifiers,0
.,.,n,,0
I,i,s,Contingency,0
can,can,s,Contingency,1
nimbly,nimbly,s,Positivity,0
come,come,s,SpaceRelation,0
above,above,c,SpaceRelation,1
",",",",n,,0
I,i,s,Contingency,0
can,can,s,Contingency,1
tumble,tumble,s,Motions,0
under,under,c,,0
",",",",n,,0
And,and,s,,0
If,if,s,Contingency,0
I,i,s,FirstPer,0
do,do,s,Intensity,0
but,but,s,Resistance,0
like,like,s,SubjectivePercept,0
my,my,s,Positivity,0
Love,love,c,Positivity,1
",",",",nn,,0
What,what,s,,0
Vary's,vary's,s,UNRECOGNIZED,0
that,that,s,Specifiers,0
is,is,s,Specifiers,1
yonder,yonder,c,SpaceRelation,0
?,?,n,Question,0
It,it,s,,0
Is,is,s,ReportingStates,0
a,a,s,ReportingStates,1
dainty,dainty,s,PersonProperty,0
dancing,dancing,s,PersonProperty,0
Girl,girl,c,PersonProperty,1
",",",",n,,0
Zhee,zhee,s,UNRECOGNIZED,0
would,would,s,Contingency,0
make,make,s,Contingency,1
me,me,s,FirstPer,0
gladder,gladder,c,Positivity,0
",",",",n,,0
Her,her,s,PersonPronoun,0
vace,vace,s,UNRECOGNIZED,0
does,does,s,ReportingEvents,0
zyne,zyne,s,UNRECOGNIZED,0
like,like,s,SubjectivePercept,0
mother,mother,s,SenseObject,0
of,of,s,SenseObject,1
Pearl,pearl,c,SenseObject,2
",",",",n,,0
chould,chould,s,UNRECOGNIZED,0
choose,choose,s,ReportingEvents,0
no,no,s,DenyDisclaim,0
more,more,s,DenyDisclaim,1
and,and,s,,0
chad,chad,s,SenseObject,0
her,her,c,PersonPronoun,0
.,.,nn,,0
A,a,s,,0
Dutchman,dutchman,s,PersonProperty,0
loves,loves,s,Positivity,0
his,his,s,PersonPronoun,0
Pipe,pipe,s,SenseObject,0
and,and,s,,0
Can,can,c,Contingency,0
",",",",n,,0
A,a,s,,0
Jew,jew,s,PersonProperty,0
does,does,s,Positivity,0
like,like,s,Positivity,1
a,a,s,,0
Turk,turk,s,PersonProperty,0
well,well,c,OralCues,0
",",",",n,OralCues,1
But,but,s,Resistance,0
I,i,s,Contingency,0
could,could,s,Contingency,1
hug,hug,s,Motions,0
a,a,s,,0
Countryman,countryman,c,PersonProperty,0
",",",",n,ReasonForward,0
For,for,s,ReasonForward,1
he,he,s,ReasonForward,2
will,will,s,PredictedFuture,0
do,do,s,Intensity,0
his,his,s,PersonPronoun,0
work,work,s,StandardsPos,0
well,well,c,StandardsPos,1
.,.,n,,0
Citizens,citizens,s,CommonAuthorities,0
are,are,s,ReportingStates,0
full,full,s,Specifiers,0
of,of,s,Specifiers,1
slight,slight,c,SenseProperty,0
",",",",n,,0
They,they,s,,0
will,will,s,PredictedFuture,0
cog,cog,s,Negativity,0
and,and,s,,0
flatter,flatter,c,SubjectivePercept,0
;,;,n,Resistance,0
But,but,s,Resistance,1
a,a,s,,0
Countryman,countryman,s,PersonProperty,0
will,will,s,PredictedFuture,0
do,do,s,Intensity,0
me,me,s,FirstPer,0
right,right,c,,0
.,.,nn,,0
Che,che,s,,0
long,long,s,SenseProperty,0
now,now,s,ProjectAhead,0
to,to,s,ProjectAhead,1
be,be,s,ProjectAhead,2
at,at,s,,0
her,her,c,PersonPronoun,0
.,.,n,,0
Good,good,s,OralCues,0
morrow,morrow,s,OralCues,1
Mistress,mistress,s,PersonProperty,0
Trip,trip,s,AbstractConcepts,0
and,and,s,,0
go,go,c,ReportingEvents,0
",",",",nn,,0
My,my,s,FirstPer,0
Countryman,countryman,s,PersonProperty,0
I,i,s,FirstPer,0
take,take,s,Responsibility,0
it,it,c,Responsibility,1
",",",",n,,0
I,i,s,Positivity,0
love,love,s,Positivity,1
you,you,s,Positivity,2
Sir,sir,c,PersonProperty,0
",",",",nn,,0
Chill,chill,s,SenseProperty,0
love,love,s,Positivity,0
thee,thee,s,DirectAddress,0
to,to,c,,0
",",",",n,,0
And,and,s,,0
vayth,vayth,s,UNRECOGNIZED,0
chil,chil,s,UNRECOGNIZED,0
veze,veze,s,UNRECOGNIZED,0
thy,thy,s,DirectAddress,0
Jacket,jacket,c,SenseObject,0
.,.,nn,Question,0
What,what,s,Question,1
Is,is,s,Question,2
thy,thy,s,DirectAddress,0
name,name,c,LangRef,0
",",",",s,,0
come,come,s,ReportingEvents,0
tell,tell,s,Citations,0
me,me,s,Citations,1
that,that,n,,0
Thou,thou,s,DirectAddress,0
shall,shall,s,ProjectAhead,0
be,be,s,ProjectAhead,1
my,my,s,FirstPer,0
Jewel,jewel,c,SenseObject,0
?,?,nn,Question,0
Why,why,s,Question,0
zom,zom,s,UNRECOGNIZED,0
vorzooth,vorzooth,s,UNRECOGNIZED,0
do,do,s,Intensity,0
call,call,s,Request,0
me,me,s,Request,1
Wat,wat,c,SpaceRelation,0
",",",",n,Resistance,0
But,but,s,Resistance,1
my,my,s,FirstPer,0
neame,neame,s,UNRECOGNIZED,0
is,is,s,ReportingStates,0
Water,water,s,SenseObject,0
Gruel,gruel,c,Negativity,0
.,.,n,,0
Prithee,prithee,s,DirectAddress,0
zay,zay,c,UNRECOGNIZED,0
",",",",s,,0
and,and,s,,0
ben't,ben't,s,UNRECOGNIZED,0
avrayd,avrayd,c,UNRECOGNIZED,0
*,*,n,,0
Art,art,s,AbstractConcepts,0
not,not,s,DenyDisclaim,0
thou,thou,s,DirectAddress,0
a,a,s,,0
Pedlar,pedlar,c,PersonProperty,0
*,*,nn,,0
I,i,s,SelfDisclosure,0
live,live,s,SelfDisclosure,1
close,close,s,Motions,0
by,by,s,,0
in,in,s,,0
Tickle,tickle,s,Motions,0
Yard,yard,c,SenseObject,0
",",",",n,,0
My,my,s,Autobio,0
name,name,s,Autobio,1
is,is,s,ReportingStates,0
Mary,mary,s,PersonProperty,0
Medlar,medlar,c,SenseObject,0
.,.,nn,Sequence,0
Then,then,s,Sequence,1
zweet,zweet,s,UNRECOGNIZED,0
Mol,mol,s,AbstractConcepts,0
come,come,s,ReportingEvents,0
buss,buss,s,Motions,0
thy,thy,s,DirectAddress,0
Wat,wat,c,SpaceRelation,0
",",",",n,,0
Let,let,s,DirectAddress,0
us,us,s,DirectAddress,1
twain,twain,s,AbstractConcepts,0
be,be,s,Positivity,0
merry,merry,c,Positivity,1
:,:,nn,,0
I,i,s,Contingency,0
could,could,s,Contingency,1
nimbly,nimbly,s,Positivity,0
dance,dance,c,Motions,0
",",",",s,Resistance,0
but,but,s,Resistance,1
that,that,n,Resistance,2
My,my,s,FirstPer,0
Basket,basket,s,SenseObject,0
makes,makes,s,ReportingEvents,0
we,we,s,,0
weary,weary,c,Negativity,0
.,.,nn,Imperative,0
Give,give,s,Imperative,1
it,it,s,,0
me,me,c,FirstPer,0
",",",",s,,0
chill,chill,s,SenseProperty,0
dance,dance,s,Motions,0
a,a,s,,0
Spring,spring,c,AbstractConcepts,0
",",",",n,,0
Che,che,s,,0
have,have,s,,0
no,no,s,DenyDisclaim,0
veaver,veaver,s,UNRECOGNIZED,0
Lurden,lurden,c,UNRECOGNIZED,0
?,?,nn,Question,0
If,if,s,Contingency,0
thou,thou,s,DirectAddress,0
will,will,s,PredictedFuture,0
dance,dance,c,Motions,0
",",",",s,,0
then,then,s,Sequence,0
I,i,s,Sequence,1
will,will,s,PredictedFuture,0
sing,sing,c,Motions,0
",",",",n,,0
And,and,s,,0
thou,thou,s,DirectAddress,0
shall,shall,s,ProjectAhead,0
bear,bear,s,SenseObject,0
the,the,s,,0
Burden,burden,c,Negativity,0
.,.,nn,,0
A,a,s,,0
match,match,c,SenseObject,0
",",",",s,,0
a,a,s,,0
match,match,c,SenseObject,0
",",",",s,,0
it,it,s,,0
is,is,s,Positive_Attribution,0
well,well,s,Positive_Attribution,1
a,a,s,SenseObject,0
vine,vine,c,SenseObject,1
",",",",n,,0
We,we,s,Inclusive,0
both,both,s,Inclusive,1
zhall,zhall,s,UNRECOGNIZED,0
make,make,s,ReportingEvents,0
some,some,s,Uncertainty,0
ztuff,ztuff,s,UNRECOGNIZED,0
on,on,s,SpaceRelation,0
it,it,c,SpaceRelation,1
.,.,nn,,0
Unless,unless,s,Contingency,0
thy,thy,s,DirectAddress,0
feet,feet,s,SenseObject,0
keep,keep,s,TimeDuration,0
pace,pace,s,TimeDuration,1
with,with,s,TimeDuration,2
mine,mine,n,FirstPer,0
Thou,thou,s,DirectAddress,0
Wilt,wilt,s,SenseProperty,0
quickly,quickly,s,SubjectiveTime,0
have,have,s,SubjectivePercept,0
enough,enough,s,SubjectivePercept,1
on,on,s,SpaceRelation,0
it,it,c,SpaceRelation,1
.,.,nn,OralCues,0
Well,well,s,OralCues,1
don,don,s,PersonProperty,0
Moll,moll,c,PersonProperty,0
",",",",nn,,0
it,it,s,,0
is,is,s,Positive_Attribution,0
well,well,s,Positive_Attribution,1
done,done,s,ReportingStates,0
Wat,wat,c,SpaceRelation,0
",",",",nn,,0
Chill,chill,s,SenseProperty,0
do,do,s,ReportingEvents,0
it,it,s,ReportingEvents,1
to,to,s,Specifiers,0
a,a,s,Specifiers,1
tittle,tittle,c,Specifiers,2
",",",",nn,Resistance,0
But,but,s,Resistance,1
I,i,s,SelfDisclosure,0
have,have,s,SelfDisclosure,1
too,too,s,Negativity,0
much,much,s,Negativity,1
strained,strained,s,ReportingEvents,0
my,my,s,FirstPer,0
throat,throat,c,SenseObject,0
",",",",n,,0
I,i,s,FirstPer,0
prithee,prithee,s,DirectAddress,0
sing,sing,s,Motions,0
a,a,s,SubjectivePercept,0
little,little,c,SubjectivePercept,1
",",",",nn,,0
Fa,fa,s,SenseProperty,0
la,la,s,AbstractConcepts,0
la,la,s,AbstractConcepts,0
la,la,s,AbstractConcepts,0
liera,liera,s,UNRECOGNIZED,0
lo,lo,n,DirectAddress,0
This,this,s,ReportingStates,0
is,is,s,ReportingStates,1
pretty,pretty,s,SubjectivePercept,0
prancing,prancing,c,Motions,0
",",",",n,,0
We,we,s,Metadiscourse,0
will,will,s,Metadiscourse,1
go,go,s,Metadiscourse,2
to,to,s,,0
Tickle,tickle,s,Motions,0
Yard,yard,n,SenseObject,0
When,when,s,,0
we,we,s,Inclusive,0
have,have,s,Inclusive,1
done,done,s,ReportingStates,0
dancing,dancing,c,Motions,0
.,.,n,,0
Now,now,s,Immediacy,0
che,che,s,,0
think,think,s,PrivateThinking,0
ch'av,ch'av,s,UNRECOGNIZED,0
vetcht,vetcht,s,UNRECOGNIZED,0
it,it,s,,0
up,up,n,,0
Zing,zing,s,Intensity,0
a,a,s,SubjectivePercept,0
little,little,s,SubjectivePercept,1
Mary,mary,c,PersonProperty,0
",",",",n,,0
We,we,s,,0
will,will,s,PredictedFuture,0
gulge,gulge,s,UNRECOGNIZED,0
a,a,s,,0
merry,merry,s,Positivity,0
zup,zup,c,UNRECOGNIZED,0
",",",",n,,0
Zhuggar,zhuggar,s,UNRECOGNIZED,0
and,and,s,,0
Canary,canary,c,SenseObject,0
.,.,n,,0
Thou,thou,s,DirectAddress,0
do,do,s,Intensity,0
dance,dance,s,Motions,0
and,and,s,,0
make,make,s,ReportingEvents,0
no,no,s,DenyDisclaim,0
noise,noise,n,SenseProperty,0
Zhall,zhall,s,UNRECOGNIZED,0
I,i,s,FirstPer,0
turn,turn,s,,0
and,and,s,,0
kiss,kiss,s,Positivity,0
thee,thee,c,DirectAddress,0
?,?,n,Question,0
Prithee,prithee,s,DirectAddress,0
let,let,s,ReportingEvents,0
me,me,s,FirstPer,0
hear,hear,s,SpaceRelation,0
thy,thy,s,DirectAddress,0
voice,voice,c,,0
.,.,n,Imperative,0
Hoop,hoop,s,Imperative,1
where,where,s,Intensity,0
the,the,s,Intensity,1
Devil,devil,s,Intensity,2
is,is,s,Question,0
she,she,c,Question,1
?,?,n,Question,0
Zhe,zhe,s,UNRECOGNIZED,0
has,has,s,,0
left,left,s,SceneShift,0
me,me,s,FirstPer,0
all,all,s,Sad,0
alone,alone,n,Sad,1
Here,here,s,SpaceRelation,0
to,to,s,SpaceRelation,1
mum,mum,s,PersonProperty,0
and,and,s,,0
mask,mask,s,SenseObject,0
it,it,c,,0
",",",",n,Resistance,0
But,but,s,Resistance,1
yvaith,yvaith,s,UNRECOGNIZED,0
if,if,s,Contingency,0
zhe,zhe,s,UNRECOGNIZED,0
be,be,s,ReportingStates,0
gone,gone,n,ReportingEvents,0
Ich,ich,s,FirstPer,0
chill,chill,s,SenseProperty,0
keep,keep,s,TimeDuration,0
her,her,s,PersonPronoun,0
Basket,basket,c,SenseObject,0
.,.,n,Immediacy,0
Here,here,s,Immediacy,1
Is,is,s,Immediacy,2
good,good,s,,0
vortune,vortune,s,UNRECOGNIZED,0
come,come,s,ReportingEvents,0
to,to,s,SelfDisclosure,0
me,me,n,SelfDisclosure,1
In,in,s,,0
a,a,s,,0
merry,merry,s,Positivity,0
minuit,minuit,c,UNRECOGNIZED,0
",",",",n,,0
Now,now,s,Immediacy,0
chill,chill,s,SenseProperty,0
puttne,puttne,s,UNRECOGNIZED,0
down,down,s,,0
and,and,s,,0
zee,zee,n,LangRef,0
What,what,s,,0
zhee,zhee,s,UNRECOGNIZED,0
have,have,s,Updates,0
gotten,gotten,s,Updates,1
in,in,s,,0
it,it,c,,0
.,.,n,,0
Oh,oh,c,OralCues,0
!,!,s,,0
woe,woe,c,Sad,0
",",",",s,,0
woe,woe,c,Sad,0
",",",",s,,0
what,what,s,,0
zhall,zhall,s,UNRECOGNIZED,0
chee,chee,s,UNRECOGNIZED,0
do,do,c,GenericEvents,0
",",",",n,GenericEvents,1
Che,che,s,,0
con,con,s,Negativity,0
no,no,s,DenyDisclaim,0
know,know,s,Confidence,0
which,which,s,,0
way,way,s,AbstractConcepts,0
to,to,s,,0
go,go,n,ReportingEvents,0
With,with,s,ReportingEvents,1
thick,thick,s,SenseProperty,0
whore,whore,s,Negativity,0
here,here,s,SpaceRelation,0
and,and,s,,0
her,her,s,PersonPronoun,0
vine,vine,s,SenseObject,0
zong,zong,c,UNRECOGNIZED,0
",",",",n,,0
Che,che,s,,0
have,have,s,ReportingEvents,0
a,a,s,ReportingEvents,1
bore,bore,s,Narrative_Verbs,0
her,her,s,Narrative_Verbs,1
burden,burden,s,Negativity,0
too,too,s,Negativity,0
long,long,c,Negativity,1
;,;,n,,0
Che,che,s,,0
may,may,s,Contingency,0
curse,curse,s,Negativity,0
the,the,s,Negativity,1
occasion,occasion,s,AbstractConcepts,0
that,that,s,,0
e're,e're,s,SubjectivePercept,0
che,che,s,,0
came,came,s,SceneShift,0
here,here,c,SceneShift,1
",",",",n,,0
Would,would,s,ProjectBack,0
che,che,s,,0
were,were,s,ProjectBack,0
again,again,s,RecurringEvents,0
in,in,s,,0
Zomerzet-zhere,zomerzet-zhere,c,UNRECOGNIZED,0
.,.,nn,,0
Ch'ave,ch'ave,s,UNRECOGNIZED,0
a,a,s,,0
brungeon,brungeon,s,UNRECOGNIZED,0
a,a,s,PersonProperty,0
daughter,daughter,s,PersonProperty,1
or,or,s,,0
a,a,s,,0
zon,zon,c,UNRECOGNIZED,0
",",",",n,,0
Thick,thick,s,SenseProperty,0
a,a,s,SenseObject,0
jewel,jewel,s,SenseObject,1
has,has,s,Cause,0
me,me,s,Cause,1
begu^l'd,begu^l'd,c,UNRECOGNIZED,0
",",",",n,,0
Water,water,s,SenseObject,0
Gruel,gruel,s,Negativity,0
must,must,s,Updates,0
now,now,s,Updates,1
veed,veed,s,UNRECOGNIZED,0
the,the,s,PersonProperty,0
child,child,c,PersonProperty,1
",",",",n,,0
Ich,ich,s,FirstPer,0
chud,chud,s,UNRECOGNIZED,0
never,never,s,Confidence,0
be,be,s,Confidence,1
zorry,zorry,c,UNRECOGNIZED,0
",",",",s,Resistance,0
but,but,s,Resistance,1
vind,vind,s,UNRECOGNIZED,0
it,it,s,,0
a,a,s,SpaceRelation,0
place,place,n,SpaceRelation,1
If,if,s,Contingency,0
che,che,s,,0
had,had,s,ProjectBack,0
now,now,s,Immediacy,0
but,but,s,Resistance,0
good,good,s,,0
store,store,s,SenseObject,0
of,of,s,,0
Larzhant,larzhant,c,UNRECOGNIZED,0
;,;,n,,0
It,it,s,SubjectivePercept,0
looks,looks,s,SubjectivePercept,1
Tory,tory,s,SubjectivePercept,0
rory,rory,c,SubjectivePercept,1
",",",",s,,0
and,and,s,,0
zmells,zmells,s,UNRECOGNIZED,0
zo,zo,s,UNRECOGNIZED,0
of,of,s,,0
Mace,mace,c,SenseObject,0
",",",",n,,0
That,that,s,,0
a,a,s,,0
zure,zure,s,UNRECOGNIZED,0
it,it,s,ProjectBack,0
was,was,s,ProjectBack,1
got,got,s,ReportingEvents,0
by,by,s,,0
zome,zome,s,UNRECOGNIZED,0
zarzhant,zarzhant,c,UNRECOGNIZED,0
.,.,n,,0
Goodman,goodman,s,PersonProperty,0
zhreeve,zhreeve,s,UNRECOGNIZED,0
ze,ze,c,UNRECOGNIZED,0
",",",",s,,0
look,look,s,SpaceRelation,0
on,on,s,SpaceRelation,1
the,the,s,SpaceRelation,2
vace,vace,n,UNRECOGNIZED,0
Vor,vor,s,UNRECOGNIZED,0
a,a,s,,0
believe,believe,s,PrivateThinking,0
me,me,s,FirstPer,0
it,it,s,Contingency,0
may,may,s,Contingency,1
be,be,s,Contingency,2
your,your,s,DirectAddress,0
own,own,s,DirectAddress,1
case,case,c,AbstractConcepts,0
",",",",n,,0
Honest,honest,s,StandardsPos,0
vree,vree,s,UNRECOGNIZED,0
men,men,s,PersonProperty,0
Ich,ich,s,FirstPer,0
cham,cham,s,PersonProperty,0
basely,basely,s,Negativity,0
begeld,begeld,c,UNRECOGNIZED,0
",",",",n,,0
Good,good,s,,0
a,a,s,PersonProperty,0
woman,woman,s,PersonProperty,1
hold,hold,s,,0
but,but,s,Resistance,0
the,the,s,,0
cheld,cheld,c,UNRECOGNIZED,0
",",",",n,,0
Chil,chil,s,UNRECOGNIZED,0
but,but,s,Resistance,0
step,step,s,Sequence,0
here,here,s,SpaceRelation,0
hard,hard,s,SpaceRelation,0
by,by,c,SpaceRelation,1
",",",",s,,0
it,it,s,,0
is,is,s,Exceptions,0
but,but,s,Exceptions,1
home,home,s,SceneShift,0
to,to,s,SceneShift,1
Taunden,taunden,c,UNRECOGNIZED,0
",",",",n,,0
And,and,s,,0
chill,chill,s,SenseProperty,0
bring,bring,s,,0
ye,ye,s,OralCues,0
zom,zom,s,UNRECOGNIZED,0
gold,gold,s,SenseObject,0
in,in,s,,0
a,a,s,SenseObject,0
Casket,casket,c,SenseObject,1
",",",",n,,0
Thick,thick,s,SenseProperty,0
all,all,s,,0
are,are,s,ReportingStates,0
hard,hard,s,Negativity,0
hearted,hearted,s,Negativity,1
both,both,s,,0
women,women,s,PersonProperty,0
and,and,s,,0
men,men,c,PersonProperty,0
",",",",n,,0
Che,che,s,,0
must,must,s,Insist,0
march,march,s,AbstractConcepts,0
with,with,s,,0
my,my,s,Autobio,0
youth,youth,s,Autobio,1
in,in,s,,0
a,a,s,SenseObject,0
Basket,basket,c,SenseObject,1
",",",",nn,,0
We,we,s,Insist,0
shall,shall,s,Insist,1
never,never,s,Insist,2
have,have,s,,0
lucky,lucky,s,Positivity,0
minuit,minuit,c,UNRECOGNIZED,0
",",",",n,,0
None,none,s,DenyDisclaim,0
of,of,s,DenyDisclaim,1
our,our,s,Inclusive,0
designs,designs,s,AbstractConcepts,0
will,will,s,PredictedFuture,0
hit,hit,c,ReportingStates,0
;,;,nn,ReportingStates,1
Some,some,s,Uncertainty,0
ill,ill,s,Negativity,0
Planet,planet,s,SenseObject,0
sure,sure,s,Confidence,0
is,is,s,ReportingStates,0
in,in,s,,0
it,it,c,,0
",",",",n,,0
Fortune,fortune,s,ProjectAhead,0
makes,makes,s,Negativity,0
a,a,s,Negativity,1
fool,fool,s,Negativity,2
of,of,s,Negativity,3
wit,wit,c,StandardsPos,0
:,:,n,,0
All,all,s,Inclusive,0
our,our,s,Inclusive,1
feats,feats,n,StandardsPos,0
Are,are,s,ReportingStates,0
simple,simple,s,SubjectivePercept,0
cheats,cheats,c,Negative_Relation,0
",",",",n,,0
And,and,s,,0
destiny,destiny,s,ProjectAhead,0
will,will,s,PredictedFuture,0
have,have,s,PredictedFuture,1
it,it,s,,0
so,so,c,Intensity,0
.,.,nn,Intensity,1
There,there,s,DenyDisclaim,0
Is,is,s,DenyDisclaim,1
nothing,nothing,s,DenyDisclaim,2
hits,hits,n,Motions,0
But,but,s,Resistance,0
with,with,s,Resistance,1
those,those,s,,0
wits,wits,n,StandardsPos,0
That,that,s,,0
cheat,cheat,s,Negative_Relation,0
Cum,cum,s,SenseObject,0
Privilegio,privilegio,c,UNRECOGNIZED,0
.,.,nn,,0
The,the,s,StandardsPos,0
holy,holy,s,StandardsPos,1
drum,drum,n,SenseObject,0
And,and,s,,0
godly,godly,s,StandardsPos,0
gun,gun,n,SenseObject,0
Are,are,s,Immediacy,0
now,now,s,Immediacy,1
the,the,s,Immediacy,2
only,only,s,SubjectivePercept,0
Engines,engines,s,SenseObject,0
that,that,n,,0
Make,make,s,ReportingEvents,0
Pimp,pimp,s,PersonProperty,0
and,and,s,,0
Whore,whore,n,Negativity,0
And,and,s,,0
Hector,hector,s,Negativity,0
poor,poor,c,Negativity,0
",",",",n,,0
And,and,s,,0
wise,wise,s,StandardsPos,0
men,men,s,StandardsPos,1
do,do,s,OpenQuery,0
they,they,s,OpenQuery,1
know,know,s,OpenQuery,2
not,not,s,DenyDisclaim,0
what,what,c,DenyDisclaim,1
.,.,nn,,0
All,all,s,Inclusive,0
our,our,s,Inclusive,1
joyful,joyful,s,Positivity,0
days,days,s,TimeDuration,0
do,do,s,Intensity,0
leave,leave,s,,0
us,us,c,Inclusive,0
",",",",nn,,0
Never,never,s,DenyDisclaim,0
were,were,s,DenyDisclaim,1
such,such,s,Intensity,0
times,times,s,AbstractConcepts,0
as,as,s,,0
these,these,c,Immediacy,0
",",",",nn,Immediacy,1
Every,every,s,Generalization,0
Bumkin,bumkin,s,SenseObject,0
can,can,s,Contingency,0
deceive,deceive,s,Anger,0
us,us,nn,Inclusive,0
With,with,s,,0
hob-nails,hob-nails,nn,UNRECOGNIZED,0
and,and,s,,0
with,with,s,,0
bread,bread,s,SenseObject,0
and,and,s,,0
cheese,cheese,c,SenseObject,0
.,.,nn,Concessive,0
Though,though,s,Concessive,1
we,we,s,,0
mist,mist,s,SenseObject,0
it,it,n,,0
He,he,s,Neutral_Attribution,0
confessed,confessed,s,Neutral_Attribution,1
it,it,n,,0
That,that,s,,0
he,he,s,PersonPronoun,0
brought,brought,s,Transformation,0
up,up,s,Transformation,1
fifty,fifty,s,Numbers,0
pound,pound,c,Numbers,1
",",",",nn,SpaceRelation,0
Where,where,s,SpaceRelation,1
he,he,s,Intensity,0
did,did,s,Intensity,1
it,it,n,,0
How,how,s,,0
he,he,s,PersonPronoun,0
hid,hid,s,ReportingEvents,0
it,it,n,,0
Is,is,s,ReportingStates,0
the,the,s,ReportingStates,1
plot,plot,s,LangRef,0
that,that,s,Uncertainty,0
may,may,s,Uncertainty,1
be,be,s,Uncertainty,2
found,found,c,ReportingStates,0
.,.,nn,ReportingStates,1
If,if,s,Contingency,0
we,we,s,,0
meet,meet,s,SpaceRelation,0
him,him,n,SpaceRelation,1
We,we,s,,0
will,will,s,PredictedFuture,0
fit,fit,s,ReportingEvents,0
him,him,c,ReportingEvents,1
.,.,nn,Imperative,0
Hark,hark,s,Imperative,1
I,i,s,FirstPer,0
here,here,s,SpaceRelation,0
one,one,s,Numbers,0
coming,coming,s,ReportingEvents,0
in,in,n,ReportingEvents,1
Very,very,s,Intensity,0
pleasant,pleasant,n,Positivity,0
It,it,s,,0
Is,is,s,ReportingStates,0
the,the,s,ReportingStates,1
Peasant,peasant,nn,PersonProperty,0
Now,now,s,Metadiscourse,0
let,let,s,Metadiscourse,1
us,us,s,Inclusive,0
to,to,s,Inclusive,0
our,our,s,Inclusive,1
guards,guards,s,Resistance,0
again,again,c,RecurringEvents,0
.,.,nn,,0
Now,now,s,Immediacy,0
farawel,farawel,s,UNRECOGNIZED,0
Lungeon,lungeon,s,UNRECOGNIZED,0
Iche,iche,s,UNRECOGNIZED,0
may,may,s,Contingency,0
zing,zing,c,Intensity,0
",",",",n,,0
Chill,chill,s,SenseProperty,0
no,no,s,DenyDisclaim,0
more,more,s,DenyDisclaim,1
here,here,s,SpaceRelation,0
until,until,s,TimeDuration,0
the,the,s,TimeDuration,1
next,next,s,TimeDuration,2
spring,spring,c,AbstractConcepts,0
",",",",n,,0
Chave,chave,s,UNRECOGNIZED,0
put,put,s,Motions,0
in,in,s,Motions,1
security,security,s,StandardsPos,0
vor,vor,s,UNRECOGNIZED,0
the,the,s,Specifiers,0
thing,thing,c,Specifiers,1
",",",",n,Aside,0
Which,which,s,Aside,1
no,no,s,DenyDisclaim,0
body,body,s,SenseObject,0
can,can,s,Contingency,0
deny,deny,c,Repair_Citation,0
.,.,n,,0
Che,che,s,,0
did,did,s,Narrative_Verbs,0
a,a,s,Narrative_Verbs,1
veat,veat,s,UNRECOGNIZED,0
in,in,s,,0
Zomerzet-Zhere,zomerzet-zhere,n,UNRECOGNIZED,0
Which,which,s,,0
vorst,vorst,s,UNRECOGNIZED,0
me,me,s,FirstPer,0
at,at,s,,0
virst,virst,s,UNRECOGNIZED,0
to,to,s,,0
zee,zee,s,LangRef,0
vashons,vashons,s,UNRECOGNIZED,0
here,here,c,SpaceRelation,0
",",",",n,SpaceRelation,1
Ich,ich,s,FirstPer,0
cham,cham,s,PersonProperty,0
out,out,s,,0
of,of,s,,0
the,the,s,,0
vrying,vrying,s,UNRECOGNIZED,0
pan,pan,s,SenseObject,0
into,into,s,Transformation,0
the,the,s,Transformation,1
vere,vere,c,UNRECOGNIZED,0
",",",",n,,0
Che,che,s,,0
either,either,s,Metadiscourse,0
must,must,s,Insist,0
burn,burn,s,,0
or,or,s,,0
vrye,vrye,c,UNRECOGNIZED,0
.,.,n,,0
In,in,s,,0
plush,plush,s,SenseProperty,0
and,and,s,,0
in,in,s,,0
zatten,zatten,s,UNRECOGNIZED,0
a,a,s,,0
vynely,vynely,s,UNRECOGNIZED,0
wrought,wrought,c,ReportingEvents,0
",",",",n,,0
Ich,ich,s,FirstPer,0
chave,chave,s,UNRECOGNIZED,0
laid,laid,s,SpaceRelation,0
out,out,s,SpaceRelation,1
forty,forty,s,Numbers,0
pound,pound,s,Numbers,1
every,every,s,Generalization,0
groat,groat,c,SenseObject,0
",",",",nn,,0
I,i,s,SubjectivePercept,0
want,want,s,SubjectivePercept,1
a,a,s,SubjectivePercept,2
silk,silk,s,SenseObject,0
Wastcoat,wastcoat,c,UNRECOGNIZED,0
",",",",nn,,0
I,i,s,FirstPer,0
lack,lack,s,Negativity,0
a,a,s,Negativity,1
plush,plush,s,SenseProperty,0
Coat,coat,c,SenseObject,0
",",",",nn,,0
Ch,ch,c,,0
',',s,,0
have,have,s,,0
puttne,puttne,s,UNRECOGNIZED,0
all,all,s,Generalization,0
in,in,s,Generalization,1
the,the,s,,0
Trunk,trunk,c,SenseObject,0
.,.,n,Immediacy,0
Here,here,s,Immediacy,1
Is,is,s,Immediacy,2
zilk,zilk,s,UNRECOGNIZED,0
and,and,s,,0
gold,gold,c,SenseObject,0
",",",",s,,0
and,and,s,,0
zilver,zilver,s,UNRECOGNIZED,0
strings,strings,c,,0
",",",",nnn,,0
Stand,stand,nn,AbstractConcepts,0
what,what,s,Confront,0
are,are,s,Confront,1
you,you,nn,Confront,2
Lay,lay,s,SpaceRelation,0
down,down,s,SpaceRelation,1
your,your,s,DirectAddress,0
things,things,c,Uncertainty,0
.,.,n,Question,0
Why,why,s,Question,1
zure,zure,s,UNRECOGNIZED,0
the,the,s,,0
Meazle,meazle,s,UNRECOGNIZED,0
is,is,s,ReportingStates,0
drunk,drunk,c,ReportingStates,0
.,.,n,ReportingStates,1
What,what,s,Future_Question,0
would,would,s,Future_Question,1
ye,ye,s,OralCues,0
do,do,s,Negativity,0
to,to,s,Negativity,1
a,a,s,Negativity,2
poor,poor,s,Negativity,0
Country,country,s,AbstractConcepts,0
man,man,c,PersonProperty,0
",",",",nn,,0
First,first,s,Sequence,0
lay,lay,s,SpaceRelation,0
down,down,s,SpaceRelation,1
your,your,s,DirectAddress,0
Trunk,trunk,c,SenseObject,0
",",",",s,,0
you,you,s,Insist,0
shall,shall,s,Insist,1
know,know,s,Confidence,0
more,more,s,Comparison,0
anon,anon,c,ProjectAhead,0
:,:,nn,,0
And,and,s,,0
a,a,s,Intensity,0
very,very,s,Intensity,1
vine,vine,s,SenseObject,0
way,way,s,AbstractConcepts,0
to,to,s,,0
have,have,s,,0
my,my,s,FirstPer,0
Trunk,trunk,s,SenseObject,0
gone,gone,c,ReportingEvents,0
:,:,nn,,0
Do,do,s,Intensity,0
so,so,s,Intensity,1
or,or,s,,0
I,i,s,FirstPer,0
Will,will,s,PredictedFuture,0
knock,knock,s,Motions,0
thee,thee,s,DirectAddress,0
down,down,c,,0
.,.,nn,,0
Nay,nay,s,OralCues,0
vaith,vaith,s,UNRECOGNIZED,0
good,good,s,StandardsPos,0
man,man,s,StandardsPos,1
Gentle,gentle,s,Positivity,0
since,since,s,,0
ch,ch,c,,0
',',s,,0
have,have,s,,0
zeen,zeen,s,UNRECOGNIZED,0
it,it,s,,0
man,man,n,PersonProperty,0
Chill,chill,s,SenseProperty,0
lay,lay,s,ReportingEvents,0
it,it,s,,0
down,down,s,SpaceRelation,0
there,there,c,SpaceRelation,1
",",",",s,,0
and,and,s,,0
if,if,s,Contingency,0
che,che,s,,0
can,can,s,Contingency,0
win,win,s,ReportingEvents,0
it,it,n,,0
Thou,thou,s,DirectAddress,0
zhalt,zhalt,s,UNRECOGNIZED,0
have,have,s,,0
my,my,s,FirstPer,0
Trunk,trunk,s,SenseObject,0
and,and,s,SubjectivePercept,0
all,all,s,SubjectivePercept,1
that,that,s,SubjectivePercept,2
is,is,s,ReportingStates,0
in,in,s,,0
it,it,c,,0
:,:,n,,0
',',c,,0
Twill,twill,s,SenseObject,0
cost,cost,s,AbstractConcepts,0
above,above,s,SpaceRelation,0
vorty,vorty,s,UNRECOGNIZED,0
pound,pound,c,Motions,0
.,.,nn,,0
I,i,s,Metadiscourse,0
Will,will,s,Metadiscourse,1
have,have,s,Metadiscourse,2
as,as,s,Comparison,0
much,much,s,Comparison,1
blood,blood,s,SenseObject,0
as,as,s,,0
thy,thy,s,DirectAddress,0
heart,heart,s,SenseObject,0
can,can,s,Contingency,0
afford,afford,c,Positivity,0
.,.,nn,,0
Thou,thou,s,DirectAddress,0
cowardly,cowardly,s,Anger,0
knave,knave,c,Negativity,0
",",",",s,,0
will,will,s,PredictedFuture,0
thou,thou,s,DirectAddress,0
vight,vight,s,UNRECOGNIZED,0
with,with,c,,0
*,*,s,,0
zword,zword,c,UNRECOGNIZED,0
;,;,n,Resistance,0
But,but,s,Resistance,1
since,since,s,ReasonBackward,0
it,it,s,ReasonBackward,1
is,is,s,ReasonBackward,2
but,but,s,Exceptions,0
one,one,c,Exceptions,1
",",",",s,,0
Ich,ich,s,FirstPer,0
che,che,s,,0
care,care,s,Negativity,0
not,not,s,Negativity,1
a,a,s,,0
Twoord,twoord,c,UNRECOGNIZED,0
",",",",n,,0
And,and,s,,0
what,what,s,OpenQuery,0
do,do,s,OpenQuery,1
you,you,s,OpenQuery,2
think,think,s,OpenQuery,3
of,of,s,,0
another,another,c,Specifiers,0
.,.,nn,,0
This,this,s,,0
Rapier,rapier,s,SenseObject,0
I,i,s,FirstPer,0
through,through,s,,0
thy,thy,s,DirectAddress,0
body,body,s,SenseObject,0
will,will,s,PredictedFuture,0
run,run,c,ReportingEvents,0
",",",",nn,,0
Ud,ud,s,UNRECOGNIZED,0
zooks,zooks,s,UNRECOGNIZED,0
there,there,s,DenyDisclaim,0
is,is,s,DenyDisclaim,1
no,no,s,DenyDisclaim,2
vighting,vighting,s,UNRECOGNIZED,0
with,with,s,SpaceRelation,0
two,two,s,SpaceRelation,1
again,again,s,RecurringEvents,0
one,one,c,Numbers,0
",",",",n,,0
Ich,ich,s,FirstPer,0
che,che,s,,0
rather,rather,s,Resistance,0
will,will,s,PredictedFuture,0
trust,trust,s,Confidence,0
to,to,s,Confidence,1
my,my,s,FirstPer,0
legs,legs,s,SenseObject,0
and,and,s,,0
be,be,s,ReportingStates,0
gone,gone,c,ReportingStates,0
.,.,nn,ReportingStates,1
Why,why,s,Question,0
now,now,s,Immediacy,0
gramercy,gramercy,s,OralCues,0
brother,brother,c,PersonProperty,0
.,.,nn,,0
The,the,s,Negativity,0
rascal,rascal,s,Negativity,1
already,already,s,Updates,0
is,is,s,Updates,1
run,run,s,Negativity,0
out,out,s,Negativity,1
of,of,s,Negativity,2
sight,sight,c,SenseProperty,0
",",",",nn,,0
His,his,s,SenseObject,0
hands,hands,s,SenseObject,1
are,are,s,ReportingStates,0
vile,vile,s,StandardsNeg,0
heavy,heavy,c,SenseProperty,0
.,.,nn,,0
His,his,s,PersonPronoun,0
legs,legs,s,SenseObject,0
are,are,s,ReportingStates,0
(,(,c,,0
...,...,c,UNRECOGNIZED,0
),),s,,0
light,light,c,SenseProperty,0
",",",",n,,0
The,the,s,,0
Plush,plush,s,SenseProperty,0
for,for,s,,0
a,a,s,SenseObject,0
Jacket,jacket,c,SenseObject,1
",",",",s,,0
I,i,s,Metadiscourse,0
claim,claim,s,Metadiscourse,1
as,as,s,,0
my,my,s,FirstPer,0
right,right,c,,0
",",",",nn,Aside,0
Which,which,s,Aside,1
really,really,s,Intensity,0
I,i,s,FirstPer,0
deny,deny,c,Repair_Citation,0
.,.,n,,0
For,for,s,,0
was,was,s,ProjectBack,0
it,it,s,,0
not,not,s,DenyDisclaim,0
I,i,s,FirstPer,0
that,that,s,,0
proved,proved,s,Confidence,0
the,the,s,,0
Projector,projector,c,SenseObject,0
.,.,nn,Resistance,0
But,but,s,Resistance,1
if,if,s,Contingency,0
this,this,s,,0
good,good,s,StandardsPos,0
sword,sword,s,StandardsPos,1
had,had,s,ProjectBack,0
not,not,s,ProjectBack,1
been,been,s,ProjectBack,2
your,your,s,DirectAddress,0
Protector,protector,c,StandardsPos,0
",",",",n,,0
The,the,s,SenseObject,0
clown,clown,s,SenseObject,1
would,would,s,Contingency,0
have,have,s,Contingency,1
made,made,s,DirectAddress,0
you,you,s,DirectAddress,1
a,a,s,DirectAddress,2
pitiful,pitiful,s,Negativity,0
Hector,hector,c,Negativity,0
",",",",n,,0
And,and,s,,0
beaten,beaten,s,Negativity,0
you,you,c,DirectAddress,0
.,.,nn,,0
Sir,sir,s,PersonProperty,0
ye,ye,s,OralCues,0
lie,lie,c,Motions,0
.,.,n,,0
My,my,s,FirstPer,0
force,force,s,,0
has,has,s,ProjectBack,0
been,been,s,ProjectBack,1
tried,tried,s,,0
against,against,s,,0
Castles,castles,s,SenseObject,0
and,and,s,,0
Towers,towers,c,SenseObject,0
*,*,n,,0
The,the,s,,0
prize,prize,s,Positivity,0
as,as,s,Specifiers,0
it,it,s,Specifiers,1
lies,lies,s,,0
is,is,s,ReportingStates,0
equally,equally,s,Comparison,0
ours,ours,c,Inclusive,0
",",",",n,,0
Let,let,s,ReportingEvents,0
victory,victory,s,Positivity,0
make,make,s,ReportingEvents,0
it,it,s,ReportingEvents,1
out,out,s,ReportingEvents,2
mine,mine,s,FirstPer,0
or,or,s,,0
yours,yours,c,DirectAddress,0
",",",",nn,,0
I,i,s,FirstPer,0
grant,grant,s,CommonAuthorities,0
it,it,s,,0
with,with,s,Positivity,0
all,all,s,Positivity,1
my,my,s,Positivity,2
heart,heart,c,Positivity,3
.,.,nn,Question,0
What,what,s,Question,1
mad,mad,s,Anger,0
men,men,s,Anger,1
are,are,s,ReportingStates,0
these,these,c,Immediacy,0
!,!,s,,0
pray,pray,s,Intensity,0
what,what,s,DirectAddress,0
do,do,s,DirectAddress,1
you,you,s,DirectAddress,2
mean,mean,c,,0
",",",",n,,0
I,i,s,Autobio,0
never,never,s,Autobio,1
did,did,s,ReportingEvents,0
see,see,s,,0
such,such,s,Specifiers,0
a,a,s,Specifiers,1
sorrowful,sorrowful,s,Sad,0
scene,scene,c,AbstractConcepts,0
;,;,n,,0
Nay,nay,s,OralCues,0
sweet,sweet,s,SenseProperty,0
Mr,mr,c,PersonProperty,0
.,.,s,PersonProperty,1
Filcher,filcher,nn,Negativity,0
stand,stand,s,AbstractConcepts,0
further,further,s,AbstractConcepts,0
ye,ye,s,OralCues,0
Queen,queen,c,PersonProperty,0
",",",",n,,0
I,i,s,FirstPer,0
Will,will,s,PredictedFuture,0
make,make,s,ReportingEvents,0
the,the,s,StandardsPos,0
proud,proud,s,StandardsPos,1
Rascal,rascal,s,Negativity,0
smart,smart,c,Positivity,0
.,.,nn,,0
You,you,s,DirectAddress,0
always,always,s,SubjectiveTime,0
were,were,s,ProjectBack,0
friends,friends,c,StandardsPos,0
",",",",s,,0
what,what,s,,0
makes,makes,s,ReportingEvents,0
ye,ye,s,OralCues,0
fall,fall,s,Motions,0
out,out,c,Motions,1
?,?,n,Question,0
Pray,pray,s,Intensity,0
tell,tell,s,Citations,0
me,me,s,Citations,1
true,true,c,Concessive,0
",",",",s,Concessive,1
what,what,s,Question,0
is,is,s,Question,1
the,the,s,Question,2
quarrel,quarrel,s,Negative_Relation,0
about,about,c,,0
?,?,nn,Question,0
This,this,s,,0
duel,duel,s,Negativity,0
will,will,s,PredictedFuture,0
suddenly,suddenly,s,Immediacy,0
end,end,s,Sequence,0
all,all,s,Generalization,0
the,the,s,Generalization,1
doubt,doubt,c,Uncertainty,0
:,:,nn,,0
I,i,s,FirstPer,0
Will,will,s,Fear,0
suffer,suffer,s,Fear,1
between,between,s,,0
your,your,s,DirectAddress,0
swords,swords,c,SenseObject,0
.,.,n,,0
E're,e're,s,SubjectivePercept,0
such,such,s,Specifiers,0
a,a,s,Specifiers,1
kind,kind,s,Positivity,0
couple,couple,s,AbstractConcepts,0
of,of,s,,0
Hectors,hectors,s,Negativity,0
as,as,s,,0
ye,ye,n,Insist,0
Shall,shall,s,Insist,1
squabble,squabble,s,Negative_Relation,0
and,and,s,,0
quarrel,quarrel,s,Negative_Relation,0
for,for,s,,0
Paddington-tree,paddington-tree,c,UNRECOGNIZED,0
.,.,n,,0
Jack,jack,s,AbstractConcepts,0
Filcher,filcher,c,Negativity,0
",",",",s,,0
Tom,tom,s,PersonProperty,0
Nim,nim,c,GenericEvents,0
",",",",s,,0
be,be,s,ReportingStates,0
counseled,counseled,s,ReportingEvents,0
by,by,s,Cause,0
me,me,c,Cause,1
",",",",n,,0
Deliver,deliver,s,DirectAddress,0
your,your,s,DirectAddress,1
Cause,cause,s,Cause,0
in,in,s,Citations,0
words,words,c,Citations,1
",",",",n,,0
You,you,s,DirectAddress,0
know,know,s,DirectAddress,1
that,that,s,DirectAddress,2
the,the,s,CommonAuthorities,0
Law,law,s,CommonAuthorities,1
against,against,s,,0
Duels,duels,s,Negativity,0
is,is,s,ReportingStates,0
high,high,c,,0
*,*,nn,,0
That,that,s,,0
Rodomont,rodomont,s,UNRECOGNIZED,0
ado,ado,s,SubjectivePercept,0
there,there,s,,0
gave,gave,s,Negative_Relation,0
me,me,s,Negative_Relation,1
the,the,s,Negative_Relation,2
lie,lie,c,Negative_Relation,3
",",",",nn,,0
Pray,pray,s,Intensity,0
do,do,s,Intensity,1
but,but,s,Resistance,0
consider,consider,s,DirectReasoning,0
that,that,s,DirectReasoning,1
Tyburn,tyburn,s,UNRECOGNIZED,0
is,is,s,ReportingStates,0
nigh,nigh,c,SenseProperty,0
;,;,nn,,0
That,that,s,,0
very,very,s,Intensity,0
word,word,s,LangRef,0
cools,cools,s,SenseProperty,0
my,my,s,FirstPer,0
wrath,wrath,c,Anger,0
.,.,n,,0
For,for,s,SelfDisclosure,0
my,my,s,SelfDisclosure,1
own,own,s,SelfDisclosure,2
part,part,s,SelfDisclosure,3
I,i,s,FirstPer,0
only,only,s,SubjectivePercept,0
would,would,s,ProjectBack,0
live,live,s,,0
by,by,s,,0
my,my,s,FirstPer,0
Trade,trade,c,AbstractConcepts,0
",",",",nn,,0
The,the,s,,0
Bargain,bargain,s,AbstractConcepts,0
betwixt,betwixt,s,TimeDuration,0
us,us,s,Inclusive,0
must,must,s,Insist,0
end,end,s,Sequence,0
by,by,s,,0
the,the,s,SenseObject,0
blade,blade,c,SenseObject,1
;,;,nn,,0
Pray,pray,s,Intensity,0
let,let,s,ReportingEvents,0
me,me,s,FirstPer,0
but,but,s,Resistance,0
know,know,s,Confidence,0
the,the,s,Confidence,1
conditions,conditions,s,AbstractConcepts,0
ye,ye,s,OralCues,0
made,made,c,ReportingStates,0
",",",",n,ReportingStates,1
I,i,s,FirstPer,0
Will,will,s,PredictedFuture,0
judge,judge,s,PrivateThinking,0
it,it,s,,0
between,between,s,,0
ye,ye,s,OralCues,0
both,both,c,,0
.,.,nn,,0
I,i,s,FirstPer,0
Will,will,s,PredictedFuture,0
tell,tell,s,DirectAddress,0
you,you,s,DirectAddress,1
then,then,s,ReasonForward,0
how,how,s,ReasonForward,1
the,the,s,,0
quarrel,quarrel,s,Negative_Relation,0
did,did,s,ReportingEvents,0
rise,rise,c,Motions,0
",",",",n,,0
This,this,s,,0
fellow,fellow,s,PersonProperty,0
and,and,s,,0
I,i,s,SelfDisclosure,0
have,have,s,SelfDisclosure,1
took,took,s,ReportingEvents,0
a,a,s,ReportingEvents,1
rich,rich,s,Positivity,0
prize,prize,c,StandardsPos,0
",",",",nn,StandardsPos,1
And,and,s,Immediacy,0
now,now,s,Immediacy,1
he,he,s,PersonPronoun,0
denies,denies,s,Repair_Citation,0
me,me,s,FirstPer,0
my,my,s,FirstPer,0
share,share,s,Inclusive,0
in,in,s,Inclusive,1
it,it,c,,0
.,.,nn,,0
he,he,s,PersonPronoun,0
lies,lies,c,,0
",",",",n,,0
We,we,s,,0
agreed,agreed,s,Citations,0
that,that,s,Citations,1
the,the,s,SenseObject,0
sword,sword,s,SenseObject,1
should,should,s,Insist,0
decide,decide,s,Insist,1
it,it,c,,0
.,.,n,,0
This,this,s,,0
Trunk,trunk,s,SenseObject,0
is,is,s,Positive_Attribution,0
well,well,s,Positive_Attribution,1
furnished,furnished,s,ReportingEvents,0
as,as,s,,0
e're,e're,s,SubjectivePercept,0
it,it,s,Contingency,0
can,can,s,Contingency,1
hold,hold,c,,0
",",",",n,,0
With,with,s,,0
silk,silk,s,SenseObject,0
and,and,s,,0
with,with,s,,0
velvet,velvet,c,SenseProperty,0
",",",",s,,0
with,with,s,,0
silver,silver,s,SenseObject,0
and,and,s,,0
gold,gold,c,SenseObject,0
.,.,nn,,0
Turn't,turn't,s,UNRECOGNIZED,0
all,all,s,,0
into,into,s,,0
money,money,c,AbstractConcepts,0
",",",",s,TimeDuration,0
and,and,s,TimeDuration,1
when,when,s,TimeDuration,2
it,it,s,,0
is,is,s,ReportingStates,0
sold,sold,c,ReportingStates,0
",",",",n,ReportingStates,1
You,you,s,DirectAddress,0
equally,equally,s,Comparison,0
may,may,s,Contingency,0
divide,divide,s,ReportingEvents,0
it,it,c,,0
.,.,n,Resistance,0
But,but,s,Resistance,1
first,first,s,Sequence,0
what,what,s,,0
assurance,assurance,s,Confidence,0
have,have,s,DirectAddress,0
you,you,s,DirectAddress,1
when,when,s,DirectAddress,0
you,you,s,DirectAddress,1
win,win,s,ReportingEvents,0
it,it,c,,0
",",",",n,,0
It,it,s,,0
Is,is,s,SubjectivePercept,0
worth,worth,s,SubjectivePercept,1
all,all,s,Generalization,0
this,this,s,Generalization,1
danger,danger,nn,Fear,0
We,we,s,,0
yet,yet,s,Resistance,0
have,have,s,DenyDisclaim,0
not,not,s,DenyDisclaim,1
see,see,c,,0
*,*,nn,,0
Why,why,s,Curiosity,0
then,then,s,Curiosity,1
let,let,s,DirectAddress,0
us,us,s,DirectAddress,1
open't,open't,s,UNRECOGNIZED,0
and,and,s,,0
see,see,s,Curiosity,0
what,what,s,Curiosity,1
is,is,s,ReportingStates,0
in,in,s,,0
it,it,c,,0
",",",",n,,0
That,that,s,,0
every,every,s,Generalization,0
thing,thing,s,Generalization,1
may,may,s,Contingency,0
be,be,s,Contingency,1
shown,shown,c,ReportingStates,0
.,.,nn,ReportingStates,1
A,a,s,,0
match,match,c,SenseObject,0
",",",",s,,0
let,let,s,ReportingEvents,0
her,her,s,ReportingEvents,1
break,break,s,Negativity,0
the,the,s,Negativity,1
Trunk,trunk,s,Negativity,2
open,open,s,,0
and,and,s,,0
see,see,nn,PrivateThinking,0
It,it,s,PrivateThinking,1
may,may,s,Contingency,0
be,be,s,Contingency,1
by,by,s,,0
this,this,s,ReasonForward,0
means,means,s,ReasonForward,1
you,you,s,DirectAddress,0
will,will,s,PredictedFuture,0
sooner,sooner,s,Comparison,0
agree,agree,c,StandardsPos,0
.,.,nn,,0
Faith,faith,s,StandardsPos,0
open't,open't,s,UNRECOGNIZED,0
or,or,s,,0
shut,shut,s,ReportingEvents,0
it,it,s,,0
it,it,s,,0
is,is,s,SubjectivePercept,0
all,all,s,SubjectivePercept,1
one,one,s,Numbers,0
to,to,s,SelfDisclosure,0
me,me,c,SelfDisclosure,1
",",",",n,SelfDisclosure,2
I,i,s,Self_Promise,0
vow,vow,s,Self_Promise,1
I,i,s,Metadiscourse,0
Will,will,s,Metadiscourse,1
have,have,s,Metadiscourse,2
all,all,s,,0
or,or,s,,0
none,none,c,DenyDisclaim,0
.,.,nn,Sequence,0
Then,then,s,Sequence,1
look,look,s,SpaceRelation,0
on,on,s,SpaceRelation,1
your,your,s,DirectAddress,0
bargain,bargain,c,AbstractConcepts,0
",",",",s,,0
you,you,s,DirectAddress,0
both,both,s,,0
are,are,s,ReportingStates,0
beguiled,beguiled,c,SubjectivePercept,0
",",",",n,,0
Pray,pray,s,Intensity,0
tell,tell,s,Citations,0
me,me,s,Citations,1
if,if,s,Contingency,0
this,this,s,,0
be,be,s,ReportingStates,0
the,the,s,ReportingStates,1
velvet,velvet,s,SenseProperty,0
three,three,s,Numbers,0
pil'd,pil'd,c,UNRECOGNIZED,0
",",",",n,,0
Is,is,s,ReportingStates,0
this,this,s,,0
figured,figured,s,PrivateThinking,0
satin,satin,c,SenseObject,0
?,?,nn,Question,0
I,i,s,Self_Promise,0
vow,vow,s,Self_Promise,1
it,it,s,,0
is,is,s,ReportingStates,0
a,a,s,ReportingStates,1
child,child,c,PersonProperty,0
.,.,n,,0
You,you,s,DirectAddress,0
swore,swore,s,ReportingEvents,0
you,you,s,DirectAddress,0
would,would,s,DirectAddress,1
have,have,s,Generalization,0
all,all,s,Generalization,1
or,or,s,,0
none,none,c,DenyDisclaim,0
.,.,nn,,0
I,i,s,FirstPer,0
Will,will,s,PredictedFuture,0
stand,stand,s,ProjectAhead,0
to,to,s,ProjectAhead,1
my,my,s,FirstPer,0
bargain,bargain,c,AbstractConcepts,0
",",",",s,ReasonForward,0
for,for,s,ReasonForward,1
I,i,s,ReasonForward,2
will,will,s,PredictedFuture,0
have,have,s,PredictedFuture,1
none,none,c,DenyDisclaim,0
.,.,nn,Question,0
What,what,c,Question,1
?,?,s,Question,0
can,can,s,DirectAddress,0
you,you,s,DirectAddress,1
so,so,s,,0
suddenly,suddenly,s,Immediacy,0
alter,alter,s,ReportingEvents,0
your,your,s,DirectAddress,0
tone,tone,c,SenseProperty,0
.,.,nn,Imperative,0
Come,come,s,Imperative,1
kiss,kiss,s,Positivity,0
it,it,s,,0
and,and,s,,0
love,love,s,Positivity,0
it,it,c,,0
",",",",s,ReasonForward,0
for,for,s,ReasonForward,1
faith,faith,s,StandardsPos,0
it,it,s,DirectAddress,0
is,is,s,DirectAddress,1
your,your,s,DirectAddress,2
own,own,c,ReportingEvents,0
.,.,n,Imperative,0
Remember,remember,s,Imperative,1
when,when,s,,0
we,we,s,,0
were,were,s,ProjectBack,0
alone,alone,c,SpaceRelation,0
.,.,n,,0
For,for,s,,0
this,this,s,,0
pretty,pretty,s,SubjectivePercept,0
Babe,babe,s,SubjectivePercept,0
I,i,s,SelfDisclosure,0
have,have,s,SelfDisclosure,1
shed,shed,s,ReportingEvents,0
many,many,s,,0
showers,showers,c,Motions,0
",",",",n,,0
And,and,s,,0
suffered,suffered,s,Negativity,0
a,a,s,Negativity,1
thousand,thousand,s,Numbers,0
disconsolate,disconsolate,s,Sad,0
hours,hours,c,TimeDuration,0
",",",",n,,0
As,as,s,Confidence,0
sure,sure,s,Confidence,1
as,as,s,Confidence,2
it,it,s,,0
is,is,s,SelfDisclosure,0
mine,mine,c,SelfDisclosure,1
",",",",s,,0
I,i,s,SelfDisclosure,0
Am,am,s,SelfDisclosure,1
certain,certain,s,Confidence,0
its,its,s,,0
yours,yours,c,DirectAddress,0
",",",",n,,0
I,i,s,Autobio,0
never,never,s,Autobio,1
knew,knew,s,Confidence,0
Man,man,s,PersonProperty,0
but,but,s,Resistance,0
you,you,c,DirectAddress,0
.,.,nn,,0
These,these,s,Immediacy,0
Projects,projects,s,GenericEvents,0
to,to,s,SelfDisclosure,0
me,me,s,SelfDisclosure,1
are,are,s,ReportingStates,0
Riddles,riddles,s,Negativity,0
and,and,s,,0
Charms,charms,c,Positivity,0
",",",",n,,0
How,how,s,,0
came,came,s,Narrative_Verbs,0
the,the,s,Narrative_Verbs,1
child,child,s,PersonProperty,0
hither,hither,c,SpaceRelation,0
?,?,nn,Question,0
For,for,s,Fear,0
fear,fear,s,Fear,1
of,of,s,Fear,2
worse,worse,s,Negativity,0
harms,harms,c,Negativity,0
",",",",n,,0
I,i,s,FirstPer,0
left,left,s,SceneShift,0
it,it,s,SceneShift,1
even,even,s,Immediacy,0
now,now,s,Immediacy,1
in,in,s,,0
a,a,s,,0
Countreymans's,countreymans's,s,UNRECOGNIZED,0
arms,arms,c,SenseObject,0
",",",",n,,0
A,a,s,PersonProperty,0
fellow,fellow,s,PersonProperty,1
that,that,s,,0
I,i,s,Autobio,0
never,never,s,Autobio,1
knew,knew,c,ReportingStates,0
.,.,n,ReportingStates,1
',',c,,0
Twas,twas,s,ProjectBack,0
left,left,s,SceneShift,0
to,to,s,SceneShift,1
be,be,s,ReportingStates,0
lost,lost,s,Negativity,0
though,though,s,Concessive,0
the,the,s,,0
plot,plot,s,LangRef,0
would,would,s,Contingency,0
not,not,s,Contingency,1
hit,hit,c,ReportingEvents,0
*,*,n,,0
I,i,s,Autobio,0
never,never,s,Autobio,1
could,could,s,SenseProperty,0
see,see,s,SenseProperty,1
you,you,s,DirectAddress,0
to,to,s,,0
tell,tell,s,DirectAddress,0
you,you,s,DirectAddress,1
of,of,s,,0
it,it,c,,0
",",",",n,,0
A,a,s,,0
Countryman,countryman,s,PersonProperty,0
brought,brought,s,ReportingEvents,0
it,it,c,,0
.,.,nn,,0
A,a,s,,0
pox,pox,s,StandardsNeg,0
of,of,s,,0
his,his,s,PersonPronoun,0
wit,wit,c,StandardsPos,0
",",",",n,,0
I,i,s,SelfDisclosure,0
would,would,s,SelfDisclosure,1
I,i,s,FirstPer,0
were,were,s,ProjectBack,0
rid,rid,s,Resistance,0
of,of,s,Resistance,1
my,my,s,Autobio,0
life,life,c,Autobio,1
.,.,nn,,0
Before,before,s,Sequence,0
I,i,s,SelfDisclosure,0
knew,knew,s,SelfDisclosure,1
Filcher,filcher,c,Negativity,0
",",",",s,,0
I,i,s,Autobio,0
was,was,s,Autobio,1
a,a,s,,0
pure,pure,s,StandardsPos,0
Maid,maid,c,PersonProperty,0
",",",",n,,0
Pray,pray,s,Intensity,0
do,do,s,Intensity,1
but,but,s,Resistance,0
Remember,remember,s,ProjectBack,0
the,the,s,ProjectBack,1
Contract,contract,s,ReportingEvents,0
we,we,s,,0
made,made,c,ReportingStates,0
;,;,n,ReportingStates,1
You,you,s,DirectAddress,0
said,said,s,DirectAddress,1
you,you,s,DirectAddress,0
would,would,s,DirectAddress,1
wed,wed,s,ReportingEvents,0
me,me,c,FirstPer,0
",",",",s,,0
and,and,s,,0
live,live,s,,0
by,by,s,DirectAddress,0
your,your,s,DirectAddress,1
trade,trade,c,AbstractConcepts,0
",",",",nn,,0
I,i,s,FirstPer,0
Will,will,s,PredictedFuture,0
presently,presently,s,TimeShift,0
make,make,s,ReportingEvents,0
thee,thee,s,DirectAddress,0
My,my,s,FirstPer,0
Wife,wife,c,PersonProperty,0
.,.,nn,,0
For,for,s,Specifiers,0
all,all,s,Specifiers,1
the,the,s,,0
worlds,worlds,s,AbstractConcepts,0
wealth,wealth,s,Positivity,0
I,i,s,Resistance,0
will,will,s,Resistance,1
never,never,s,Resistance,2
be,be,s,ReportingStates,0
a,a,s,ReportingStates,1
whore,whore,c,Negativity,0
.,.,nn,,0
I,i,s,FirstPer,0
Will,will,s,PredictedFuture,0
purchase,purchase,s,ReportingEvents,0
new,new,s,,0
Credit,credit,s,StandardsPos,0
upon,upon,s,,0
an,an,s,,0
old,old,s,SenseProperty,0
score,score,c,AbstractConcepts,0
.,.,nn,,0
I,i,s,FirstPer,0
Will,will,s,PredictedFuture,0
deal,deal,s,ReportingEvents,0
in,in,s,ReportingEvents,1
these,these,s,Immediacy,0
damnable,damnable,s,Anger,0
courses,courses,s,AbstractConcepts,0
no,no,s,DenyDisclaim,0
more,more,c,DenyDisclaim,1
.,.,nn,,0
We,we,s,,0
every,every,s,Generalization,0
one,one,s,Generalization,1
will,will,s,PredictedFuture,0
mend,mend,c,Positivity,0
.,.,nn,,0
I,i,s,Autobio,0
never,never,s,Autobio,1
will,will,s,Fear,0
quarrel,quarrel,c,Fear,1
",",",",s,,0
or,or,s,,0
swagger,swagger,s,Motions,0
and,and,s,,0
roar,roar,c,Motions,0
",",",",nn,,0
Then,then,s,Sequence,0
make,make,s,Sequence,1
the,the,s,StandardsNeg,0
poor,poor,s,StandardsNeg,1
Simpletons,simpletons,s,Anger,0
pay,pay,s,ReportingEvents,0
all,all,s,Generalization,0
the,the,s,Generalization,1
score,score,c,AbstractConcepts,0
.,.,nn,,0
I,i,s,Autobio,0
never,never,s,Autobio,1
will,will,s,PredictedFuture,0
do,do,s,ReportingEvents,0
as,as,s,ReportingEvents,1
I,i,s,SelfDisclosure,0
have,have,s,SelfDisclosure,1
done,done,s,ReportingStates,0
before,before,c,Sequence,0
.,.,nn,,0
We,we,s,,0
every,every,s,Generalization,0
one,one,s,Generalization,1
will,will,s,PredictedFuture,0
mend,mend,c,Positivity,0
.,.,nn,,0
Ch,ch,c,,0
',',s,,0
have,have,s,,0
overcome,overcome,s,StandardsPos,0
my,my,s,FirstPer,0
voes,voes,c,UNRECOGNIZED,0
",",",",n,,0
And,and,s,,0
Watty,watty,s,UNRECOGNIZED,0
now,now,s,Updates,0
is,is,s,Updates,1
vree,vree,c,UNRECOGNIZED,0
;,;,n,,0
It,it,s,,0
is,is,s,DenyDisclaim,0
no,no,s,DenyDisclaim,1
zin,zin,s,UNRECOGNIZED,0
to,to,s,,0
cousen,cousen,s,UNRECOGNIZED,0
those,those,c,,0
",",",",n,,0
That,that,s,Contingency,0
would,would,s,Contingency,1
have,have,s,Contingency,2
cheated,cheated,s,Anger,0
me,me,c,Anger,1
:,:,n,,0
Had,had,s,ProjectBack,0
che,che,s,,0
but,but,s,Resistance,0
met,met,s,SpaceRelation,0
with,with,s,SpaceRelation,1
one,one,c,Numbers,0
",",",",n,,0
Che,che,s,,0
had,had,s,ProjectBack,0
not,not,s,ProjectBack,1
been,been,s,ProjectBack,2
o'remaster'd,o'remaster'd,c,UNRECOGNIZED,0
;,;,n,,0
Ich,ich,s,FirstPer,0
che,che,s,,0
wonder,wonder,s,Curiosity,0
what,what,s,Curiosity,1
they,they,s,PrivateThinking,0
thought,thought,s,PrivateThinking,1
upon,upon,c,,0
",",",",n,,0
when,when,s,TimeShift,0
they,they,s,TimeShift,1
did,did,s,ReportingEvents,0
vind,vind,s,UNRECOGNIZED,0
the,the,s,,0
Bastard,bastard,c,Anger,0
.,.,n,Question,0
Did,did,s,Question,1
ever,ever,s,Biographical_Time,0
vellow,vellow,s,UNRECOGNIZED,0
vinde,vinde,n,UNRECOGNIZED,0
Zuch,zuch,s,UNRECOGNIZED,0
zimple,zimple,s,UNRECOGNIZED,0
zots,zots,s,UNRECOGNIZED,0
as,as,s,,0
these,these,c,Immediacy,0
",",",",n,Immediacy,1
To,to,s,,0
leave,leave,s,,0
my,my,s,FirstPer,0
fifty,fifty,s,Numbers,0
pounds,pounds,s,Numbers,1
behind,behind,c,,0
",",",",n,,0
And,and,s,,0
steal,steal,s,Negativity,0
my,my,s,FirstPer,0
Bread,bread,s,SenseObject,0
and,and,s,,0
Cheese,cheese,c,SenseObject,0
:,:,n,,0
These,these,s,Immediacy,0
zitty,zitty,s,UNRECOGNIZED,0
thieves,thieves,s,Negative_Relation,0
are,are,s,ReportingStates,0
fooled,fooled,c,Negativity,0
",",",",n,,0
That,that,s,ReasonForward,0
meant,meant,s,ReasonForward,1
to,to,s,,0
do,do,s,Intensity,0
me,me,s,FirstPer,0
hurt,hurt,c,ReportingStates,0
",",",",n,ReportingStates,1
The,the,s,,0
Meazles,meazles,s,UNRECOGNIZED,0
could,could,s,DenyDisclaim,0
not,not,s,DenyDisclaim,1
vind,vind,s,UNRECOGNIZED,0
my,my,s,FirstPer,0
gold,gold,c,SenseObject,0
",",",",n,,0
che,che,s,,0
knittne,knittne,s,UNRECOGNIZED,0
in,in,s,,0
my,my,s,FirstPer,0
zhurt,zhurt,c,UNRECOGNIZED,0
;,;,n,,0
Ich,ich,s,FirstPer,0
che,che,s,,0
cannot,cannot,s,DenyDisclaim,0
choose,choose,s,DenyDisclaim,1
but,but,s,DenyDisclaim,2
zmile,zmile,c,UNRECOGNIZED,0
",",",",n,,0
That,that,s,,0
men,men,s,PersonProperty,0
who,who,s,,0
can,can,s,Contingency,0
talk,talk,s,ReportingEvents,0
lattin,lattin,c,UNRECOGNIZED,0
",",",",n,,0
Zhould,zhould,s,UNRECOGNIZED,0
be,be,s,ReportingStates,0
zuch,zuch,s,UNRECOGNIZED,0
fools,fools,s,Negativity,0
to,to,s,,0
take,take,s,ReportingEvents,0
a,a,s,ReportingEvents,1
Child,child,n,PersonProperty,0
Vor,vor,s,UNRECOGNIZED,0
velvet,velvet,c,SenseProperty,0
",",",",s,,0
zilk,zilk,c,UNRECOGNIZED,0
",",",",s,,0
and,and,s,,0
zatten,zatten,c,UNRECOGNIZED,0
:,:,n,,0
But,but,s,Resistance,0
Pride,pride,s,StandardsPos,0
will,will,s,PredictedFuture,0
have,have,s,PredictedFuture,1
a,a,s,PredictedFuture,2
vall,vall,c,UNRECOGNIZED,0
",",",",n,,0
The,the,s,,0
Proverb,proverb,s,CommonAuthorities,0
zaith,zaith,s,UNRECOGNIZED,0
as,as,s,Comparison,0
much,much,c,Comparison,1
;,;,n,,0
Now,now,s,Immediacy,0
how,how,s,DirectAddress,0
do,do,s,DirectAddress,1
you,you,s,DirectAddress,2
my,my,s,FirstPer,0
Measters,measters,s,UNRECOGNIZED,0
all,all,c,,0
",",",",n,,0
Ich,ich,s,FirstPer,0
cham,cham,s,PersonProperty,0
com,com,s,,0
to,to,s,,0
laugh,laugh,s,Positivity,0
a,a,s,SenseProperty,0
touch,touch,c,SenseProperty,1
.,.,n,,0
God,god,s,CommonAuthorities,0
bless,bless,s,StandardsPos,0
my,my,s,FirstPer,0
Lady,lady,s,PersonProperty,0
Zhreeve,zhreeve,c,UNRECOGNIZED,0
",",",",n,,0
And,and,s,SubjectivePercept,0
all,all,s,SubjectivePercept,1
that,that,s,SubjectivePercept,2
noble,noble,s,StandardsPos,0
pack,pack,c,ReportingEvents,0
;,;,n,,0
Ch'am,ch'am,s,UNRECOGNIZED,0
almost,almost,s,Intensity,0
dead,dead,s,Intensity,1
with,with,s,Sad,0
grief,grief,c,Sad,1
",",",",n,,0
Che,che,s,,0
want,want,s,ProjectAhead,0
a,a,s,SenseObject,0
cup,cup,s,SenseObject,1
a,a,s,,0
zack,zack,c,UNRECOGNIZED,0
.,.,n,,0
God,god,s,CommonAuthorities,0
zave,zave,s,UNRECOGNIZED,0
my,my,s,FirstPer,0
measter,measter,s,UNRECOGNIZED,0
too,too,c,Metadiscourse,0
",",",",n,Metadiscourse,1
And,and,s,,0
zend,zend,s,UNRECOGNIZED,0
him,him,s,PersonPronoun,0
to,to,s,,0
live,live,s,,0
long,long,c,SenseProperty,0
;,;,n,,0
Vayth,vayth,s,UNRECOGNIZED,0
now,now,s,Immediacy,0
ch'a,ch'a,s,UNRECOGNIZED,0
nothing,nothing,s,DenyDisclaim,0
else,else,s,DenyDisclaim,1
to,to,s,,0
do,do,c,GenericEvents,0
",",",",n,GenericEvents,1
Chill,chill,s,SenseProperty,0
zing,zing,s,Intensity,0
a,a,s,,0
merry,merry,s,Positivity,0
zong,zong,c,UNRECOGNIZED,0
.,.,n,,0
THe,the,s,TimeShift,0
other,other,s,TimeShift,1
day,day,s,TimeShift,2
among,among,s,,0
many,many,s,,0
papers,papers,c,,0
",",",",n,,0
Che,che,s,,0
vown'd,vown'd,s,UNRECOGNIZED,0
a,a,s,SenseObject,0
vine,vine,s,SenseObject,1
zong,zong,s,UNRECOGNIZED,0
of,of,s,,0
the,the,s,,0
Merchants,merchants,s,PersonProperty,0
and,and,n,,0
Drapers,drapers,c,PersonProperty,0
.,.,n,,0
The,the,s,,0
Grocers,grocers,c,PersonProperty,0
",",",",s,,0
the,the,s,,0
Goldsmiths,goldsmiths,c,PersonProperty,0
",",",",s,,0
the,the,s,,0
Tailors,tailors,s,PersonProperty,0
and,and,s,,0
Skinners,skinners,c,PersonProperty,0
",",",",n,,0
And,and,s,,0
many,many,s,,0
zuch,zuch,s,UNRECOGNIZED,0
vinical,vinical,s,UNRECOGNIZED,0
zinners,zinners,c,UNRECOGNIZED,0
.,.,n,,0
The,the,s,,0
Mercer,mercer,s,PersonProperty,0
virst,virst,s,UNRECOGNIZED,0
a,a,s,SenseObject,0
vine,vine,s,SenseObject,1
dapper,dapper,s,PersonProperty,0
blade,blade,s,SenseObject,0
is,is,c,ReportingStates,0
",",",",n,,0
He,he,s,PersonPronoun,0
zells,zells,s,UNRECOGNIZED,0
ye,ye,s,OralCues,0
zoft,zoft,s,UNRECOGNIZED,0
zattin,zattin,c,UNRECOGNIZED,0
",",",",s,,0
and,and,s,,0
very,very,s,StandardsPos,0
well,well,s,StandardsPos,1
paid,paid,s,ReportingEvents,0
is,is,c,ReportingStates,0
;,;,n,,0
He,he,s,Neutral_Attribution,0
makes,makes,s,Neutral_Attribution,1
his,his,s,PersonPronoun,0
Commodity,commodity,s,AbstractConcepts,0
cover,cover,s,ReportingEvents,0
the,the,s,ReportingEvents,1
Ladies,ladies,c,PersonProperty,0
",",",",n,,0
Zo,zo,s,UNRECOGNIZED,0
zoft,zoft,s,UNRECOGNIZED,0
and,and,s,,0
zweet,zweet,s,UNRECOGNIZED,0
his,his,s,PersonPronoun,0
Trade,trade,s,AbstractConcepts,0
is,is,c,ReportingStates,0
.,.,n,,0
The,the,s,,0
Grocer,grocer,s,PersonProperty,0
lays,lays,s,SpaceRelation,0
his,his,s,PersonPronoun,0
zhuggered,zhuggered,s,UNRECOGNIZED,0
baits,baits,c,SubjectivePercept,0
",",",",n,,0
He,he,s,PersonPronoun,0
loves,loves,s,Positivity,0
to,to,s,Positivity,1
have,have,s,,0
his,his,s,PersonPronoun,0
zhip,zhip,s,UNRECOGNIZED,0
zail,zail,s,UNRECOGNIZED,0
in,in,s,,0
the,the,s,SenseObject,0
Straits,straits,c,SenseObject,1
;,;,n,,0
He,he,s,PersonPronoun,0
deals,deals,s,ReportingEvents,0
for,for,s,ReportingEvents,1
sweet,sweet,s,SenseObject,0
Almonds,almonds,c,SenseObject,1
",",",",s,,0
Prunello's,prunello's,c,UNRECOGNIZED,0
",",",",s,,0
and,and,s,,0
Dates,dates,c,SenseObject,0
",",",",n,,0
With,with,s,,0
Ladies,ladies,s,PersonProperty,0
as,as,s,,0
light,light,s,Resemblances,0
as,as,s,Resemblances,1
his,his,s,PersonPronoun,0
weights,weights,c,AbstractConcepts,0
.,.,n,,0
The,the,s,,0
Drapers,drapers,s,PersonProperty,0
next,next,s,Sequence,0
in,in,s,,0
my,my,s,FirstPer,0
fancy,fancy,s,SubjectivePercept,0
does,does,s,ReportingEvents,0
hover,hover,c,Motions,0
.,.,n,ReportingStates,0
It,it,s,ReportingStates,1
is,is,s,ReportingStates,2
the,the,s,Positivity,0
best,best,s,Positivity,1
Trade,trade,s,AbstractConcepts,0
betwixt,betwixt,s,TimeDuration,0
Barwick,barwick,s,UNRECOGNIZED,0
and,and,s,,0
Dover,dover,c,,0
;,;,n,Resistance,0
But,but,s,Resistance,1
when,when,s,Resistance,2
his,his,s,PersonPronoun,0
zhort,zhort,s,UNRECOGNIZED,0
Yard,yard,s,SpaceRelation,0
the,the,s,SpaceRelation,1
women,women,s,PersonProperty,0
discover,discover,c,Curiosity,0
",",",",n,,0
They,they,s,,0
will,will,s,PredictedFuture,0
have,have,s,PredictedFuture,1
a,a,s,PredictedFuture,2
handful,handful,s,SpaceRelation,0
over,over,c,,0
.,.,n,DirectAddress,0
And,and,s,DirectAddress,1
now,now,s,Updates,0
have,have,s,Updates,1
at,at,s,SpaceRelation,0
the,the,s,SpaceRelation,1
Fishmongers,fishmongers,s,PersonProperty,0
jacket,jacket,c,SenseObject,0
*,*,n,,0
It,it,s,,0
proves,proves,s,Confidence,0
a,a,s,Positivity,0
good,good,s,Positivity,1
trade,trade,s,AbstractConcepts,0
as,as,s,,0
the,the,s,,0
Taverns,taverns,s,SenseObject,0
do,do,s,Intensity,0
make,make,s,Intensity,1
it,it,c,,0
:,:,n,,0
But,but,s,Resistance,0
of,of,s,Specifiers,0
all,all,s,Specifiers,1
the,the,s,Specifiers,2
vish,vish,s,UNRECOGNIZED,0
in,in,s,,0
the,the,s,,0
zea,zea,s,UNRECOGNIZED,0
chil,chil,s,UNRECOGNIZED,0
undertake,undertake,s,ProjectAhead,0
it,it,c,,0
",",",",n,,0
He,he,s,ProjectAhead,0
Would,would,s,ProjectAhead,1
rather,rather,s,ProjectAhead,2
have,have,s,ReportingEvents,0
a,a,s,ReportingEvents,1
virgin,virgin,s,PersonProperty,0
naked,naked,c,SenseObject,0
.,.,n,,0
The,the,s,,0
Goldsmiths,goldsmiths,s,PersonProperty,0
stall,stall,s,SpaceRelation,0
will,will,s,PredictedFuture,0
make,make,s,SelfDisclosure,0
me,me,s,SelfDisclosure,1
to,to,s,,0
stop,stop,c,Resistance,0
",",",",n,ReasonForward,0
For,for,s,ReasonForward,1
Goldsmiths-Hall,goldsmiths-hall,s,UNRECOGNIZED,0
has,has,s,ProjectBack,0
been,been,s,ProjectBack,1
a,a,s,Intensity,0
great,great,s,Intensity,1
prop,prop,c,Motions,0
;,;,n,,0
Of,of,s,Specifiers,0
all,all,s,Specifiers,1
the,the,s,Specifiers,2
rich,rich,s,Positivity,0
mysteries,mysteries,s,Uncertainty,0
this,this,s,ReportingStates,0
is,is,s,ReportingStates,1
the,the,s,SpaceRelation,0
top,top,c,SpaceRelation,1
",",",",n,,0
The,the,s,,0
Tower,tower,s,SenseObject,0
was,was,s,ProjectBack,0
a,a,s,ProjectBack,1
Goldsmith's,goldsmith's,s,UNRECOGNIZED,0
zhop,zhop,c,UNRECOGNIZED,0
.,.,n,,0
The,the,s,,0
Merchant-Taylors,merchant-taylors,s,UNRECOGNIZED,0
may,may,s,Contingency,0
not,not,s,DenyDisclaim,0
be,be,s,ReportingStates,0
outed,outed,c,Disclosure,0
",",",",n,,0
His,his,s,PersonPronoun,0
Calling,calling,s,ReportingEvents,0
has,has,s,ProjectBack,0
been,been,s,ProjectBack,1
e're,e're,s,SubjectivePercept,0
zince,zince,s,UNRECOGNIZED,0
Adam,adam,s,PersonProperty,0
was,was,s,ProjectBack,0
routed,routed,c,ReportingEvents,0
:,:,n,,0
A,a,s,,0
zuit,zuit,s,,0
makes,makes,s,ReportingEvents,0
a,a,s,,0
Gallants,gallants,s,SubjectivePercept,0
wealth,wealth,s,Positivity,0
not,not,s,DenyDisclaim,0
to,to,s,DenyDisclaim,1
be,be,s,DenyDisclaim,2
doubted,doubted,c,Uncertainty,0
",",",",n,,0
That,that,s,Specifiers,0
is,is,s,Specifiers,1
but,but,s,Resistance,0
a,a,s,,0
Beggar,beggar,s,PersonProperty,0
without,without,s,Contingency,0
it,it,c,,0
.,.,n,,0
The,the,s,,0
Skinners,skinners,s,PersonProperty,0
hate,hate,s,Negativity,0
Ich,ich,s,FirstPer,0
che,che,s,,0
must,must,s,Insist,0
not,not,s,Insist,1
incurr,incurr,c,UNRECOGNIZED,0
",",",",n,,0
He,he,s,PersonPronoun,0
covers,covers,s,ReportingEvents,0
the,the,s,ReportingEvents,1
Corpse,corpse,s,SenseObject,0
of,of,s,DirectAddress,0
your,your,s,DirectAddress,1
Worshipful,worshipful,s,Positivity,0
Zur,zur,c,UNRECOGNIZED,0
",",",",n,,0
And,and,s,,0
cleaves,cleaves,s,SpaceRelation,0
to,to,s,SpaceRelation,1
your,your,s,DirectAddress,0
Aldermans,aldermans,s,UNRECOGNIZED,0
back,back,s,,0
like,like,s,Resemblances,0
a,a,s,Resemblances,1
bur,bur,c,SenseObject,0
",",",",n,,0
Whose,whose,s,PersonPronoun,0
lineing,lineing,s,UNRECOGNIZED,0
is,is,s,ReportingStates,0
Voxes,voxes,s,UNRECOGNIZED,0
vur,vur,c,UNRECOGNIZED,0
.,.,n,,0
Your,your,s,DirectAddress,0
Haberdashers,haberdashers,s,PersonProperty,0
Art,art,s,AbstractConcepts,0
che,che,s,,0
may,may,s,Contingency,0
call,call,c,ReportingEvents,0
",",",",n,,0
The,the,s,Exceptions,0
only,only,s,Exceptions,1
fine,fine,s,Positivity,0
trade,trade,s,AbstractConcepts,0
that,that,s,,0
does,does,s,ReportingEvents,0
cover,cover,s,AbstractConcepts,0
us,us,s,Inclusive,0
all,all,c,Inclusive,1
;,;,n,Resistance,0
But,but,s,Resistance,1
woe,woe,s,Sad,0
to,to,s,,0
the,the,s,,0
Cavalier,cavalier,s,Negative_Relation,0
that,that,s,,0
did,did,s,ReportingEvents,0
vall,vall,n,UNRECOGNIZED,0
Into,into,s,,0
Haberdashers-Hall,haberdashers-hall,c,UNRECOGNIZED,0
.,.,n,,0
The,the,s,,0
Zalters,zalters,s,UNRECOGNIZED,0
trade,trade,s,AbstractConcepts,0
we,we,s,,0
zhall,zhall,s,UNRECOGNIZED,0
not,not,s,DenyDisclaim,0
omit,omit,c,Negativity,0
",",",",n,,0
The,the,s,,0
Scholars,scholars,s,StandardsPos,0
zay,zay,s,UNRECOGNIZED,0
Zalt,zalt,s,UNRECOGNIZED,0
is,is,s,ReportingStates,0
an,an,s,ReportingStates,1
Emblem,emblem,s,Example,0
of,of,s,Example,1
Wit,wit,c,StandardsPos,0
;,;,n,Resistance,0
But,but,s,Resistance,1
vaith,vaith,s,UNRECOGNIZED,0
I,i,s,SelfDisclosure,0
believe,believe,s,SelfDisclosure,1
they,they,s,,0
love,love,s,Positivity,0
a,a,s,Positivity,1
vresh,vresh,s,UNRECOGNIZED,0
bit,bit,c,ReportingStates,0
",",",",n,ReportingStates,1
When,when,s,,0
Mutton,mutton,s,SenseObject,0
and,and,s,,0
Capers,capers,s,SenseObject,0
meet,meet,c,ReportingEvents,0
.,.,n,,0
The,the,s,,0
fame,fame,s,StandardsPos,0
of,of,s,,0
Iron-mongers,iron-mongers,s,UNRECOGNIZED,0
do,do,s,Intensity,0
ring,ring,c,SenseObject,0
",",",",n,,0
The,the,s,,0
strength,strength,s,StandardsPos,0
of,of,s,StandardsPos,1
the,the,s,,0
Mettle,mettle,s,StandardsPos,0
can,can,s,Contingency,0
conquer,conquer,s,ReportingEvents,0
a,a,s,ReportingEvents,1
King,king,c,PersonProperty,0
;,;,n,,0
The,the,s,,0
Helmet,helmet,c,SenseObject,0
",",",",s,,0
Musket,musket,c,SenseObject,0
",",",",s,,0
and,and,s,,0
Gauntlet,gauntlet,s,SenseObject,0
can,can,s,Contingency,0
bring,bring,n,,0
A,a,s,,0
Scepter,scepter,s,SenseObject,0
out,out,s,,0
of,of,s,,0
a,a,s,SenseObject,0
Sling,sling,c,SenseObject,1
.,.,n,,0
The,the,s,,0
Vintner's,vintner's,s,UNRECOGNIZED,0
Art,art,s,AbstractConcepts,0
but,but,s,Resistance,0
view,view,s,SenseProperty,0
men,men,s,PersonProperty,0
do,do,s,Confidence,0
know,know,c,Confidence,1
",",",",n,,0
Vor,vor,s,UNRECOGNIZED,0
it,it,s,,0
is,is,s,ReportingStates,0
a,a,s,ReportingStates,1
zience,zience,s,UNRECOGNIZED,0
too,too,s,,0
zuttle,zuttle,s,UNRECOGNIZED,0
to,to,s,,0
zhow,zhow,c,UNRECOGNIZED,0
;,;,n,,0
The,the,s,StandardsNeg,0
Devil,devil,s,StandardsNeg,1
and,and,s,,0
he,he,s,PersonPronoun,0
a,a,s,,0
Conjuring,conjuring,s,PrivateThinking,0
go,go,c,ReportingEvents,0
",",",",n,,0
When,when,s,,0
both,both,s,,0
are,are,s,ReportingStates,0
a,a,s,ReportingStates,1
brewing,brewing,s,SenseProperty,0
below,below,c,AbstractConcepts,0
.,.,n,,0
The,the,s,,0
Cloth-workers,cloth-workers,s,UNRECOGNIZED,0
trade,trade,s,AbstractConcepts,0
is,is,s,Intensity,0
a,a,s,Intensity,1
very,very,s,Intensity,2
vine,vine,s,SenseObject,0
thing,thing,c,Uncertainty,0
",",",",n,,0
And,and,s,,0
of,of,s,Specifiers,0
all,all,s,Specifiers,1
the,the,s,Specifiers,2
Trades,trades,s,AbstractConcepts,0
may,may,s,Contingency,0
be,be,s,Contingency,1
counted,counted,s,ReportingEvents,0
the,the,s,ReportingEvents,1
King,king,c,PersonProperty,0
;,;,n,Resistance,0
But,but,s,Resistance,1
yet,yet,s,Resistance,0
he,he,s,PersonPronoun,0
will,will,s,PredictedFuture,0
merrily,merrily,s,Positivity,0
tipple,tipple,s,Motions,0
and,and,s,,0
zing,zing,c,Intensity,0
",",",",n,,0
',',c,,0
Till,till,s,Motions,0
his,his,s,Motions,1
wits,wits,s,StandardsPos,0
go,go,s,ReportingEvents,0
a,a,s,,0
Wool-gathering,wool-gathering,c,SenseProperty,0
.,.,n,DirectAddress,0
And,and,s,DirectAddress,1
now,now,s,Immediacy,0
I^,i^,s,UNRECOGNIZED,0
che,che,s,,0
hope,hope,s,Positivity,0
no,no,s,DenyDisclaim,0
Tradesman,tradesman,s,PersonProperty,0
will,will,s,PredictedFuture,0
take,take,n,ReportingEvents,0
Exzeptions,exzeptions,s,UNRECOGNIZED,0
at,at,s,SpaceRelation,0
me,me,s,SpaceRelation,1
vor,vor,s,UNRECOGNIZED,0
my,my,s,FirstPer,0
merriment,merriment,s,Positivity,0
sake,sake,c,SenseObject,0
;,;,n,,0
Their,their,s,PersonPronoun,0
Trades,trades,s,AbstractConcepts,0
are,are,s,SubjectivePercept,0
all,all,s,SubjectivePercept,1
good,good,c,,0
",",",",s,Resistance,0
but,but,s,Resistance,1
the,the,s,,0
Vintner's,vintner's,s,UNRECOGNIZED,0
the,the,s,,0
bonniest,bonniest,c,Positivity,0
",",",",n,,0
God,god,s,CommonAuthorities,0
bless,bless,s,StandardsPos,0
them,them,s,StandardsPos,1
and,and,s,,0
make,make,s,ReportingEvents,0
them,them,s,,0
all,all,s,,0
honest,honest,c,StandardsPos,0
.,.,n,,0
Ic,ic,s,OralCues,0
che,che,s,,0
now,now,s,Updates,0
will,will,s,Updates,1
go,go,s,SpaceRelation,0
home,home,s,SpaceRelation,1
to,to,s,SpaceRelation,2
Zomerzetzheere,zomerzetzheere,c,UNRECOGNIZED,0
",",",",n,,0
And,and,s,,0
tell,tell,s,Disclosure,0
all,all,s,Disclosure,1
the,the,s,,0
(,(,c,,0
...,...,c,UNRECOGNIZED,0
),),s,,0
what,what,s,,0
vine,vine,s,SenseObject,0
things,things,s,Uncertainty,0
are,are,s,SpaceRelation,0
here,here,c,SpaceRelation,1
;,;,n,,0
Chil,chil,s,UNRECOGNIZED,0
jog,jog,s,Motions,0
to,to,s,SelfDisclosure,0
my,my,s,SelfDisclosure,1
(,(,c,,0
...,...,c,UNRECOGNIZED,0
),),s,,0
and,and,s,,0
zee,zee,s,LangRef,0
what,what,s,,0
God,god,s,CommonAuthorities,0
has,has,s,,0
zent,zent,s,UNRECOGNIZED,0
her,her,c,PersonPronoun,0
",",",",n,,0
And,and,s,,0
chil,chil,s,UNRECOGNIZED,0
come,come,s,SceneShift,0
here,here,s,SceneShift,1
again,again,s,RecurringEvents,0
next,next,s,Sequence,0
Winter,winter,c,AbstractConcepts,0
.,.,nnn,,0
