THE,the,s,,0
NUPTIALS,nuptials,s,GenericEvents,0
OF,of,s,,0
PELEUS,peleus,s,UNRECOGNIZED,0
AND,and,s,,0
THETIS,thetis,c,UNRECOGNIZED,0
.,.,s,,0
A,a,s,Updates,0
NEW,new,s,Updates,1
ITALIAN,italian,s,PersonProperty,0
COMEDY,comedy,c,Positivity,0
",",",",s,,0
Whence,whence,s,SpaceRelation,0
the,the,s,,0
preceding,preceding,n,Sequence,0
MASK,mask,s,SenseObject,0
was,was,s,ProjectBack,0
extracted,extracted,c,ReportingEvents,0
;,;,s,,0
Made,made,s,ReportingEvents,0
English,english,s,AbstractConcepts,0
by,by,s,,0
a,a,s,,0
nearer,nearer,s,SpaceRelation,0
adherence,adherence,s,CommonAuthorities,0
to,to,s,CommonAuthorities,1
the,the,s,CommonAuthorities,0
Original,original,c,CommonAuthorities,1
",",",",s,,0
then,then,s,TimeShift,0
to,to,n,TimeShift,1
the,the,s,,0
French,french,s,AbstractConcepts,0
TRANSLATION,translation,nn,AbstractConcepts,0
--,--,s,,0
Non,non,s,AbstractConcepts,0
seria,seria,s,,0
semper,semper,c,,0
.,.,nn,,0
London,london,c,,0
.,.,s,,0
Printed,printed,s,ReportingEvents,0
for,for,s,,0
Henry,henry,s,PersonProperty,0
Herringman,herringman,c,UNRECOGNIZED,0
",",",",s,,0
at,at,s,SpaceRelation,0
the,the,s,SpaceRelation,1
Anchor,anchor,c,SenseObject,0
.,.,s,,0
O,o,s,LangRef,0
Living,living,s,,0
Treasure,treasure,s,Positivity,0
of,of,s,,0
the,the,n,,0
glorious,glorious,s,Positivity,0
Sky,sky,n,SenseObject,0
Who,who,s,,0
by,by,s,,0
thy,thy,s,DirectAddress,0
piercing,piercing,s,SenseProperty,0
all,all,s,,0
surveying,surveying,s,ReportingEvents,0
eye,eye,n,SenseObject,0
Do,do,s,Intensity,0
in,in,s,,0
thy,thy,s,DirectAddress,0
golden,golden,s,SenseProperty,0
Armor,armor,s,SenseObject,0
conquer,conquer,s,ReportingEvents,0
Night,night,c,,0
",",",",n,ReasonForward,0
And,and,s,ReasonForward,1
so,so,s,ReasonForward,2
in,in,s,Positivity,0
triumph,triumph,s,Positivity,1
usher'st,usher'st,s,UNRECOGNIZED,0
in,in,s,SpaceRelation,0
the,the,s,SpaceRelation,1
Light,light,c,SpaceRelation,2
:,:,n,,0
Among,among,s,,0
the,the,s,,0
glittering,glittering,s,SenseProperty,0
Stars,stars,s,SenseObject,0
thou,thou,s,DirectAddress,0
do,do,s,DenyDisclaim,0
not,not,s,DenyDisclaim,1
shine,shine,n,SenseProperty,0
With,with,s,SenseProperty,1
greater,greater,s,Comparison,0
Luster,luster,c,SenseProperty,0
",",",",s,,0
then,then,s,,0
amongst,amongst,s,SpaceRelation,0
the,the,s,,0
nine,nine,n,Numbers,0
Aonian,aonian,s,UNRECOGNIZED,0
Sisters,sisters,c,PersonProperty,0
*,*,s,,0
O,o,s,LangRef,0
descend,descend,s,SpaceRelation,0
and,and,s,,0
daign,daign,c,UNRECOGNIZED,0
",",",",n,,0
Great,great,s,Intensity,0
God,god,c,CommonAuthorities,0
",",",",s,,0
(,(,c,,0
leaving,leaving,s,ReportingEvents,0
a,a,s,ReportingEvents,1
while,while,s,TimeDuration,0
Olympian,olympian,s,,0
Reign,reign,c,CommonAuthorities,0
),),n,,0
To,to,s,,0
feast,feast,s,SenseObject,0
with,with,s,Inclusive,0
us,us,c,Inclusive,1
:,:,s,,0
a,a,s,,0
joyful,joyful,s,Positivity,0
Augury,augury,n,ProjectAhead,0
Vouchsafe,vouchsafe,s,ProjectAhead,0
to,to,s,ProjectAhead,1
Peleus,peleus,s,UNRECOGNIZED,0
passions,passions,c,SubjectivePercept,0
",",",",s,,0
whose,whose,s,PersonPronoun,0
pure,pure,s,StandardsPos,0
breast,breast,n,PersonProperty,0
May,may,s,Contingency,0
justly,justly,s,StandardsPos,0
merit,merit,s,StandardsPos,0
Hymen,hymen,s,SenseObject,0
for,for,s,,0
his,his,s,PersonPronoun,0
guest,guest,c,PersonProperty,0
.,.,n,,0
To,to,s,,0
the,the,s,CommonAuthorities,0
eternal,eternal,s,CommonAuthorities,1
Laws,laws,s,CommonAuthorities,0
of,of,s,CommonAuthorities,1
Love,love,c,Positivity,0
",",",",n,,0
The,the,s,,0
highest,highest,s,Comparison,0
Gods,gods,s,CommonAuthorities,0
and,and,s,,0
Saints,saints,s,StandardsPos,0
above,above,n,SpaceRelation,0
Are,are,s,ReportingStates,0
Subject,subject,c,LangRef,0
:,:,s,,0
Monarchies,monarchies,s,CommonAuthorities,0
and,and,s,,0
Scepters,scepters,s,SenseObject,0
yield,yield,c,ReportingEvents,0
*,*,n,,0
To,to,s,,0
Love,love,c,Positivity,0
",",",",s,,0
and,and,s,,0
crown,crown,s,SenseObject,0
him,him,s,PersonPronoun,0
Victor,victor,s,PersonProperty,0
in,in,s,,0
the,the,s,,0
field,field,c,SenseObject,0
:,:,nn,Question,0
WHy,why,s,Question,1
do,do,s,DirectAddress,0
you,you,s,DirectAddress,1
thus,thus,s,ReasonForward,0
your,your,s,DirectAddress,0
self,self,s,SubjectivePercept,0
torment,torment,c,Negativity,0
?,?,nn,Question,0
Chiron,chiron,c,UNRECOGNIZED,0
",",",",s,,0
How,how,s,,0
shall,shall,s,Future_Question,0
I,i,s,Future_Question,1
find,find,s,,0
content,content,c,AbstractConcepts,0
?,?,nn,Question,0
Pursue,pursue,s,ProjectAhead,0
your,your,s,DirectAddress,0
hopes,hopes,c,Positivity,0
",",",",s,,0
and,and,s,,0
onward,onward,s,Sequence,0
go,go,c,ReportingEvents,0
*,*,nn,,0
Is,is,s,Question,0
It,it,s,Question,1
possible,possible,s,Contingency,0
I,i,s,Insist,0
should,should,s,Insist,1
do,do,s,Insist,2
so,so,c,Insist,3
?,?,n,Question,0
When,when,s,,0
on,on,s,SelfDisclosure,0
my,my,s,SelfDisclosure,1
heart,heart,s,SenseObject,0
a,a,s,StandardsPos,0
beauty,beauty,s,StandardsPos,1
lies,lies,n,,0
That,that,s,Specifiers,0
is,is,s,Specifiers,1
descended,descended,s,ReportingEvents,0
from,from,s,ReportingEvents,1
the,the,s,SenseObject,0
Skies,skies,c,SenseObject,1
;,;,n,,0
A,a,s,StandardsPos,0
beauty,beauty,s,StandardsPos,1
that,that,s,Specifiers,0
is,is,s,Specifiers,1
all,all,s,,0
moving,moving,s,,0
and,and,s,,0
immense,immense,c,SubjectivePercept,0
",",",",n,,0
That,that,s,,0
has,has,s,,0
over,over,s,,0
me,me,s,FirstPer,0
such,such,s,Specifiers,0
an,an,s,Specifiers,1
omnipotence,omnipotence,c,CommonAuthorities,0
?,?,n,Question,0
Moreover,moreover,c,Metadiscourse,0
",",",",s,Metadiscourse,1
I,i,s,FirstPer,0
two,two,s,Numbers,0
Rivals,rivals,s,Resistance,0
have,have,c,,0
",",",",n,,0
No,no,s,Comparison,0
less,less,s,Comparison,1
then,then,s,,0
Gods,gods,c,CommonAuthorities,0
",",",",s,,0
who,who,s,,0
me,me,s,FirstPer,0
outbrave,outbrave,n,Resistance,0
For,for,s,,0
Neptune,neptune,s,,0
with,with,s,,0
his,his,s,PersonPronoun,0
Trident,trident,c,SenseObject,0
",",",",s,,0
and,and,s,,0
great,great,s,Intensity,0
Jove,jove,n,,0
Are,are,s,ReportingStates,0
my,my,s,FirstPer,0
competitors,competitors,s,PersonProperty,0
for,for,s,,0
Thetis,thetis,s,UNRECOGNIZED,0
love,love,c,Positivity,0
.,.,nn,,0
Peleus,peleus,c,UNRECOGNIZED,0
",",",",s,,0
Why,why,s,Curiosity,0
do,do,s,Curiosity,1
you,you,s,DirectAddress,0
thus,thus,s,ReasonForward,0
your,your,s,DirectAddress,0
self,self,s,SubjectivePercept,0
torment,torment,c,Negativity,0
?,?,nn,Question,0
Chiron,chiron,c,UNRECOGNIZED,0
",",",",s,SpaceRelation,0
Where,where,s,SpaceRelation,1
is,is,s,Question,0
it,it,s,Question,1
I,i,s,Insist,0
should,should,s,Insist,1
find,find,s,,0
content,content,c,AbstractConcepts,0
?,?,nn,Question,0
Then,then,s,Sequence,0
follow,follow,s,Sequence,1
your,your,s,DirectAddress,0
fair,fair,s,StandardsPos,0
hopes,hopes,c,Positivity,0
",",",",s,,0
and,and,s,,0
onward,onward,s,Sequence,0
go,go,c,ReportingEvents,0
.,.,nn,Curiosity,0
How,how,s,Curiosity,1
is,is,s,Curiosity,2
it,it,s,Curiosity,3
possible,possible,s,Contingency,0
I,i,s,Insist,0
should,should,s,Insist,1
do,do,s,Insist,2
so,so,c,Insist,3
?,?,nn,Question,0
Listen,listen,s,Confront,0
to,to,s,Confront,1
me,me,c,Confront,2
",",",",s,,0
gray,gray,s,SenseObject,0
hairs,hairs,s,SenseObject,1
do,do,s,Intensity,0
but,but,s,Resistance,0
in,in,s,Negativity,0
vain,vain,n,Negativity,1
Attempt,attempt,s,ProjectAhead,0
young,young,s,SenseProperty,0
beauties,beauties,c,StandardsPos,0
",",",",s,,0
they,they,s,,0
will,will,s,PredictedFuture,0
them,them,s,,0
disdain,disdain,n,Negative_Relation,0
Though,though,s,Concessive,0
they,they,s,,0
be,be,s,ReportingStates,0
Gods,gods,c,CommonAuthorities,0
:,:,s,,0
Neptune,neptune,s,,0
is,is,s,ReportingStates,0
rich,rich,s,StandardsPos,0
in,in,s,StandardsPos,1
years,years,n,TimeDuration,0
As,as,s,Metadiscourse,0
well,well,s,Metadiscourse,1
as,as,s,Metadiscourse,2
Treasure,treasure,c,Positivity,0
",",",",s,,0
Thetis,thetis,s,UNRECOGNIZED,0
will,will,s,PredictedFuture,0
him,him,s,PersonPronoun,0
jeer,jeer,c,Negative_Relation,0
.,.,n,,0
For,for,s,,0
Jove,jove,c,,0
",",",",s,,0
besides,besides,s,Specifiers,0
his,his,s,PersonPronoun,0
age,age,c,Specifiers,0
",",",",s,,0
his,his,s,PersonPronoun,0
rapes,rapes,s,Negative_Relation,0
and,and,s,,0
wiles,wiles,c,SubjectivePercept,0
",",",",n,,0
How,how,s,,0
he,he,s,PersonPronoun,0
so,so,s,Intensity,0
many,many,s,Intensity,1
Ladies,ladies,s,PersonProperty,0
did,did,s,ReportingEvents,0
beguile,beguile,n,SubjectivePercept,0
Will,will,s,PredictedFuture,0
make,make,s,ReportingEvents,0
her,her,s,PersonPronoun,0
shun,shun,s,Negative_Relation,0
him,him,c,PersonPronoun,0
:,:,s,,0
but,but,s,Resistance,0
if,if,s,Contingency,0
you,you,s,DirectAddress,0
desire,desire,n,Positivity,0
To,to,s,Positivity,1
compass,compass,s,SenseObject,0
your,your,s,DirectAddress,0
designs,designs,c,AbstractConcepts,0
",",",",s,,0
and,and,s,,0
quench,quench,s,ReportingEvents,0
your,your,s,DirectAddress,0
fire,fire,c,SenseObject,0
",",",",n,,0
Behold,behold,s,SpaceRelation,0
those,those,s,,0
Magies,magies,s,UNRECOGNIZED,0
that,that,s,Specifiers,0
with,with,s,Specifiers,1
charmed,charmed,s,Positivity,0
flight,flight,n,SenseProperty,0
Will,will,s,PredictedFuture,0
guide,guide,s,MoveBody,0
you,you,s,MoveBody,1
safely,safely,s,StandardsPos,0
to,to,s,,0
Prometheus,prometheus,s,UNRECOGNIZED,0
sight,sight,c,SenseProperty,0
",",",",n,,0
Who,who,s,,0
being,being,s,ReportingStates,0
bold,bold,s,Confidence,0
and,and,s,,0
wise,wise,c,StandardsPos,0
",",",",s,ReportingStates,0
is,is,s,ReportingStates,1
the,the,s,ReportingStates,2
only,only,s,SubjectivePercept,0
man,man,n,PersonProperty,0
Who,who,s,,0
in,in,s,,0
this,this,s,,0
Enterprise,enterprise,s,CommonAuthorities,0
you,you,s,DirectAddress,0
pleasure,pleasure,s,Positivity,0
can,can,c,Contingency,0
:,:,n,,0
He,he,s,Updates,0
is,is,s,Updates,1
no,no,s,DenyDisclaim,0
friend,friend,s,StandardsPos,0
to,to,s,,0
Jove,jove,c,,0
",",",",s,,0
who,who,s,,0
him,him,s,PersonPronoun,0
torments,torments,n,Negativity,0
With,with,s,Specifiers,0
such,such,s,Specifiers,1
eternal,eternal,s,RecurringEvents,0
pangs,pangs,c,Negativity,0
",",",",s,,0
therefore,therefore,s,ReasonForward,0
he,he,s,PersonPronoun,0
will,will,c,PredictedFuture,0
",",",",n,,0
To,to,s,DirectAddress,0
help,help,s,DirectAddress,1
you,you,c,DirectAddress,2
",",",",s,DirectAddress,3
exercise,exercise,s,ReportingEvents,0
his,his,s,ReportingEvents,1
utmost,utmost,s,Intensity,0
skill,skill,c,StandardsPos,0
.,.,n,Curiosity,0
Wherefore,wherefore,s,Curiosity,1
take,take,s,ReportingEvents,0
my,my,s,FirstPer,0
advice,advice,c,GenericEvents,0
",",",",s,,0
and,and,s,,0
hence,hence,s,ReasonForward,0
away,away,n,SceneShift,0
To,to,s,SceneShift,1
India,india,c,,0
",",",",s,,0
through,through,s,SpaceRelation,0
the,the,s,SpaceRelation,1
air,air,s,SpaceRelation,2
cut,cut,s,ReportingEvents,0
out,out,s,ReportingEvents,1
your,your,s,DirectAddress,0
way,way,c,DirectAddress,1
.,.,n,,0
Delay,delay,s,Resistance,0
is,is,s,Generalization,0
always,always,s,Generalization,1
dangerous,dangerous,s,Fear,0
to,to,s,Fear,1
Lovers,lovers,c,Positivity,0
",",",",n,,0
He,he,s,Biographical_Time,0
never,never,s,Biographical_Time,1
obtained,obtained,s,Narrative_Verbs,0
his,his,s,Narrative_Verbs,1
ends,ends,s,Sequence,0
who,who,s,,0
hums,hums,s,SenseProperty,0
and,and,s,,0
hovers,hovers,c,Motions,0
.,.,nn,,0
This,this,s,,0
Aerie,aerie,s,SenseObject,0
journey,journey,s,SceneShift,0
I,i,s,FirstPer,0
will,will,s,PredictedFuture,0
undertake,undertake,c,PredictedFuture,1
",",",",n,Resistance,0
But,but,s,Resistance,1
though,though,s,Concessive,0
herein,herein,s,Metadiscourse,0
Fortune,fortune,s,ProjectAhead,0
my,my,s,FirstPer,0
friend,friend,s,StandardsPos,0
I,i,s,FirstPer,0
make,make,n,ReportingEvents,0
Yet,yet,s,Resistance,0
are,are,s,ReportingStates,0
my,my,s,FirstPer,0
hopes,hopes,s,Positivity,0
but,but,s,Resistance,0
small,small,c,SenseProperty,0
",",",",s,,0
I,i,s,SelfDisclosure,0
have,have,s,SelfDisclosure,1
a,a,s,Curiosity,0
hint,hint,c,Curiosity,1
",",",",n,,0
That,that,s,,0
Thetis's,thetis's,s,UNRECOGNIZED,0
cruel,cruel,c,Anger,0
",",",",s,,0
and,and,s,,0
her,her,s,PersonPronoun,0
heart,heart,s,SenseObject,0
is,is,s,ReportingStates,0
flint,flint,c,SenseObject,0
.,.,nn,Question,0
When,when,s,Question,1
modest,modest,s,SubjectivePercept,0
beauties,beauties,s,StandardsPos,0
to,to,s,,0
excuses,excuses,s,Negativity,0
fall,fall,c,,0
",",",",n,,0
You,you,s,Insist,0
must,must,s,Insist,1
not,not,s,DenyDisclaim,0
presently,presently,s,TimeShift,0
it,it,s,,0
rigor,rigor,s,StandardsPos,0
call,call,c,ReportingEvents,0
.,.,n,,0
The,the,s,SenseObject,0
heart,heart,s,SenseObject,1
oft-times,oft-times,s,RecurringEvents,0
desires,desires,s,Positivity,0
what,what,s,,0
lips,lips,s,SenseObject,0
deny,deny,c,Repair_Citation,0
",",",",n,ReasonForward,0
For,for,s,ReasonForward,1
a,a,s,,0
huge,huge,s,Intensity,0
distance,distance,s,AbstractConcepts,0
does,does,s,ReportingEvents,0
betwixt,betwixt,s,TimeDuration,0
them,them,s,,0
lie,lie,c,Motions,0
.,.,nn,,0
Could,could,s,Contingency,0
it,it,s,,0
unto,unto,s,CommonAuthorities,0
my,my,s,FirstPer,0
Lovesick,lovesick,s,SubjectivePercept,0
thoughts,thoughts,s,PrivateThinking,0
appear,appear,n,SubjectivePercept,0
That,that,s,,0
what,what,s,DirectAddress,0
you,you,s,DirectAddress,1
say,say,s,DirectAddress,2
hereto,hereto,s,Metadiscourse,0
is,is,s,Confidence,0
true,true,s,Confidence,1
and,and,s,,0
clear,clear,c,,0
",",",",n,,0
Those,those,s,,0
pangs,pangs,s,Negativity,0
I,i,s,FirstPer,0
suffer,suffer,s,Negativity,0
in,in,s,,0
my,my,s,FirstPer,0
breast,breast,n,PersonProperty,0
Would,would,s,ProjectBack,0
turn,turn,s,Transformation,0
to,to,s,Transformation,1
case,case,c,AbstractConcepts,0
",",",",s,,0
delight,delight,s,Positivity,0
and,and,s,,0
rest,rest,c,,0
.,.,n,Resistance,0
But,but,s,Resistance,1
fall,fall,s,,0
what,what,s,Future_Question,0
will,will,s,Future_Question,1
my,my,s,FirstPer,0
fate,fate,s,SubjectivePercept,0
portends,portends,c,ProjectAhead,0
.,.,n,,0
I,i,s,FirstPer,0
still,still,s,Updates,0
will,will,s,PredictedFuture,0
glory,glory,s,Positivity,0
in,in,s,Positivity,1
my,my,s,FirstPer,0
ends,ends,c,Sequence,0
",",",",n,Aside,0
Which,which,s,Aside,1
an,an,s,,0
unmeasurable,unmeasurable,s,UNRECOGNIZED,0
joy,joy,s,Positivity,0
distills,distills,c,Transformation,0
",",",",n,,0
And,and,s,,0
my,my,s,FirstPer,0
so,so,s,,0
high-swoln,high-swoln,s,UNRECOGNIZED,0
heart,heart,s,SenseObject,0
with,with,s,,0
comfort,comfort,s,Positivity,0
fills,fills,c,,0
.,.,nn,Imperative,0
Let,let,s,Imperative,1
a,a,s,Confidence,0
true,true,s,Confidence,1
Lover,lover,s,Positivity,0
never,never,s,DenyDisclaim,0
lose,lose,n,Negativity,0
His,his,s,Negativity,1
hope,hope,s,Positivity,0
or,or,s,,0
courage,courage,s,StandardsPos,0
when,when,s,TimeShift,0
he,he,s,TimeShift,1
wooes,wooes,c,UNRECOGNIZED,0
:,:,n,,0
The,the,s,Comparison,0
more,more,s,Comparison,1
his,his,s,PersonPronoun,0
suff'rance,suff'rance,s,UNRECOGNIZED,0
is,is,c,ReportingStates,0
",",",",s,,0
the,the,s,Comparison,0
more,more,n,Comparison,1
Sweetness,sweetness,s,SenseObject,0
is,is,s,ReportingStates,0
kept,kept,s,TimeDuration,0
for,for,s,SubjectivePercept,0
him,him,s,SubjectivePercept,1
in,in,s,ProjectAhead,0
store,store,c,ProjectAhead,1
.,.,n,,0
In,in,s,,0
Cupids,cupids,s,Positivity,0
gentle,gentle,s,Positivity,0
kingdom,kingdom,s,CommonAuthorities,0
nothing,nothing,s,DenyDisclaim,0
is,is,n,ReportingStates,0
Impossible,impossible,c,StandardsNeg,0
",",",",s,Resistance,0
but,but,s,Resistance,1
one,one,s,Metadiscourse,0
may,may,s,Metadiscourse,1
gain,gain,s,,0
his,his,s,PersonPronoun,0
wish,wish,c,SubjectivePercept,0
.,.,nn,Imperative,0
Go,go,s,Imperative,1
on,on,s,,0
then,then,s,,0
happily,happily,c,Positivity,0
",",",",s,ReasonForward,0
for,for,s,ReasonForward,1
who,who,s,Question,0
does,does,s,Question,1
know,know,n,Confidence,0
But,but,s,Resistance,0
that,that,s,Resistance,1
your,your,s,DirectAddress,0
constancy,constancy,s,StandardsPos,0
may,may,s,Contingency,0
tell,tell,s,DirectAddress,0
you,you,s,DirectAddress,1
so,so,c,,0
?,?,nn,Question,0
On,on,c,,0
",",",",s,,0
on,on,c,,0
",",",",s,,0
then,then,s,TimeShift,0
to,to,s,TimeShift,1
my,my,s,FirstPer,0
Magies,magies,s,UNRECOGNIZED,0
I,i,s,Metadiscourse,0
will,will,s,Metadiscourse,1
go,go,c,Metadiscourse,2
.,.,nn,,0
The,the,s,,0
Quire,quire,s,SenseObject,0
of,of,s,,0
Tritons,tritons,s,AbstractConcepts,0
and,and,s,,0
Meremaids,meremaids,c,UNRECOGNIZED,0
.,.,n,,0
At,at,s,,0
such,such,s,Specifiers,0
a,a,s,Specifiers,1
splendid,splendid,s,Positivity,0
glorious,glorious,s,Positivity,0
show,show,c,ReportingEvents,0
",",",",n,,0
What,what,s,,0
heart,heart,s,SenseObject,0
but,but,s,Resistance,0
would,would,s,ProjectBack,0
turn,turn,s,,0
fire,fire,s,SenseObject,0
and,and,s,,0
tow,tow,c,Motions,0
?,?,n,Question,0
A,a,s,,0
Pomp,pomp,s,SenseProperty,0
so,so,s,,0
rare,rare,c,Exceptions,0
",",",",s,,0
a,a,s,,0
sight,sight,s,SenseProperty,0
so,so,s,,0
fair,fair,c,StandardsPos,0
",",",",n,,0
Is,is,s,Positivity,0
able,able,s,Positivity,1
to,to,s,,0
perfume,perfume,s,SenseProperty,0
the,the,s,SenseProperty,1
air,air,c,ReportingEvents,0
:,:,n,,0
Nor,nor,s,DenyDisclaim,0
Morn,morn,s,TimeDuration,0
nor,nor,s,DenyDisclaim,0
Sun,sun,s,SenseObject,0
did,did,s,ReportingEvents,0
ever,ever,s,Biographical_Time,0
view,view,n,SenseProperty,0
So,so,s,Positivity,0
bright,bright,s,Positivity,1
and,and,s,,0
ravishing,ravishing,s,Positivity,0
a,a,s,,0
hue,hue,c,SenseProperty,0
.,.,n,,0
At,at,s,,0
such,such,s,Specifiers,0
a,a,s,Specifiers,1
splendid,splendid,s,Positivity,0
glorious,glorious,s,Positivity,0
show,show,c,ReportingEvents,0
",",",",n,,0
What,what,s,,0
heart,heart,s,SenseObject,0
but,but,s,Resistance,0
would,would,s,ProjectBack,0
turn,turn,s,,0
fire,fire,s,SenseObject,0
and,and,s,,0
tow,tow,c,Motions,0
?,?,n,Question,0
There,there,s,DenyDisclaim,0
is,is,s,DenyDisclaim,1
no,no,s,DenyDisclaim,2
fence,fence,s,SenseObject,0
I,i,s,Metadiscourse,0
find,find,c,Metadiscourse,1
",",",",n,,0
Love,love,s,Positivity,0
will,will,s,Fear,0
invade,invade,s,Fear,1
my,my,s,SelfDisclosure,0
mind,mind,c,SelfDisclosure,1
.,.,n,,0
In,in,s,,0
these,these,s,Immediacy,0
moist,moist,s,SenseProperty,0
fields,fields,s,SenseObject,0
my,my,s,FirstPer,0
Rivers,rivers,s,SenseObject,0
run,run,s,Motions,0
in,in,s,Motions,1
vain,vain,c,Negativity,0
",",",",n,,0
To,to,s,,0
quench,quench,s,ReportingEvents,0
my,my,s,FirstPer,0
fire,fire,c,SenseObject,0
",",",",s,,0
or,or,s,,0
tepifie,tepifie,s,UNRECOGNIZED,0
my,my,s,FirstPer,0
pain,pain,c,Negativity,0
;,;,n,,0
Though,though,s,Concessive,0
I,i,s,FirstPer,0
in,in,s,,0
midst,midst,s,SenseProperty,0
of,of,s,SenseProperty,1
waters,waters,s,SenseObject,0
lie,lie,c,Motions,0
",",",",n,Resistance,0
Yet,yet,s,Resistance,1
do,do,s,Question,0
I,i,s,Question,1
melt,melt,c,Motions,0
",",",",s,,0
dissolve,dissolve,s,ReportingEvents,0
and,and,s,,0
fry,fry,c,Motions,0
;,;,n,Resistance,0
But,but,s,Resistance,1
Thetis,thetis,c,UNRECOGNIZED,0
",",",",s,,0
you,you,s,DirectAddress,0
at,at,s,SubjectiveTime,0
last,last,s,SubjectiveTime,1
will,will,s,PredictedFuture,0
find,find,s,SubjectivePercept,0
it,it,s,SubjectivePercept,1
true,true,c,Concessive,0
",",",",n,Concessive,1
To,to,s,GenericEvents,0
be,be,s,GenericEvents,1
more,more,s,Comparison,0
fool,fool,s,Negativity,0
unto,unto,s,CommonAuthorities,0
your,your,s,DirectAddress,0
self,self,c,SubjectivePercept,0
",",",",s,,0
then,then,s,Sequence,0
you,you,n,Sequence,1
Are,are,s,ReportingStates,0
cruel,cruel,s,Anger,0
unto,unto,s,CommonAuthorities,0
me,me,c,FirstPer,0
.,.,s,Request,0
Will,will,s,Request,1
you,you,s,Request,2
refuse,refuse,n,Resistance,0
The,the,s,Resistance,1
richest,richest,s,Positivity,0
of,of,s,,0
the,the,s,,0
Gods,gods,c,CommonAuthorities,0
",",",",s,,0
Him,him,s,PersonPronoun,0
who,who,s,Question,0
does,does,s,Question,1
use,use,n,ReportingEvents,0
To,to,s,,0
give,give,s,,0
those,those,s,,0
gems,gems,s,SenseObject,0
that,that,s,,0
beauties,beauties,s,StandardsPos,0
do,do,s,Intensity,0
adorn,adorn,c,Positivity,0
",",",",n,,0
Thence,thence,c,ProjectAhead,0
",",",",s,SpaceRelation,0
where,where,s,SpaceRelation,1
the,the,s,,0
Queen,queen,s,PersonProperty,0
of,of,s,StandardsPos,0
Love,love,s,StandardsPos,1
her,her,s,SubjectivePercept,0
self,self,s,SubjectivePercept,1
was,was,s,Biographical_Time,0
born,born,c,Biographical_Time,1
?,?,nn,Question,0
Aurora,aurora,s,SenseObject,0
commonly,commonly,s,ReceivedPOV,0
does,does,s,ReportingEvents,0
rise,rise,n,Motions,0
Cheerful,cheerful,s,Positivity,0
and,and,s,,0
smiling,smiling,s,Positivity,0
to,to,s,Inclusive,0
our,our,s,Inclusive,1
eyes,eyes,n,SenseObject,0
But,but,s,Resistance,0
suddenly,suddenly,s,Immediacy,0
we,we,s,,0
oftentimes,oftentimes,s,RecurringEvents,0
do,do,s,Intensity,0
see,see,c,,0
",",",",n,,0
She,she,s,PersonPronoun,0
falls,falls,s,,0
a,a,s,,0
weeping,weeping,s,Sad,0
upon,upon,s,,0
flower,flower,s,SenseObject,0
and,and,s,,0
tree,tree,c,SenseObject,0
.,.,n,,0
If,if,s,Contingency,0
you,you,s,DirectAddress,0
desire,desire,s,Positivity,0
the,the,s,,0
cause,cause,s,Cause,0
I,i,s,Insist,0
should,should,s,Insist,1
unfold,unfold,c,ReportingEvents,0
",",",",n,,0
It,it,s,,0
is,is,s,ReasonBackward,0
because,because,s,ReasonBackward,1
her,her,nn,PersonPronoun,0
Thetis,thetis,c,UNRECOGNIZED,0
",",",",s,,0
Be,be,s,ReportingStates,0
not,not,s,DenyDisclaim,0
deceived,deceived,c,ReportingStates,0
",",",",s,ReportingStates,1
though,though,s,Concessive,0
I,i,s,FirstPer,0
be,be,s,ReportingStates,0
gray,gray,c,SenseProperty,0
",",",",n,,0
My,my,s,FirstPer,0
waters,waters,s,SenseObject,0
still,still,s,TimeDuration,0
are,are,s,TimeDuration,1
green,green,c,SenseProperty,0
",",",",s,ReasonForward,0
and,and,s,ReasonForward,1
so,so,s,ReasonForward,2
they,they,s,,0
may,may,n,Contingency,0
Be,be,s,Contingency,1
wholsomer,wholsomer,s,UNRECOGNIZED,0
then,then,s,Sequence,0
Springs,springs,c,Sequence,1
",",",",s,Aside,0
which,which,s,Aside,1
by,by,s,TimeShift,0
and,and,s,TimeShift,1
by,by,n,TimeShift,2
',',c,,0
Pon,pon,s,UNRECOGNIZED,0
the,the,s,,0
least,least,s,Comparison,0
drowth,drowth,s,UNRECOGNIZED,0
grow,grow,s,ReportingEvents,0
shallower,shallower,s,Comparison,0
and,and,s,,0
dry,dry,c,SenseProperty,0
.,.,n,,0
Youth,youth,s,AbstractConcepts,0
is,is,s,ReportingStates,0
unstable,unstable,c,StandardsNeg,0
",",",",s,,0
heady,heady,c,Positivity,0
",",",",s,,0
rash,rash,c,Negativity,0
;,;,s,Resistance,0
but,but,s,Resistance,1
age,age,n,Specifiers,0
Is,is,s,ReportingStates,0
constant,constant,c,RecurringEvents,0
",",",",s,,0
cautious,cautious,c,Negativity,0
",",",",s,,0
provident,provident,c,StandardsPos,0
",",",",s,,0
and,and,s,,0
sage,sage,c,SenseObject,0
.,.,nn,Intensity,0
I,i,s,Intensity,1
do,do,s,Intensity,2
confess,confess,c,Disclosure,0
",",",",s,,0
that,that,s,DirectAddress,0
you,you,s,DirectAddress,1
discourse,discourse,c,AbstractConcepts,0
",",",",s,,0
and,and,s,,0
reason,reason,n,StandardsPos,0
Like,like,s,Resemblances,0
a,a,s,Resemblances,1
quaint,quaint,s,SubjectiveTime,0
Amorist,amorist,c,Positivity,0
",",",",s,,0
although,although,s,Concessive,0
the,the,s,TimeDuration,0
season,season,n,TimeDuration,1
Of,of,s,StandardsPos,0
Love,love,s,StandardsPos,1
in,in,s,DirectAddress,0
you,you,s,DirectAddress,1
be,be,s,ReportingStates,0
past,past,c,AbstractConcepts,0
.,.,s,ProjectBack,0
It,it,s,ProjectBack,1
was,was,s,ProjectBack,2
for,for,s,Positivity,0
Love,love,n,Positivity,1
The,the,s,,0
Heavens,heavens,s,Positivity,0
made,made,s,ReportingEvents,0
Youth,youth,c,AbstractConcepts,0
",",",",s,ReasonForward,0
for,for,s,ReasonForward,1
which,which,s,,0
the,the,s,,0
Gods,gods,s,CommonAuthorities,0
above,above,n,SpaceRelation,0
Have,have,s,,0
journeyed,journeyed,s,SceneShift,0
down,down,s,StandardsPos,0
to,to,s,StandardsPos,1
earth,earth,c,StandardsPos,2
;,;,s,,0
no,no,s,Exceptions,0
other,other,s,Exceptions,1
age,age,n,Specifiers,0
Is,is,s,Positive_Attribution,0
fit,fit,s,Positive_Attribution,1
a,a,s,,0
Female,female,s,PersonProperty,0
beauty,beauty,s,StandardsPos,0
to,to,s,ProjectAhead,0
engage,engage,c,ProjectAhead,1
.,.,nn,,0
Perfidious,perfidious,s,StandardsNeg,0
thing,thing,c,Uncertainty,0
",",",",s,,0
I,i,s,FirstPer,0
plainly,plainly,s,Confidence,0
now,now,s,Immediacy,0
do,do,s,Intensity,0
find,find,c,,0
",",",",n,,0
Thou,thou,s,DirectAddress,0
art,art,s,AbstractConcepts,0
unto,unto,s,CommonAuthorities,0
another,another,s,Specifiers,0
more,more,s,Comparison,0
inclined,inclined,c,ReportingStates,0
.,.,n,ReportingStates,1
Come,come,s,ReportingEvents,0
winds,winds,s,SenseProperty,0
and,and,s,,0
tempests,tempests,c,Negativity,0
",",",",s,,0
and,and,s,,0
with,with,s,,0
my,my,s,FirstPer,0
lament,lament,n,Sad,0
Your,your,s,DirectAddress,0
blasts,blasts,s,SenseProperty,0
unite,unite,c,Inclusive,0
;,;,s,,0
Come,come,c,DirectAddress,0
",",",",s,DirectAddress,1
come,come,s,ReportingEvents,0
incontinent,incontinent,c,StandardsNeg,0
",",",",n,,0
Let,let,s,ReportingEvents,0
hispid,hispid,s,SenseObject,0
blustering,blustering,s,Negativity,0
Boreas,boreas,s,UNRECOGNIZED,0
from,from,s,SpaceRelation,0
the,the,s,SpaceRelation,1
North,north,c,SpaceRelation,2
",",",",n,,0
Bring,bring,s,,0
all,all,s,Generalization,0
the,the,s,Generalization,1
Haracanes,haracanes,s,UNRECOGNIZED,0
and,and,s,,0
Whirlwinds,whirlwinds,s,SpaceRelation,0
forth,forth,c,SpaceRelation,0
",",",",n,,0
Blow,blow,s,Motions,0
off,off,c,Motions,1
",",",",s,,0
and,and,s,,0
banish,banish,s,Resistance,0
from,from,s,Resistance,1
my,my,s,FirstPer,0
Kingdom,kingdom,s,CommonAuthorities,0
quite,quite,n,Intensity,0
This,this,s,,0
impious,impious,s,StandardsNeg,0
Girl,girl,s,PersonProperty,0
so,so,s,Intensity,0
full,full,s,Intensity,1
of,of,s,Negativity,0
hate,hate,s,Negativity,1
and,and,s,,0
spite,spite,c,Negative_Relation,0
.,.,n,,0
Revenge,revenge,s,Resistance,0
the,the,s,,0
quarrel,quarrel,s,Negative_Relation,0
of,of,s,DirectAddress,0
your,your,s,DirectAddress,1
King,king,c,PersonProperty,0
",",",",n,,0
And,and,s,,0
with,with,s,DirectAddress,0
your,your,s,DirectAddress,1
vengeance,vengeance,s,Anger,0
Justice,justice,s,StandardsPos,0
bring,bring,c,,0
:,:,n,,0
Shall,shall,s,ProjectAhead,0
she,she,s,PersonPronoun,0
in,in,s,,0
my,my,s,FirstPer,0
Dominions,dominions,s,CommonAuthorities,0
dwell,dwell,c,SpaceRelation,0
",",",",n,,0
Who,who,s,Question,0
has,has,s,Question,1
inflamed,inflamed,s,ReportingEvents,0
my,my,s,SelfDisclosure,0
heart,heart,s,SelfDisclosure,1
with,with,s,,0
fire,fire,s,SenseProperty,0
from,from,s,SenseProperty,1
hell,hell,c,Negativity,0
?,?,nn,Question,0
Ungrateful,ungrateful,c,Negative_Relation,0
",",",",s,,0
rash,rash,c,Negativity,0
",",",",s,,0
and,and,s,,0
foolish,foolish,s,Negativity,0
Nymph,nymph,c,SenseObject,0
",",",",s,,0
can,can,s,Contingency,0
thou,thou,n,DirectAddress,0
Slight,slight,s,SenseProperty,0
thus,thus,s,ReasonForward,0
the,the,s,Intensity,0
greatest,greatest,s,Intensity,1
of,of,s,,0
the,the,s,,0
gods,gods,s,CommonAuthorities,0
below,below,c,AbstractConcepts,0
*,*,n,,0
The,the,s,,0
grief,grief,s,Sad,0
will,will,s,PredictedFuture,0
be,be,s,PredictedFuture,1
thine,thine,s,UNRECOGNIZED,0
own,own,n,ReportingEvents,0
When,when,s,,0
thou,thou,s,DirectAddress,0
art,art,s,AbstractConcepts,0
wiser,wiser,s,StandardsPos,0
grown,grown,c,ReportingStates,0
.,.,n,ReportingStates,1
Neglected,neglected,s,Negativity,0
Amorists,amorists,s,Positivity,0
may,may,s,Contingency,0
learn,learn,s,ReportingEvents,0
from,from,s,ReportingEvents,1
hence,hence,c,ReasonForward,0
",",",",n,ReasonForward,1
Against,against,s,,0
blind,blind,s,Negativity,0
Cupids,cupids,s,Positivity,0
arrows,arrows,s,SenseObject,0
a,a,s,Confidence,0
true,true,s,Confidence,1
fence,fence,c,SenseObject,0
*,*,n,,0
Disdain,disdain,s,Negative_Relation,0
of,of,s,,0
beauty,beauty,s,StandardsPos,0
a,a,s,,0
revenge,revenge,s,Resistance,0
may,may,s,Contingency,0
be,be,c,Contingency,1
",",",",n,Concessive,0
Though,though,s,Concessive,1
not,not,s,DenyDisclaim,0
of,of,s,StandardsPos,0
love,love,s,StandardsPos,1
the,the,s,ProjectAhead,0
expected,expected,s,ProjectAhead,1
remedy,remedy,c,Positivity,0
:,:,nn,,0
Now,now,s,Updates,0
that,that,s,Updates,1
the,the,s,,0
fury,fury,s,Intensity,0
of,of,s,Intensity,1
the,the,s,SpaceRelation,0
wind,wind,n,SpaceRelation,1
Has,has,s,,0
left,left,s,SceneShift,0
so,so,s,StandardsPos,0
sweet,sweet,s,StandardsPos,1
a,a,s,,0
calm,calm,s,Positivity,0
behind,behind,c,,0
:,:,n,,0
Now,now,s,Updates,0
that,that,s,Updates,1
the,the,s,,0
storm,storm,s,SenseObject,0
is,is,s,ReportingStates,0
gone,gone,c,ReportingStates,0
",",",",n,ReportingStates,1
I,i,s,FirstPer,0
pray,pray,s,Intensity,0
let,let,s,ReportingEvents,0
me,me,s,FirstPer,0
alone,alone,n,SpaceRelation,0
To,to,s,Negativity,0
vent,vent,s,Negativity,1
unto,unto,s,CommonAuthorities,0
my,my,s,FirstPer,0
self,self,s,SubjectivePercept,0
my,my,s,FirstPer,0
moan,moan,c,SenseProperty,0
.,.,n,,0
Oh,oh,s,OralCues,0
me,me,c,FirstPer,0
",",",",s,,0
I,i,s,SelfDisclosure,0
find,find,s,SelfDisclosure,1
that,that,s,SelfDisclosure,2
ambushes,ambushes,s,Negative_Relation,0
are,are,s,ReportingStates,0
laid,laid,c,ReportingStates,0
.,.,n,ReportingStates,1
To,to,s,,0
take,take,s,ReportingEvents,0
me,me,s,FirstPer,0
and,and,s,,0
entrap,entrap,s,Negative_Relation,0
poor,poor,s,Negativity,0
silly,silly,s,SubjectivePercept,0
maid,maid,c,PersonProperty,0
:,:,n,Future_Question,0
What,what,s,Future_Question,1
will,will,s,Future_Question,2
become,become,s,Transformation,0
of,of,s,Transformation,1
thee,thee,s,DirectAddress,0
my,my,s,SelfDisclosure,0
heart,heart,c,SelfDisclosure,1
?,?,n,Question,0
Thou,thou,s,DirectAddress,0
Art,art,s,AbstractConcepts,0
like,like,s,SubjectivePercept,0
to,to,s,SubjectivePercept,1
suffer,suffer,s,Negativity,0
many,many,s,,0
a,a,s,Positivity,0
smart,smart,c,Positivity,1
.,.,n,,0
Oh,oh,s,OralCues,0
me,me,c,FirstPer,0
",",",",s,,0
Oh,oh,s,OralCues,0
me,me,c,FirstPer,0
",",",",n,,0
Poor,poor,s,Negativity,0
heart,heart,s,SenseObject,0
what,what,s,Future_Question,0
will,will,s,Future_Question,1
become,become,s,Transformation,0
of,of,s,Transformation,1
thee,thee,c,DirectAddress,0
?,?,n,Question,0
Thy,thy,s,DirectAddress,0
chastity,chastity,s,CommonAuthorities,0
Love,love,s,Positivity,0
studies,studies,s,ProjectAhead,0
to,to,s,ProjectAhead,1
surprise,surprise,c,PrivateThinking,0
.,.,n,,0
He,he,s,Updates,0
Is,is,s,Updates,1
sly,sly,s,SubjectivePercept,0
and,and,s,SubjectivePercept,1
cunning,cunning,c,SubjectivePercept,2
",",",",s,Concessive,0
though,though,s,Concessive,1
not,not,s,DenyDisclaim,0
always,always,s,DenyDisclaim,1
wise,wise,c,StandardsPos,0
;,;,n,,0
He,he,s,PersonPronoun,0
Armor,armor,s,SenseObject,0
has,has,s,,0
of,of,s,,0
every,every,s,Generalization,0
sort,sort,n,AbstractConcepts,0
For,for,s,ProjectAhead,0
to,to,s,ProjectAhead,1
assault,assault,s,Negative_Relation,0
a,a,s,Negative_Relation,1
female,female,s,PersonProperty,0
Fort,fort,c,SenseObject,0
:,:,n,,0
He,he,s,Neutral_Attribution,0
prays,prays,c,Neutral_Attribution,1
",",",",s,,0
complains,complains,c,Negative_Relation,0
",",",",s,,0
and,and,s,,0
pines,pines,c,SenseObject,0
",",",",n,,0
He,he,s,PersonPronoun,0
menaceth,menaceth,s,UNRECOGNIZED,0
and,and,s,,0
whines,whines,n,Negativity,0
Now,now,c,Updates,0
",",",",s,Updates,1
if,if,s,Contingency,0
another,another,s,Specifiers,0
God,god,s,CommonAuthorities,0
should,should,s,Insist,0
join,join,n,Inclusive,0
With,with,s,Inclusive,1
him,him,c,PersonPronoun,0
",",",",s,,0
who,who,s,,0
can,can,s,Contingency,0
me,me,s,FirstPer,0
then,then,s,,0
essoyn,essoyn,c,UNRECOGNIZED,0
?,?,n,Question,0
Oh,oh,s,OralCues,0
me,me,c,FirstPer,0
",",",",s,,0
Oh,oh,s,OralCues,0
me,me,c,FirstPer,0
",",",",n,,0
Poor,poor,s,Negativity,0
heart,heart,s,SenseObject,0
what,what,s,Future_Question,0
will,will,s,Future_Question,1
become,become,s,Transformation,0
of,of,s,Transformation,1
thee,thee,c,DirectAddress,0
?,?,nn,Question,0
What,what,s,,0
can,can,s,Contingency,0
blessed,blessed,s,StandardsPos,0
heaven,heaven,s,Positivity,0
me,me,s,FirstPer,0
avail,avail,c,StandardsPos,0
",",",",n,,0
If,if,s,Contingency,0
still,still,s,Updates,0
of,of,s,Positivity,0
my,my,s,Positivity,1
desire,desire,s,Positivity,2
I,i,s,FirstPer,0
fail,fail,c,StandardsNeg,0
?,?,n,Question,0
Celestial,celestial,s,SenseProperty,0
joies,joies,c,UNRECOGNIZED,0
",",",",s,,0
if,if,s,Contingency,0
they,they,s,Contingency,1
to,to,s,,0
sorrow,sorrow,s,Sad,0
turn,turn,c,,0
",",",",n,,0
Far,far,s,Negativity,0
worse,worse,s,Negativity,1
then,then,s,,0
all,all,s,,0
Tartarean,tartarean,s,UNRECOGNIZED,0
tortures,tortures,s,Negativity,0
burn,burn,c,,0
*,*,n,,0
O,o,s,LangRef,0
Thetis,thetis,c,UNRECOGNIZED,0
",",",",s,,0
thou,thou,s,DirectAddress,0
alone,alone,n,SpaceRelation,0
Have,have,s,,0
made,made,s,SelfDisclosure,0
me,me,s,SelfDisclosure,1
quit,quit,s,ReportingEvents,0
my,my,s,FirstPer,0
Throne,throne,c,SenseObject,0
",",",",n,,0
Thou,thou,s,DirectAddress,0
giv'st,giv'st,s,UNRECOGNIZED,0
him,him,s,PersonPronoun,0
law,law,c,AbstractConcepts,0
",",",",n,,0
Who,who,s,,0
Gods,gods,s,CommonAuthorities,0
does,does,s,ReportingEvents,0
aw^,aw^,n,UNRECOGNIZED,0
It,it,s,,0
is,is,s,ReportingStates,0
my,my,s,FirstPer,0
destiny,destiny,s,ProjectAhead,0
and,and,s,,0
luck,luck,c,Positivity,0
",",",",n,,0
By,by,s,,0
thee,thee,s,DirectAddress,0
for,for,s,ProjectAhead,0
to,to,s,ProjectAhead,1
be,be,s,ReportingStates,0
deadly,deadly,s,Negativity,0
struck,struck,c,ReportingStates,0
;,;,n,ReportingStates,1
And,and,s,,0
that,that,s,Specifiers,0
which,which,s,Specifiers,1
is,is,s,Intensity,0
the,the,s,Intensity,1
greatest,greatest,s,Intensity,2
wonder,wonder,c,Curiosity,0
",",",",n,,0
Thy,thy,s,DirectAddress,0
beauti's,beauti's,s,UNRECOGNIZED,0
stronger,stronger,s,Comparison,0
then,then,s,,0
my,my,s,FirstPer,0
thunder,thunder,c,SenseObject,0
.,.,n,Resistance,0
But,but,s,Resistance,1
come,come,c,DirectAddress,0
",",",",s,DirectAddress,1
O,o,s,LangRef,0
come,come,c,DirectAddress,0
",",",",s,DirectAddress,1
my,my,s,FirstPer,0
Fair,fair,c,StandardsPos,0
",",",",s,,0
increase,increase,s,Transformation,0
my,my,s,FirstPer,0
bliss,bliss,c,Positivity,0
",",",",n,,0
And,and,s,,0
let,let,s,DirectAddress,0
us,us,s,DirectAddress,1
cohabit,cohabit,s,SpaceRelation,0
both,both,s,,0
in,in,s,,0
Pardise,pardise,c,UNRECOGNIZED,0
.,.,nn,,0
O,o,s,LangRef,0
no,no,c,OralCues,0
",",",",n,OralCues,1
Not,not,s,Resistance,0
so,so,c,Resistance,1
.,.,nn,Imperative,0
Come,come,s,Imperative,1
and,and,s,Imperative,2
be,be,s,ReportingStates,0
partner,partner,s,PersonProperty,0
of,of,s,,0
my,my,s,FirstPer,0
Throne,throne,n,SenseObject,0
Which,which,s,,0
Hymen,hymen,s,SenseObject,0
offers,offers,s,ReportingEvents,0
thee,thee,s,DirectAddress,0
alone,alone,c,SpaceRelation,0
;,;,n,,0
That,that,s,,0
Empire,empire,s,CommonAuthorities,0
Love,love,s,Positivity,0
has,has,s,,0
thee,thee,s,DirectAddress,0
designed,designed,c,ReportingStates,0
",",",",n,ReportingStates,1
Come,come,c,DirectAddress,0
",",",",s,DirectAddress,1
come,come,s,ReportingEvents,0
my,my,s,FirstPer,0
Fair,fair,c,StandardsPos,0
",",",",s,,0
be,be,s,ReportingStates,0
not,not,s,DenyDisclaim,0
unkind,unkind,c,StandardsNeg,0
.,.,nn,,0
O,o,s,LangRef,0
no,no,c,OralCues,0
",",",",n,OralCues,1
Not,not,s,Resistance,0
so,so,c,Resistance,1
*,*,n,,0
The,the,s,,0
heavens,heavens,s,Positivity,0
forbid,forbid,s,Resistance,0
I,i,s,Insist,0
should,should,s,Insist,1
be,be,s,Insist,2
said,said,c,Citations,0
",",",",n,,0
(,(,c,,0
Poor,poor,s,Sad,0
innocent,innocent,s,Sad,1
and,and,s,,0
silly,silly,s,SubjectivePercept,0
maid,maid,c,PersonProperty,0
),),c,,0
*,*,n,,0
For,for,s,ProjectAhead,0
to,to,s,ProjectAhead,1
be,be,s,ReportingStates,0
such,such,s,Specifiers,0
a,a,s,Specifiers,1
Rebel,rebel,s,Resistance,0
as,as,s,Specifiers,0
to,to,s,Specifiers,1
wrong,wrong,n,StandardsNeg,0
Her,her,n,PersonPronoun,0
From,from,s,SelfDisclosure,0
my,my,s,SelfDisclosure,1
first,first,s,Sequence,0
cradle,cradle,c,SenseObject,0
:,:,s,,0
I,i,s,SelfDisclosure,0
had,had,s,SelfDisclosure,1
rather,rather,s,SelfDisclosure,2
die,die,n,AbstractConcepts,0
A,a,s,,0
thousand,thousand,s,Numbers,0
deaths,deaths,c,Negativity,0
",",",",s,,0
and,and,s,,0
scorch,scorch,s,Motions,0
in,in,s,,0
Tartary,tartary,c,UNRECOGNIZED,0
.,.,nn,,0
If,if,s,Contingency,0
you,you,s,DirectAddress,0
will,will,s,PredictedFuture,0
use,use,s,ReportingEvents,0
such,such,s,Intensity,0
slight,slight,s,SenseProperty,0
Apologies,apologies,c,Disclosure,0
",",",",n,,0
To,to,s,PersonPronoun,0
him,him,s,PersonPronoun,1
who,who,s,,0
can,can,s,Contingency,0
command,command,s,CommonAuthorities,0
both,both,s,,0
lair,lair,s,SenseObject,0
and,and,s,,0
Skies,skies,c,SenseObject,0
;,;,n,,0
To,to,s,ProjectAhead,0
clear,clear,s,ProjectAhead,1
your,your,s,DirectAddress,0
error,error,c,StandardsNeg,0
",",",",s,,0
and,and,s,,0
my,my,s,FirstPer,0
pain,pain,s,Negativity,0
assuage,assuage,c,Positivity,0
",",",",n,,0
I,i,s,Insist,0
must,must,s,Insist,1
use,use,s,Resistance,0
force,force,c,Resistance,1
",",",",s,,0
my,my,s,Positivity,0
Dear,dear,c,Positivity,1
",",",",s,Resistance,0
but,but,s,Resistance,1
far,far,s,SpaceRelation,0
from,from,s,SpaceRelation,1
rage,rage,c,Anger,0
.,.,n,,0
Cloud,cloud,c,SenseObject,0
",",",",nn,,0
Oh,oh,s,OralCues,0
me,me,c,FirstPer,0
.,.,nn,Question,0
What,what,s,Question,1
ails,ails,s,Negativity,0
my,my,s,SelfDisclosure,0
soul,soul,c,SelfDisclosure,1
?,?,nn,Question,0
Aim,aim,c,ProjectAhead,0
",",",",s,,0
who,who,s,,0
helps,helps,s,Positivity,0
me,me,c,FirstPer,0
?,?,nn,Question,0
What,what,s,,0
mortal,mortal,s,PersonProperty,0
Creature's,creature's,s,UNRECOGNIZED,0
he,he,n,Contingency,0
Can,can,s,Contingency,1
thee,thee,s,DirectAddress,0
reprize,reprize,s,UNRECOGNIZED,0
from,from,s,SelfDisclosure,0
me,me,c,SelfDisclosure,1
?,?,nn,Question,0
Disloyal,disloyal,s,StandardsNeg,0
Jove,jove,c,,0
",",",",n,,0
Thou,thou,s,DirectAddress,0
should,should,s,Insist,0
so,so,s,,0
often,often,s,RecurringEvents,0
thy,thy,s,DirectAddress,0
Faith,faith,s,StandardsPos,0
thus,thus,s,ReasonForward,0
violate,violate,c,StandardsNeg,0
?,?,n,Question,0
But,but,s,ReasonBackward,0
since,since,s,ReasonBackward,1
in,in,s,Positivity,0
Heaven,heaven,s,Positivity,1
no,no,s,DenyDisclaim,0
Justice,justice,s,StandardsPos,0
can,can,s,Contingency,0
be,be,s,Contingency,1
found,found,c,ReportingStates,0
",",",",n,ReportingStates,1
Or,or,s,,0
Piety,piety,s,StandardsPos,0
among,among,s,,0
the,the,s,,0
Stars,stars,c,SenseObject,0
",",",",s,,0
the,the,s,SenseObject,0
ground,ground,n,SenseObject,1
Shall,shall,s,ProjectAhead,0
open,open,c,,0
",",",",s,,0
and,and,s,,0
styx,styx,s,UNRECOGNIZED,0
shall,shall,s,ProjectAhead,0
belch,belch,s,Motions,0
forth,forth,s,SpaceRelation,0
furies,furies,s,Anger,0
fell,fell,c,ReportingEvents,0
:,:,n,,0
Come,come,s,ReportingEvents,0
then,then,s,Sequence,0
appear,appear,c,Sequence,1
",",",",s,,0
ye,ye,s,OralCues,0
ghastly,ghastly,s,Negativity,0
dames,dames,s,SenseObject,0
of,of,s,,0
Hell,hell,c,Negativity,0
;,;,n,,0
And,and,s,StandardsPos,0
help,help,s,StandardsPos,1
to,to,s,,0
vindicate,vindicate,n,StandardsPos,0
The,the,s,,0
justness,justness,s,StandardsPos,0
of,of,s,,0
my,my,s,FirstPer,0
fate,fate,c,SubjectivePercept,0
.,.,nn,,0
Farewell,farewell,s,SceneShift,0
my,my,s,FirstPer,0
Thetis,thetis,c,UNRECOGNIZED,0
",",",",s,ReasonForward,0
so,so,s,ReasonForward,1
enchanting,enchanting,s,Positivity,0
bright,bright,c,Positivity,0
",",",",n,Resistance,0
But,but,s,Resistance,1
know,know,s,Confidence,0
I,i,s,FirstPer,0
do,do,s,DenyDisclaim,0
not,not,s,DenyDisclaim,1
thee,thee,s,DirectAddress,0
abandon,abandon,s,Negativity,0
quite,quite,c,Intensity,0
.,.,nn,,0
Great,great,s,Intensity,0
Goddess,goddess,c,PersonProperty,0
",",",",s,,0
I,i,s,FirstPer,0
no,no,s,DenyDisclaim,0
pardon,pardon,s,Positivity,0
crave,crave,s,Intensity,0
of,of,s,,0
thee,thee,c,DirectAddress,0
",",",",n,Resistance,0
But,but,s,Resistance,1
pity,pity,c,Sad,0
;,;,s,,0
though,though,s,Concessive,0
unfortunate,unfortunate,s,Negativity,0
I,i,s,FirstPer,0
be,be,c,ReportingStates,0
",",",",n,Resistance,0
Yet,yet,s,Resistance,1
I,i,s,SelfDisclosure,0
am,am,s,SelfDisclosure,1
guiltless,guiltless,c,StandardsPos,0
",",",",s,,0
and,and,s,,0
from,from,s,,0
foulness,foulness,s,Negative_Relation,0
free,free,c,StandardsPos,0
.,.,nn,StandardsPos,1
Such,such,s,Intensity,0
hazzards,hazzards,s,UNRECOGNIZED,0
to,to,s,,0
escape,escape,s,SceneShift,0
is,is,s,DenyDisclaim,0
no,no,s,DenyDisclaim,1
offense,offense,c,SubjectivePercept,0
",",",",n,,0
Much,much,s,Intensity,0
less,less,s,Comparison,0
misfortune,misfortune,s,StandardsNeg,0
or,or,s,,0
incontinence,incontinence,c,StandardsNeg,0
.,.,nn,,0
Sweet,sweet,s,SenseProperty,0
gratitude,gratitude,s,Positivity,0
does,does,s,ReportingEvents,0
always,always,s,SubjectiveTime,0
rest,rest,n,,0
In,in,s,,0
a,a,c,,0
',',s,,0
well,well,s,SenseObject,0
born,born,s,,0
gentle,gentle,s,Positivity,0
breast,breast,c,PersonProperty,0
:,:,n,,0
The,the,s,,0
Gods,gods,s,CommonAuthorities,0
desire,desire,s,Positivity,0
no,no,s,DenyDisclaim,0
more,more,n,DenyDisclaim,1
For,for,s,,0
those,those,s,,0
blessings,blessings,s,StandardsPos,0
in,in,s,Specifiers,0
such,such,s,Specifiers,1
store,store,c,SenseObject,0
",",",",n,Aside,0
Which,which,s,Aside,1
on,on,s,,0
us,us,s,Inclusive,0
Mortals,mortals,s,PersonProperty,0
every,every,s,RecurringEvents,0
hour,hour,n,RecurringEvents,1
They,they,s,,0
in,in,s,,0
silver,silver,s,SenseObject,0
showers,showers,s,Motions,0
do,do,s,Intensity,0
pour,pour,c,Motions,0
.,.,nn,,0
Unfortunate,unfortunate,s,Negativity,0
Prometheus,prometheus,c,UNRECOGNIZED,0
",",",",s,,0
how,how,s,,0
thine,thine,n,UNRECOGNIZED,0
Eternal,eternal,s,RecurringEvents,0
torments,torments,s,Negativity,0
are,are,s,Resemblances,0
like,like,s,Resemblances,1
mine,mine,c,FirstPer,0
!,!,nn,,0
Ah,ah,c,OralCues,0
",",",",s,OralCues,1
who,who,s,Question,0
is,is,s,Question,1
he,he,c,Question,2
*,*,n,,0
Thus,thus,s,ReasonForward,0
speaks,speaks,s,ReportingEvents,0
to,to,s,ReportingEvents,1
me,me,c,FirstPer,0
?,?,nn,Question,0
It,it,s,,0
Is,is,s,ReportingStates,0
Peleus,peleus,s,UNRECOGNIZED,0
King,king,s,PersonProperty,0
of,of,s,,0
Thessaly,thessaly,c,UNRECOGNIZED,0
",",",",n,,0
Who,who,s,,0
may,may,s,Contingency,0
thy,thy,s,DirectAddress,0
mate,mate,s,SenseObject,0
for,for,s,,0
torture,torture,s,Negativity,0
be,be,c,ReportingStates,0
.,.,nn,,0
I,i,s,FirstPer,0
from,from,s,,0
the,the,s,SenseObject,0
body,body,s,SenseObject,1
of,of,s,,0
the,the,s,SenseObject,0
Sun,sun,n,SenseObject,1
Stole,stole,s,ReportingEvents,0
fire,fire,s,SenseObject,0
e're,e're,s,SubjectivePercept,0
scarce,scarce,s,Negativity,0
the,the,s,,0
world,world,s,AbstractConcepts,0
begun,begun,c,ProjectBack,0
.,.,nn,DirectAddress,0
And,and,s,DirectAddress,1
I,i,s,FirstPer,0
some,some,s,Uncertainty,0
fiery,fiery,s,SenseProperty,0
glances,glances,s,Motions,0
took,took,n,Responsibility,0
From,from,s,Responsibility,1
Thetis,thetis,s,UNRECOGNIZED,0
all,all,s,,0
enchanting,enchanting,s,Positivity,0
look,look,c,ReportingEvents,0
.,.,nn,,0
Jove,jove,s,,0
chastneth,chastneth,s,UNRECOGNIZED,0
my,my,s,FirstPer,0
temerity,temerity,n,Negativity,0
By,by,s,,0
this,this,s,,0
voracious,voracious,nn,Intensity,0
Prometheus,prometheus,c,UNRECOGNIZED,0
",",",",s,,0
it,it,s,,0
is,is,s,ReportingStates,0
Jove,jove,s,,0
the,the,s,Intensity,0
very,very,s,Intensity,1
same,same,n,Comparison,0
Torments,torments,s,Negativity,0
likewise,likewise,s,Specifiers,0
with,with,s,,0
jealousy,jealousy,s,Negative_Relation,0
my,my,s,FirstPer,0
flame,flame,c,SenseObject,0
.,.,nn,Resistance,0
But,but,s,Resistance,1
yours,yours,s,DirectAddress,0
one,one,s,TimeShift,0
day,day,n,TimeShift,1
May,may,s,Contingency,0
find,find,s,,0
allay,allay,c,Positivity,0
.,.,nn,Resistance,0
But,but,s,Resistance,1
when,when,c,,0
",",",",s,,0
and,and,s,,0
how,how,c,Question,0
?,?,nn,Question,1
Ah,ah,c,OralCues,0
",",",",s,OralCues,1
ah,ah,c,OralCues,0
",",",",s,OralCues,1
my,my,s,FirstPer,0
torments,torments,s,Negativity,0
grow,grow,c,ReportingEvents,0
.,.,nn,,0
O,o,s,LangRef,0
cruel,cruel,s,Anger,0
pangs,pangs,s,Negativity,0
some,some,s,Uncertainty,0
truce,truce,s,StandardsPos,0
and,and,s,,0
respit,respit,s,UNRECOGNIZED,0
give,give,c,,0
",",",",n,,0
Prometheus,prometheus,s,UNRECOGNIZED,0
may,may,s,Contingency,0
with,with,s,,0
counsel,counsel,s,PersonProperty,0
me,me,s,FirstPer,0
relieve,relieve,c,Reassure,0
.,.,nn,,0
I,i,s,SelfDisclosure,0
have,have,s,SelfDisclosure,1
received,received,s,ReportingEvents,0
advice,advice,s,GenericEvents,0
from,from,s,,0
Mercury,mercury,c,SenseObject,0
",",",",n,,0
The,the,s,,0
Thunderer,thunderer,s,UNRECOGNIZED,0
will,will,s,PredictedFuture,0
Thetis,thetis,s,UNRECOGNIZED,0
fly,fly,c,Motions,0
",",",",n,,0
And,and,s,,0
his,his,s,PersonPronoun,0
Ambition,ambition,s,ProjectAhead,0
place,place,s,SpaceRelation,0
(,(,c,Aside,0
as,as,s,Aside,1
you,you,s,Insist,0
shall,shall,s,Insist,1
prove,prove,c,Confidence,0
),),n,,0
Before,before,s,SpaceRelation,0
her,her,s,SpaceRelation,1
Beauty,beauty,c,StandardsPos,0
",",",",s,,0
or,or,s,,0
his,his,s,PersonPronoun,0
flames,flames,s,SenseObject,0
of,of,s,StandardsPos,0
love,love,c,StandardsPos,1
;,;,n,,0
To,to,s,,0
credit,credit,s,StandardsPos,0
this,this,s,,0
you,you,s,DirectAddress,0
may,may,s,DirectAddress,1
be,be,s,ReportingStates,0
bold,bold,c,Confidence,0
",",",",n,ReasonForward,0
For,for,s,ReasonForward,1
by,by,s,,0
the,the,s,,0
Oracle,oracle,s,ProjectAhead,0
it,it,s,,0
is,is,s,ReportingStates,0
foretold,foretold,c,ProjectAhead,0
.,.,nn,,0
If,if,s,Contingency,0
it,it,s,Contingency,1
be,be,s,ReportingStates,0
true,true,s,StandardsPos,0
what,what,s,,0
issues,issues,s,ReportingEvents,0
from,from,s,ReportingEvents,1
that,that,s,,0
vioce,vioce,c,UNRECOGNIZED,0
",",",",n,,0
My,my,s,SelfDisclosure,0
soul,soul,s,SelfDisclosure,1
shall,shall,s,ProjectAhead,0
carols,carols,s,SenseProperty,0
sing,sing,c,Motions,0
",",",",s,,0
my,my,s,SelfDisclosure,0
heart,heart,s,SelfDisclosure,1
rejoice,rejoice,n,Positivity,0
There,there,s,,0
never,never,s,DenyDisclaim,0
was,was,s,ProjectBack,0
so,so,s,,0
coy,coy,s,SubjectivePercept,0
and,and,s,,0
cruel,cruel,s,Anger,0
she,she,c,PersonPronoun,0
",",",",n,Resistance,0
But,but,s,Resistance,1
only,only,s,SubjectivePercept,0
sought,sought,s,ReportingEvents,0
by,by,s,Specifiers,0
one,one,c,Specifiers,1
",",",",s,,0
may,may,s,Contingency,0
conquered,conquered,s,ReportingEvents,0
be,be,c,ReportingStates,0
.,.,nn,Imperative,0
Go,go,c,Imperative,1
",",",",s,,0
go,go,c,ReportingEvents,0
",",",",s,,0
return,return,s,RecurringEvents,0
where,where,s,,0
thou,thou,s,DirectAddress,0
did,did,s,ReportingEvents,0
leave,leave,s,,0
thy,thy,s,DirectAddress,0
heart,heart,c,SenseObject,0
",",",",n,,0
Thou,thou,s,DirectAddress,0
shall,shall,s,ProjectAhead,0
find,find,s,,0
ease,ease,s,Reassure,0
for,for,s,,0
thy,thy,s,DirectAddress,0
corroding,corroding,s,Negativity,0
smart,smart,c,Positivity,0
.,.,n,,0
In,in,s,,0
the,the,s,,0
vast,vast,s,Intensity,0
sea,sea,s,SpaceRelation,0
of,of,s,SpaceRelation,1
Love,love,s,Positivity,0
who,who,s,,0
e're,e're,s,SubjectivePercept,0
does,does,s,ReportingEvents,0
sail,sail,n,Motions,0
Must,must,s,Insist,0
lose,lose,s,Negativity,0
no,no,s,DenyDisclaim,0
wind,wind,c,SenseProperty,0
",",",",s,,0
and,and,s,Sequence,0
then,then,s,Sequence,1
he,he,s,PersonPronoun,0
may,may,s,Contingency,0
prevail,prevail,c,ReportingEvents,0
.,.,nn,,0
For,for,s,,0
this,this,s,,0
sweet,sweet,s,SenseProperty,0
counsel,counsel,s,PersonProperty,0
thou,thou,s,DirectAddress,0
have,have,s,,0
given,given,s,ReportingStates,0
me,me,c,FirstPer,0
",",",",n,,0
May,may,s,Contingency,0
heaven,heaven,c,Positivity,0
",",",",s,,0
O,o,s,LangRef,0
Prometheus,prometheus,c,UNRECOGNIZED,0
",",",",s,,0
set,set,s,ReportingEvents,0
thee,thee,s,DirectAddress,0
free,free,c,StandardsPos,0
.,.,nn,StandardsPos,1
The,the,s,,0
Thunderer,thunderer,s,UNRECOGNIZED,0
may,may,s,Contingency,0
be,be,n,Contingency,1
Less,less,s,Comparison,0
cruel,cruel,s,Anger,0
unto,unto,s,CommonAuthorities,0
me,me,c,FirstPer,0
.,.,nn,,0
O,o,s,LangRef,0
dear,dear,c,Positivity,0
",",",",s,,0
and,and,s,,0
solacing,solacing,c,StandardsPos,0
",",",",s,,0
sweet,sweet,s,SenseProperty,0
blissful,blissful,s,Positivity,0
Hope,hope,c,Positivity,0
",",",",n,,0
How,how,s,,0
comforting,comforting,s,Positivity,0
art,art,s,AbstractConcepts,0
Thou,thou,s,DirectAddress,0
to,to,s,,0
those,those,s,Specifiers,0
who,who,s,Specifiers,1
cope,cope,n,Negativity,0
With,with,s,Negativity,1
rigid,rigid,s,Negativity,0
beauties,beauties,c,StandardsPos,0
?,?,s,Question,0
thou,thou,s,DirectAddress,0
do,do,s,Intensity,0
periods,periods,s,,0
put,put,n,ReportingEvents,0
To,to,s,ReportingEvents,1
black,black,s,SenseProperty,0
despair,despair,c,Sad,0
;,;,s,,0
the,the,s,,0
Gods,gods,s,CommonAuthorities,0
did,did,s,ReportingEvents,0
justly,justly,s,StandardsPos,0
shut,shut,n,ReportingEvents,0
Thee,thee,s,DirectAddress,0
out,out,s,,0
of,of,s,,0
Hell,hell,c,Negativity,0
;,;,s,,0
Thy,thy,s,DirectAddress,0
breath,breath,s,SenseObject,0
though,though,s,Concessive,0
never,never,s,Intensity,0
so,so,s,Intensity,1
small,small,n,SenseProperty,0
Would,would,s,ProjectBack,0
ease,ease,s,Reassure,0
the,the,s,Negativity,0
damned,damned,s,Negativity,1
souls,souls,s,Disclosure,0
in,in,s,,0
Pluto's,pluto's,s,UNRECOGNIZED,0
Hall,hall,c,SenseObject,0
.,.,nn,DirectAddress,0
And,and,s,DirectAddress,1
you,you,s,DirectAddress,0
my,my,s,FirstPer,0
faithful,faithful,s,StandardsPos,0
guides,guides,s,AbstractConcepts,0
unto,unto,s,CommonAuthorities,0
this,this,s,SceneShift,0
place,place,c,SceneShift,1
",",",",n,,0
Enjoy,enjoy,s,Positivity,0
the,the,s,Positivity,1
comforts,comforts,s,Positivity,0
also,also,s,,0
I,i,s,FirstPer,0
embrace,embrace,c,Positivity,0
;,;,n,,0
Be,be,s,ReportingStates,0
all,all,s,,0
partakers,partakers,s,Inclusive,0
of,of,s,,0
my,my,s,FirstPer,0
hopes,hopes,c,Positivity,0
",",",",s,,0
and,and,s,,0
share,share,n,ReportingEvents,0
Some,some,s,Specifiers,0
of,of,s,Specifiers,1
my,my,s,FirstPer,0
joys,joys,c,Positivity,0
",",",",s,Aside,0
which,which,s,Aside,1
past,past,s,AbstractConcepts,0
expressions,expressions,s,SenseProperty,0
are,are,c,ReportingStates,0
.,.,nn,OralCues,0
Well,well,c,OralCues,1
",",",",n,OralCues,2
What,what,s,Question,0
did,did,s,Question,1
the,the,s,,0
Oracle,oracle,s,ProjectAhead,0
at,at,s,,0
Delphos,delphos,s,UNRECOGNIZED,0
say,say,n,Citations,0
Touching,touching,s,Motions,0
my,my,s,Positivity,0
love,love,s,Positivity,1
to,to,s,,0
Thetis,thetis,c,UNRECOGNIZED,0
",",",",s,,0
tell,tell,s,Citations,0
me,me,c,Citations,1
",",",",s,,0
pray,pray,c,Intensity,0
.,.,nn,,0
Apollo,apollo,s,UNRECOGNIZED,0
from,from,s,,0
the,the,s,,0
Tripod,tripod,s,SenseObject,0
did,did,s,ReportingEvents,0
pronounce,pronounce,c,CommonAuthorities,0
",",",",n,,0
The,the,s,,0
Thetis,thetis,s,UNRECOGNIZED,0
(,(,c,,0
all,all,s,PredictedFuture,0
will,will,s,PredictedFuture,1
see,see,c,,0
),),n,,0
Shall,shall,s,ProjectAhead,0
greater,greater,s,Comparison,0
then,then,s,,0
his,his,s,PersonPronoun,0
Father,father,s,PersonProperty,0
be,be,c,ReportingStates,0
.,.,nn,Curiosity,0
How,how,s,Curiosity,1
can,can,s,Curiosity,2
that,that,s,Confidence,0
be,be,c,Confidence,1
?,?,s,Question,0
unless,unless,s,Contingency,0
the,the,s,,0
fates,fates,s,SubjectivePercept,0
renew,renew,n,Updates,0
In,in,s,,0
me,me,s,FirstPer,0
my,my,nn,FirstPer,0
That,that,s,Specifiers,0
which,which,s,Specifiers,1
Prometheus,prometheus,s,UNRECOGNIZED,0
told,told,s,Citations,0
me,me,s,Citations,1
also,also,s,,0
is,is,n,DenyDisclaim,0
No,no,s,DenyDisclaim,1
less,less,s,Comparison,0
infallible,infallible,s,StandardsPos,0
and,and,s,,0
true,true,s,StandardsPos,0
then,then,s,,0
this,this,c,Immediacy,0
.,.,nn,Immediacy,1
Then,then,s,Sequence,0
I,i,s,Sequence,1
do,do,s,Intensity,0
find,find,s,Confidence,0
that,that,s,Confidence,1
it,it,s,Confidence,2
does,does,s,ReportingEvents,0
me,me,s,FirstPer,0
behove,behove,n,UNRECOGNIZED,0
To,to,s,,0
leave,leave,s,,0
commanding,commanding,s,CommonAuthorities,0
Heaven,heaven,c,Positivity,0
",",",",s,,0
or,or,s,DenyDisclaim,0
not,not,s,DenyDisclaim,1
to,to,s,,0
love,love,c,Positivity,0
.,.,nn,DirectAddress,0
Which,which,s,DirectAddress,1
do,do,s,DirectAddress,0
you,you,s,DirectAddress,1
most,most,s,Comparison,0
desire,desire,c,Positivity,0
",",",",n,,0
To,to,s,,0
serve,serve,s,ReportingEvents,0
or,or,s,,0
domineer,domineer,c,Negativity,0
?,?,nn,Question,0
I,i,s,FirstPer,0
hold,hold,s,,0
Love's,love's,s,AbstractConcepts,0
golden,golden,s,SenseProperty,0
fetter,fetter,c,Negativity,0
",",",",n,,0
Then,then,s,,0
any,any,s,,0
Empire,empire,s,CommonAuthorities,0
better,better,c,Comparison,0
",",",",n,,0
The,the,s,Specifiers,0
one,one,s,Specifiers,1
does,does,s,ReportingEvents,0
thousand,thousand,s,Numbers,0
sweets,sweets,s,SenseObject,0
instill,instill,c,ReportingEvents,0
",",",",n,,0
The,the,s,Specifiers,0
Other,other,s,Specifiers,1
the,the,s,,0
brain,brain,s,SenseObject,0
with,with,s,,0
cumbers,cumbers,s,Negativity,0
fill,fill,c,,0
.,.,nn,Imperative,0
Permit,permit,s,Imperative,1
me,me,c,FirstPer,0
",",",",s,,0
mighty,mighty,s,Intensity,0
Jove,jove,c,,0
",",",",s,,0
to,to,s,,0
tell,tell,s,DirectAddress,0
you,you,s,DirectAddress,1
it,it,s,Resistance,0
is,is,n,Resistance,1
Folly,folly,s,Resistance,2
of,of,s,,0
a,a,s,,0
Mortal,mortal,s,PersonProperty,0
still,still,s,ProjectAhead,0
to,to,s,ProjectAhead,1
wish,wish,c,SubjectivePercept,0
",",",",n,,0
Under,under,s,SpaceRelation,0
the,the,s,SpaceRelation,1
vail,vail,s,StandardsPos,0
of,of,s,,0
good,good,c,,0
",",",",s,,0
to,to,s,,0
meet,meet,s,SpaceRelation,0
the,the,s,SpaceRelation,1
bad,bad,c,Negativity,0
",",",",n,Aside,0
Which,which,s,Aside,1
goes,goes,s,SceneShift,0
in,in,s,SceneShift,1
Virtues,virtues,s,StandardsPos,0
habit,habit,s,RecurringEvents,0
often,often,s,RecurringEvents,0
clad,clad,c,SenseProperty,0
.,.,n,Resistance,0
But,but,s,Resistance,1
you,you,s,DirectAddress,0
which,which,s,,0
over,over,s,SpaceRelation,0
the,the,s,SpaceRelation,1
Spheers,spheers,s,UNRECOGNIZED,0
do,do,s,Intensity,0
sway,sway,c,Motions,0
",",",",n,,0
And,and,s,,0
such,such,s,Intensity,0
coruscant,coruscant,s,SenseProperty,0
beams,beams,s,SenseObject,0
display,display,c,SpaceRelation,0
;,;,n,,0
Can,can,s,DirectAddress,0
you,you,s,DirectAddress,1
be,be,s,ReportingStates,0
so,so,s,,0
transported,transported,c,SceneShift,0
",",",",s,,0
as,as,s,,0
endure,endure,n,Resistance,0
That,that,s,,0
a,a,s,Negativity,0
blind,blind,s,Negativity,1
lying,lying,s,Negativity,0
Boy,boy,s,PersonProperty,0
should,should,s,DirectAddress,0
you,you,s,DirectAddress,1
allure,allure,c,Positivity,0
",",",",n,Future_Question,0
Who,who,s,Future_Question,1
will,will,s,Future_Question,2
vapor,vapor,s,SenseObject,0
every,every,s,Generalization,0
where,where,c,,0
",",",",n,,0
That,that,s,,0
he,he,s,Intensity,0
did,did,s,Intensity,1
fetter,fetter,s,Negativity,0
Jupiter,jupiter,c,UNRECOGNIZED,0
.,.,n,,0
Thetis,thetis,c,UNRECOGNIZED,0
",",",",s,,0
suppose,suppose,c,Uncertainty,0
",",",",s,,0
an,an,s,,0
idle,idle,s,SenseProperty,0
wench,wench,s,PersonProperty,0
should,should,s,Insist,0
prove,prove,c,Confidence,0
:,:,n,,0
Have,have,s,DirectAddress,0
you,you,s,DirectAddress,1
not,not,s,DenyDisclaim,0
Goddesses,goddesses,s,PersonProperty,0
enough,enough,s,SubjectivePercept,0
above,above,c,SpaceRelation,0
?,?,n,Question,0
If,if,s,Contingency,0
you,you,s,DirectAddress,0
Olympus,olympus,s,UNRECOGNIZED,0
loose,loose,c,AbstractConcepts,0
",",",",s,Future_Question,0
where,where,s,Future_Question,1
will,will,s,Future_Question,2
you,you,s,DirectAddress,0
find,find,n,,0
Throughout,throughout,s,SpaceRelation,0
the,the,s,SpaceRelation,1
world,world,s,SpaceRelation,2
a,a,s,,0
Kingdom,kingdom,s,CommonAuthorities,0
of,of,s,Specifiers,0
that,that,s,Specifiers,1
kind,kind,c,Specifiers,2
?,?,nn,Question,0
In,in,s,DirectAddress,0
your,your,s,DirectAddress,1
Discourse,discourse,s,AbstractConcepts,0
you,you,s,DirectAddress,0
go,go,s,ReportingEvents,0
so,so,s,Intensity,0
strongly,strongly,s,Intensity,1
on,on,n,,0
That,that,s,,0
makes,makes,s,SelfDisclosure,0
me,me,s,SelfDisclosure,1
half,half,s,Numbers,0
of,of,s,DirectAddress,0
your,your,s,DirectAddress,1
opinion,opinion,c,SubjectivePercept,0
.,.,nn,Metadiscourse,0
Nor,nor,s,Metadiscourse,1
can,can,s,DirectAddress,0
you,you,s,DirectAddress,1
any,any,s,,0
true,true,s,StandardsPos,0
content,content,s,AbstractConcepts,0
obtain,obtain,n,ReportingEvents,0
Whilst,whilst,s,TimeDuration,0
you,you,s,DirectAddress,0
are,are,s,DirectAddress,1
compast,compast,s,UNRECOGNIZED,0
with,with,s,Specifiers,0
a,a,s,Specifiers,1
double,double,s,,0
pain,pain,c,Negativity,0
.,.,n,,0
Juno,juno,s,,0
pursues,pursues,s,ProjectAhead,0
you,you,s,DirectAddress,0
with,with,s,,0
her,her,s,PersonPronoun,0
Furies,furies,s,Anger,0
here,here,c,SpaceRelation,0
",",",",n,SpaceRelation,1
And,and,s,,0
Thetis,thetis,s,UNRECOGNIZED,0
may,may,s,Contingency,0
perhaps,perhaps,s,Contingency,1
fly,fly,s,SceneShift,0
from,from,s,SceneShift,1
you,you,s,DirectAddress,0
there,there,c,,0
;,;,n,,0
The,the,s,Specifiers,0
one,one,s,Specifiers,1
is,is,s,ReportingStates,0
doubtful,doubtful,c,Uncertainty,0
",",",",s,,0
the,the,s,Specifiers,0
other,other,s,Specifiers,1
is,is,s,ReportingStates,0
jealous,jealous,s,Negative_Relation,0
still,still,c,Updates,0
",",",",n,,0
Both,both,s,,0
may,may,s,Contingency,0
confederate,confederate,s,PersonProperty,0
to,to,s,,0
cross,cross,s,SpaceRelation,0
your,your,s,DirectAddress,0
will,will,c,PredictedFuture,0
.,.,nn,ConfirmedThght,0
It,it,s,ConfirmedThght,1
Is,is,s,ConfirmedThght,2
true,true,c,ConfirmedThght,3
",",",",s,,0
that,that,s,,0
Juno,juno,s,,0
me,me,s,FirstPer,0
pursues,pursues,c,ProjectAhead,0
",",",",n,,0
And,and,s,,0
raises,raises,s,ReportingEvents,0
furies,furies,s,Anger,0
by,by,s,,0
whole,whole,s,,0
crews,crews,c,PersonProperty,0
.,.,nn,,0
She,she,s,PersonPronoun,0
every,every,s,Generalization,0
where,where,s,Question,0
does,does,s,Question,1
stir,stir,s,Motions,0
and,and,s,,0
wheel,wheel,s,Motions,0
about,about,c,Motions,1
",",",",n,,0
She,she,s,PersonPronoun,0
does,does,s,ReportingEvents,0
disturb,disturb,s,Negativity,0
all,all,s,,0
Heaven,heaven,s,Positivity,0
to,to,s,,0
find,find,s,DirectAddress,0
you,you,s,DirectAddress,1
out,out,c,,0
.,.,nn,Sequence,0
Then,then,s,Sequence,1
Mercury,mercury,c,SenseObject,0
",",",",s,,0
go,go,s,ReportingEvents,0
and,and,s,ReportingEvents,1
proclaim,proclaim,n,Citations,0
From,from,s,Citations,1
Pole,pole,s,SenseObject,0
to,to,s,,0
Pole,pole,s,SenseObject,0
that,that,s,,0
I,i,s,FirstPer,0
disclaim,disclaim,n,Resistance,0
Thetis,thetis,c,UNRECOGNIZED,0
",",",",s,,0
and,and,s,,0
will,will,s,PredictedFuture,0
no,no,s,DenyDisclaim,0
more,more,s,DenyDisclaim,1
my,my,s,Intensity,0
Honor,honor,s,Intensity,1
maim,maim,c,Negativity,0
.,.,n,Imperative,0
Go,go,s,Imperative,1
speedily,speedily,c,SenseProperty,0
.,.,nn,,0
Jove,jove,c,,0
",",",",s,,0
I,i,s,FirstPer,0
will,will,s,PredictedFuture,0
fly,fly,c,PredictedFuture,1
.,.,nn,,0
Fair,fair,s,StandardsPos,0
Wood,wood,s,SenseProperty,0
Nymphs,nymphs,s,SenseProperty,1
let,let,s,ReportingEvents,0
this,this,s,Immediacy,0
day,day,s,Immediacy,1
be,be,s,ReportingStates,0
Festival,festival,n,Positivity,0
That,that,s,,0
I,i,s,FirstPer,0
my,my,s,FirstPer,0
wonted,wonted,s,SubjectivePercept,0
freedom,freedom,s,StandardsPos,0
did,did,s,ReportingEvents,0
recall,recall,c,AbstractConcepts,0
",",",",n,Aside,0
Which,which,s,Aside,1
impious,impious,s,StandardsNeg,0
fate,fate,s,SubjectivePercept,0
and,and,s,,0
beauty,beauty,s,StandardsPos,0
did,did,s,ReportingEvents,0
conspire,conspire,n,Resistance,0
To,to,s,,0
captivate,captivate,s,Positivity,0
with,with,s,,0
false,false,s,StandardsNeg,0
and,and,s,,0
fatuous,fatuous,s,Negativity,0
fire,fire,c,SenseObject,0
.,.,n,,0
Fair,fair,s,StandardsPos,0
Wood,wood,s,SenseProperty,0
Nymphs,nymphs,s,SenseProperty,1
let,let,s,ReportingEvents,0
this,this,s,Immediacy,0
day,day,s,Immediacy,1
by,by,s,Generalization,0
all,all,n,Generalization,1
Be,be,s,ReportingStates,0
kept,kept,s,TimeDuration,0
hereafter,hereafter,s,ProjectAhead,0
Festival,festival,c,Positivity,0
.,.,nn,,0
Great,great,s,Intensity,0
God,god,s,CommonAuthorities,0
of,of,s,CommonAuthorities,1
War,war,c,GenericEvents,0
",",",",s,,0
the,the,s,SenseObject,0
prop,prop,c,SenseObject,1
",",",",s,,0
defense,defense,s,AbstractConcepts,0
and,and,s,,0
stay,stay,n,TimeDuration,0
Of,of,s,TimeDuration,1
Empires,empires,c,CommonAuthorities,0
",",",",s,,0
intercede,intercede,s,ReportingEvents,0
that,that,s,,0
Peleus,peleus,s,UNRECOGNIZED,0
may,may,n,Contingency,0
(,(,c,,0
By,by,s,,0
favor,favor,s,Positivity,0
of,of,s,Positivity,1
that,that,n,,0
Thou,thou,s,DirectAddress,0
do,do,s,Intensity,0
adore,adore,c,Positivity,0
",",",",s,,0
and,and,s,,0
art,art,s,AbstractConcepts,0
to,to,s,,0
serve,serve,s,ReportingEvents,0
so,so,s,,0
prone,prone,c,SubjectivePercept,0
),),n,,0
Return,return,s,SceneShift,0
to,to,s,SceneShift,1
sway,sway,s,Motions,0
again,again,s,RecurringEvents,0
fair,fair,s,StandardsPos,0
Thessaly,thessaly,c,UNRECOGNIZED,0
:,:,n,,0
Behold,behold,s,SpaceRelation,0
that,that,s,,0
amourous,amourous,s,UNRECOGNIZED,0
Warrier,warrier,s,UNRECOGNIZED,0
with,with,s,,0
mild,mild,s,Positivity,0
eye,eye,c,SenseObject,0
.,.,n,DirectAddress,0
And,and,s,DirectAddress,1
you,you,s,DirectAddress,0
brave,brave,s,StandardsPos,0
Champions,champions,s,StandardsPos,0
propitious,propitious,s,Positivity,0
make,make,n,Cause,0
Our,our,s,Cause,1
vows,vows,s,Intensity,0
and,and,s,,0
Altars,altars,c,SenseObject,0
;,;,s,,0
let,let,s,ReportingEvents,0
the,the,s,ReportingEvents,1
welkin,welkin,s,SpaceRelation,0
quake,quake,n,Motions,0
With,with,s,Specifiers,0
the,the,s,Specifiers,1
high,high,s,,0
clashings,clashings,s,Resistance,0
of,of,s,Resistance,1
your,your,s,DirectAddress,0
Barriers,barriers,c,Resistance,0
.,.,n,,0
Peleus,peleus,s,UNRECOGNIZED,0
at,at,s,,0
his,his,s,PersonPronoun,0
return,return,s,RecurringEvents,0
will,will,s,PredictedFuture,0
pay,pay,s,DirectAddress,0
you,you,s,DirectAddress,1
your,your,s,DirectAddress,0
Arrears,arrears,c,AbstractConcepts,0
.,.,nn,Resistance,0
But,but,s,Resistance,1
stay,stay,s,TimeDuration,0
a,a,s,TimeDuration,1
little,little,c,SenseProperty,0
",",",",s,,0
stay,stay,c,TimeDuration,0
",",",",n,,0
Our,our,s,Inclusive,0
Oracle,oracle,s,ProjectAhead,0
will,will,s,PredictedFuture,0
something,something,s,Uncertainty,0
say,say,c,Citations,0
.,.,nn,,0
At,at,s,SubjectiveTime,0
last,last,s,SubjectiveTime,1
the,the,s,SenseObject,0
King,king,s,SenseObject,1
of,of,s,,0
Thessaly,thessaly,n,UNRECOGNIZED,0
Shall,shall,s,ProjectAhead,0
home,home,s,SpaceRelation,0
return,return,s,RecurringEvents,0
with,with,s,Positivity,0
mirth,mirth,s,Positivity,1
and,and,s,,0
glee,glee,c,Positivity,0
.,.,nn,,0
O,o,s,LangRef,0
news,news,s,Updates,0
more,more,s,Comparison,0
rare,rare,n,Exceptions,0
Then,then,s,,0
Indian,indian,s,PersonProperty,0
Pearl,pearl,c,SenseObject,0
",",",",s,,0
and,and,s,,0
sweeter,sweeter,s,Positivity,0
far,far,n,SpaceRelation,0
Then,then,s,,0
that,that,s,,0
Hyblean,hyblean,s,UNRECOGNIZED,0
juice,juice,s,Motions,0
the,the,s,Motions,1
Attic,attic,s,SpaceRelation,0
Be,be,n,ReportingStates,0
Stov'd,stov'd,s,UNRECOGNIZED,0
in,in,s,Specifiers,0
her,her,s,Specifiers,1
cell,cell,s,SenseObject,0
for,for,s,,0
Joves,joves,s,,0
Nativity,nativity,c,AbstractConcepts,0
;,;,n,,0
And,and,s,,0
will,will,s,PredictedFuture,0
King,king,s,PersonProperty,0
Peleus,peleus,s,UNRECOGNIZED,0
come,come,s,RecurringEvents,0
again,again,c,RecurringEvents,1
?,?,n,Question,0
Then,then,s,,0
Thessaly,thessaly,s,UNRECOGNIZED,0
shall,shall,s,ProjectAhead,0
swarm,swarm,s,SpaceRelation,0
with,with,s,,0
men,men,c,PersonProperty,0
.,.,n,,0
O,o,s,LangRef,0
news,news,s,Updates,0
more,more,s,Comparison,0
rare,rare,n,Exceptions,0
Then,then,s,,0
Indian,indian,s,PersonProperty,0
pearl,pearl,c,SenseObject,0
",",",",s,,0
and,and,s,,0
richer,richer,s,Comparison,0
far,far,c,SpaceRelation,0
.,.,nn,,0
FOR,for,s,SubjectivePercept,0
him,him,s,SubjectivePercept,1
who,who,s,,0
parts,parts,s,SceneShift,0
from,from,s,SceneShift,1
his,his,s,PersonPronoun,0
delight,delight,n,Positivity,0
Time,time,s,,0
makes,makes,s,ReportingEvents,0
too,too,s,,0
quick,quick,s,SubjectiveTime,0
and,and,s,,0
rapid,rapid,s,SubjectiveTime,0
flight,flight,c,SenseProperty,0
",",",",n,Resistance,0
But,but,s,Resistance,1
who,who,s,Question,0
is,is,s,Question,1
traveling,traveling,s,SceneShift,0
to,to,s,SceneShift,1
see,see,s,,0
his,his,s,PersonPronoun,0
Love,love,c,Positivity,0
",",",",n,,0
Each,each,s,Specifiers,0
moment,moment,s,Immediacy,0
unto,unto,s,CommonAuthorities,0
him,him,s,PersonPronoun,0
an,an,s,,0
age,age,s,Specifiers,0
does,does,s,ReportingEvents,0
prove,prove,c,Confidence,0
.,.,n,Imperative,0
Hope,hope,s,Imperative,1
still,still,s,Updates,0
with,with,s,,0
doubts,doubts,c,Uncertainty,0
",",",",s,,0
fruition,fruition,s,StandardsPos,0
with,with,s,Fear,0
fear,fear,n,Fear,1
Is,is,s,CommonAuthorities,0
commonly,commonly,s,CommonAuthorities,1
attended,attended,s,ReportingEvents,0
every,every,s,Generalization,0
where,where,c,,0
.,.,nn,,0
I,i,s,FirstPer,0
with,with,s,,0
my,my,s,FirstPer,0
companions,companions,s,Positivity,0
here,here,n,SpaceRelation,0
Did,did,s,ReportingEvents,0
think,think,s,ProjectAhead,0
to,to,s,ProjectAhead,1
find,find,s,DirectAddress,0
you,you,s,DirectAddress,1
full,full,s,Positivity,0
of,of,s,Positivity,1
cheer,cheer,c,Positivity,2
.,.,n,,0
Now,now,s,DirectAddress,0
that,that,s,DirectAddress,1
you,you,s,DirectAddress,2
are,are,s,ReportingStates,0
a,a,s,ReportingStates,1
Champion,champion,s,StandardsPos,0
over,over,s,SpaceRelation,0
the,the,s,SpaceRelation,1
Gods,gods,c,CommonAuthorities,0
",",",",n,,0
Of,of,s,PersonProperty,0
whom,whom,s,PersonProperty,1
for,for,s,,0
Faith,faith,s,StandardsPos,0
and,and,s,,0
Love,love,s,OralCues,0
you,you,s,OralCues,1
have,have,s,Intensity,0
such,such,s,Intensity,1
odds,odds,c,Contingency,0
;,;,n,,0
Why,why,s,Curiosity,0
do,do,s,Curiosity,1
you,you,s,DirectAddress,0
thus,thus,s,ReasonForward,0
afflict,afflict,s,Negativity,0
your,your,s,DirectAddress,0
self,self,s,SubjectivePercept,0
with,with,s,Negativity,0
pain,pain,c,Negativity,1
?,?,n,Question,0
Faint,faint,s,Negativity,0
heart,heart,s,Negativity,1
did,did,s,ReportingEvents,0
never,never,s,DenyDisclaim,0
a,a,s,PersonProperty,0
Ladies,ladies,s,PersonProperty,1
favor,favor,s,Positivity,0
gain,gain,c,,0
.,.,nn,,0
Sometimes,sometimes,s,Contingency,0
my,my,s,FirstPer,0
spirits,spirits,s,SubjectivePercept,0
are,are,s,Intensity,0
alert,alert,s,Intensity,1
and,and,s,,0
high,high,c,,0
",",",",n,,0
Then,then,s,Sequence,0
they,they,s,Sequence,1
begin,begin,s,Sequence,0
to,to,s,Sequence,1
languish,languish,s,Negativity,0
presently,presently,c,TimeShift,0
;,;,n,,0
Because,because,s,ReasonBackward,0
I,i,s,Fear,0
fear,fear,s,Fear,1
that,that,s,Fear,2
Thetis,thetis,s,UNRECOGNIZED,0
heart,heart,n,SenseObject,0
May,may,s,Contingency,0
Marble,marble,s,SenseObject,0
prove,prove,c,Confidence,0
;,;,s,,0
hence,hence,s,ReasonForward,0
comes,comes,s,ReportingEvents,0
my,my,s,FirstPer,0
smart,smart,c,Positivity,0
.,.,nn,,0
You,you,s,DirectAddress,0
are,are,s,DirectAddress,1
deceived,deceived,c,ReportingStates,0
;,;,s,ReportingStates,1
when,when,s,,0
Thetis,thetis,s,UNRECOGNIZED,0
knowledge,knowledge,s,CommonAuthorities,0
had,had,n,ProjectBack,0
You,you,s,DirectAddress,0
left,left,s,SceneShift,0
fair,fair,s,StandardsPos,0
Greece,greece,c,,0
",",",",s,,0
and,and,s,,0
undertook,undertook,s,ProjectAhead,0
so,so,s,,0
bad,bad,n,Negativity,0
And,and,s,,0
hazardous,hazardous,s,Negativity,0
a,a,s,,0
journey,journey,s,SceneShift,0
to,to,s,SceneShift,1
find,find,s,,0
ease,ease,c,Reassure,0
",",",",n,,0
The,the,s,,0
fury,fury,s,Intensity,0
of,of,s,Intensity,1
your,your,s,DirectAddress,0
passion,passion,s,SubjectivePercept,0
to,to,s,,0
appease,appease,c,Negative_Relation,0
;,;,n,,0
She,she,s,PersonPronoun,0
with,with,s,Specifiers,0
a,a,s,Specifiers,1
pitying,pitying,s,Sad,0
paleness,paleness,s,SenseProperty,0
then,then,s,,0
was,was,s,ProjectBack,0
struck,struck,c,ReportingStates,0
",",",",n,ReportingStates,1
And,and,s,,0
sighing,sighing,s,Motions,0
said,said,c,Citations,0
",",",",s,,0
The,the,s,,0
Stars,stars,s,SenseObject,0
send,send,s,ReportingEvents,0
him,him,s,PersonPronoun,0
good,good,s,Positivity,0
luck,luck,c,Positivity,1
.,.,n,Imperative,0
Go,go,c,Imperative,1
",",",",s,,0
lay,lay,s,SpaceRelation,0
close,close,s,SpaceRelation,1
siege,siege,c,Negativity,0
",",",",s,,0
and,and,s,,0
let,let,s,ReportingEvents,0
her,her,s,ReportingEvents,1
see,see,n,DirectAddress,0
You,you,s,DirectAddress,1
are,are,s,ReportingStates,0
resolved,resolved,s,ReportingEvents,0
for,for,s,,0
Battery,battery,c,SenseObject,0
.,.,n,,0
The,the,s,,0
Female,female,s,PersonProperty,0
who,who,s,,0
believes,believes,s,PrivateThinking,0
she,she,s,Updates,0
is,is,s,Updates,1
truly,truly,s,Intensity,0
loved,loved,c,Positivity,0
",",",",n,,0
Need,need,s,Insist,0
not,not,s,Insist,1
by,by,s,,0
too,too,s,Negativity,0
long,long,s,Negativity,1
Prayers,prayers,s,CommonAuthorities,0
to,to,s,GenericEvents,0
be,be,s,GenericEvents,1
moved,moved,c,ReportingStates,0
.,.,nn,ReportingStates,1
Your,your,s,DirectAddress,0
counsel's,counsel's,s,PersonProperty,0
good,good,c,,0
:,:,s,,0
now,now,s,Immediacy,0
with,with,s,Immediacy,1
alacrity,alacrity,n,StandardsPos,0
I,i,s,FirstPer,0
will,will,s,PredictedFuture,0
both,both,s,PredictedFuture,1
Love,love,s,Positivity,0
and,and,s,,0
Fortune,fortune,s,ProjectAhead,0
try,try,c,ProjectAhead,0
;,;,n,,0
And,and,s,,0
of,of,s,,0
the,the,s,,0
business,business,s,AbstractConcepts,0
you,you,s,Insist,0
shall,shall,s,Insist,1
quickly,quickly,s,SubjectiveTime,0
see,see,n,,0
I,i,s,FirstPer,0
Will,will,s,PredictedFuture,0
make,make,s,ReportingEvents,0
a,a,s,SenseObject,0
shaft,shaft,s,SenseObject,1
or,or,s,,0
bolt,bolt,c,Motions,0
.,.,s,Resistance,0
But,but,s,Resistance,1
where,where,s,Question,0
is,is,s,Question,1
she,she,c,Question,2
?,?,nn,Question,0
I,i,s,Metadiscourse,0
Will,will,s,Metadiscourse,1
go,go,s,Metadiscourse,2
in,in,s,ProjectAhead,0
quest,quest,s,ProjectAhead,1
of,of,s,ProjectAhead,2
her,her,c,PersonPronoun,0
.,.,n,,0
In,in,s,,0
the,the,s,,0
mean,mean,s,AbstractConcepts,0
time,time,s,AbstractConcepts,1
let,let,s,ReportingEvents,0
my,my,s,FirstPer,0
Disciples,disciples,s,PersonProperty,0
dance,dance,c,Motions,0
",",",",n,,0
We,we,s,,0
will,will,s,PredictedFuture,0
be,be,s,PredictedFuture,1
fortunate,fortunate,s,Positivity,0
in,in,s,Resistance,0
spite,spite,s,Resistance,1
of,of,s,Resistance,2
chance,chance,c,Contingency,0
:,:,nn,,0
Love,love,c,Positivity,0
",",",",s,,0
if,if,s,Contingency,0
you,you,s,DirectAddress,0
will,will,s,PredictedFuture,0
enter,enter,s,ReportingEvents,0
like,like,s,Resemblances,0
a,a,s,Resemblances,1
friend,friend,c,StandardsPos,0
",",",",n,,0
Lay,lay,s,SpaceRelation,0
down,down,s,SpaceRelation,1
your,your,s,DirectAddress,0
Arms,arms,c,SenseObject,0
",",",",s,,0
let,let,s,ReportingEvents,0
peace,peace,s,StandardsPos,0
attend,attend,n,SpaceRelation,0
Your,your,s,SpaceRelation,1
purposes,purposes,c,ProjectAhead,0
",",",",s,ReasonForward,0
and,and,s,ReasonForward,1
so,so,s,ReasonForward,2
you,you,s,DirectAddress,0
may,may,n,DirectAddress,1
Be,be,s,ReportingStates,0
welcome,welcome,c,Positivity,0
",",",",s,ReasonForward,0
and,and,s,ReasonForward,1
so,so,s,ReasonForward,2
win,win,s,Positivity,0
the,the,s,Positivity,1
day,day,c,Positivity,2
.,.,n,,0
If,if,s,Contingency,0
boisterously,boisterously,s,SenseProperty,0
you,you,s,DirectAddress,0
me,me,s,FirstPer,0
assault,assault,c,Negative_Relation,0
",",",",n,,0
Come,come,s,ReportingEvents,0
not,not,s,DenyDisclaim,0
near,near,s,SpaceRelation,0
me,me,c,FirstPer,0
",",",",s,Resistance,0
but,but,s,Resistance,1
make,make,s,ReportingEvents,0
a,a,s,TimeShift,0
halt,halt,c,TimeShift,1
:,:,n,,0
Be,be,s,Confidence,0
sure,sure,s,Confidence,1
not,not,s,DenyDisclaim,0
to,to,s,DenyDisclaim,1
torment,torment,s,Negativity,0
my,my,s,SelfDisclosure,0
heart,heart,c,SelfDisclosure,1
",",",",n,,0
Or,or,s,,0
with,with,s,DirectAddress,0
your,your,s,DirectAddress,1
passions,passions,s,SubjectivePercept,0
make,make,s,ReportingEvents,0
it,it,s,ReportingEvents,1
smart,smart,c,Positivity,0
.,.,nn,,0
O,o,s,LangRef,0
Thetis,thetis,c,UNRECOGNIZED,0
",",",",s,,0
you,you,s,DirectAddress,0
desire,desire,s,Positivity,0
to,to,s,Positivity,1
shun,shun,n,Negative_Relation,0
That,that,s,Specifiers,0
which,which,s,Specifiers,1
your,your,s,DirectAddress,0
self,self,s,SubjectivePercept,0
to,to,s,SelfDisclosure,0
me,me,s,SelfDisclosure,1
have,have,s,ReportingEvents,0
done,done,c,ReportingEvents,1
.,.,nn,,0
Ohime,ohime,c,UNRECOGNIZED,0
.,.,nn,,0
My,my,s,Positivity,0
Dear,dear,c,Positivity,1
",",",",n,,0
What,what,s,DirectAddress,0
do,do,s,DirectAddress,1
you,you,s,DirectAddress,2
fear,fear,c,Fear,0
?,?,nn,Question,0
Ohime,ohime,c,UNRECOGNIZED,0
",",",",s,,0
when,when,s,DirectAddress,0
you,you,s,DirectAddress,1
were,were,s,ProjectBack,0
far,far,s,SpaceRelation,0
from,from,s,SpaceRelation,1
hence,hence,n,ReasonForward,0
Love,love,s,Positivity,0
did,did,s,ReportingEvents,0
do,do,s,Intensity,0
much,much,s,Intensity,0
for,for,s,DirectAddress,0
you,you,c,DirectAddress,1
;,;,s,Resistance,0
but,but,s,Resistance,1
now,now,n,Immediacy,0
You,you,s,DirectAddress,0
are,are,s,DirectAddress,1
so,so,s,,0
near,near,c,SpaceRelation,0
",",",",s,,0
I,i,s,Fear,0
fear,fear,s,Fear,1
with,with,s,,0
violence,violence,n,StandardsNeg,0
He,he,s,PersonPronoun,0
will,will,s,PredictedFuture,0
assault,assault,s,Negative_Relation,0
me,me,s,FirstPer,0
with,with,s,,0
his,his,s,PersonPronoun,0
bow,bow,c,SenseObject,0
.,.,n,,0
I,i,s,FirstPer,0
pray,pray,s,Intensity,0
retire,retire,c,ReportingEvents,0
.,.,nn,Request,0
Will,will,s,Request,1
you,you,s,Request,2
with,with,s,Specifiers,0
such,such,s,Specifiers,1
a,a,s,Specifiers,2
heart,heart,s,SenseObject,0
of,of,s,,0
flint,flint,s,SenseObject,0
and,and,s,SenseObject,1
steel,steel,n,SenseObject,2
Convert,convert,s,Transformation,0
those,those,s,,0
pleasing,pleasing,s,Positivity,0
passions,passions,s,SubjectivePercept,0
which,which,s,,0
I,i,s,SelfDisclosure,0
feel,feel,n,SelfDisclosure,1
To,to,s,,0
pangs,pangs,c,Negativity,0
?,?,s,Question,0
Shall,shall,s,ProjectAhead,0
he,he,s,PersonPronoun,0
still,still,s,Updates,0
languish,languish,n,Negativity,0
With,with,s,Sad,0
tears,tears,c,Sad,1
",",",",s,,0
with,with,s,,0
doubtfulness,doubtfulness,s,Uncertainty,0
and,and,s,,0
anguish,anguish,c,Negativity,0
",",",",n,,0
Who,who,s,,0
loves,loves,s,Positivity,0
your,your,s,DirectAddress,0
eyes,eyes,n,SenseObject,0
More,more,s,Comparison,0
then,then,s,,0
the,the,s,,0
Stars,stars,s,SenseObject,0
or,or,s,,0
Skies,skies,c,SenseObject,0
?,?,nn,Question,0
These,these,s,Immediacy,0
words,words,s,LangRef,0
an,an,s,,0
amorous,amorous,s,Positivity,0
pleasure,pleasure,s,Positivity,0
do,do,s,Intensity,0
instill,instill,n,ReportingEvents,0
Into,into,s,,0
my,my,s,FirstPer,0
breast,breast,c,PersonProperty,0
",",",",s,,0
my,my,s,SelfDisclosure,0
thoughts,thoughts,s,SelfDisclosure,1
with,with,s,,0
fancies,fancies,s,PrivateThinking,0
swill,swill,c,Motions,0
;,;,n,,0
Fool,fool,s,Negativity,0
that,that,s,,0
I,i,s,SelfDisclosure,0
am,am,c,SelfDisclosure,1
",",",",s,,0
I,i,s,FirstPer,0
who,who,s,Question,0
have,have,s,Question,1
made,made,s,ReportingEvents,0
a,a,s,,0
vow,vow,n,Intensity,0
To,to,s,Intensity,1
any,any,s,,0
Love,love,s,Positivity,0
enchantments,enchantments,s,Positivity,0
never,never,s,Biographical_Time,0
to,to,s,Biographical_Time,1
bow,bow,c,SenseObject,0
;,;,n,,0
I,i,s,FirstPer,0
who,who,s,,0
two,two,s,Numbers,0
Gods,gods,s,CommonAuthorities,0
for,for,s,,0
marriage,marriage,s,CommonAuthorities,0
did,did,s,ReportingEvents,0
refuse,refuse,c,Resistance,0
",",",",n,,0
Shall,shall,s,Future_Question,0
I,i,s,Future_Question,1
yield,yield,s,ReportingEvents,0
now,now,n,Immediacy,0
And,and,s,,0
lovesick,lovesick,s,SubjectivePercept,0
grow,grow,c,ReportingEvents,0
?,?,n,Question,0
I,i,s,FirstPer,0
pray,pray,s,Intensity,0
retire,retire,c,ReportingEvents,0
.,.,nn,,0
From,from,s,,0
those,those,s,,0
fair,fair,s,StandardsPos,0
eyes,eyes,s,SenseObject,0
I,i,s,FirstPer,0
will,will,s,PredictedFuture,0
not,not,s,PredictedFuture,1
part,part,c,,0
",",",",n,,0
Who,who,s,Question,0
have,have,s,Question,1
infused,infused,s,ReportingEvents,0
into,into,s,,0
my,my,s,SelfDisclosure,0
heart,heart,n,SelfDisclosure,1
Grief,grief,c,Sad,0
",",",",s,,0
and,and,s,,0
content,content,c,AbstractConcepts,0
",",",",s,,0
with,with,s,StandardsPos,0
constancy,constancy,c,StandardsPos,1
;,;,n,,0
All,all,s,,0
Trophies,trophies,s,StandardsPos,0
of,of,s,DirectAddress,0
your,your,s,DirectAddress,1
chastity,chastity,c,CommonAuthorities,0
",",",",n,,0
And,and,s,,0
of,of,s,,0
my,my,s,FirstPer,0
Faith,faith,c,StandardsPos,0
:,:,s,Question,0
where,where,s,Question,1
ere,ere,s,ProjectBack,0
you,you,s,DirectAddress,0
go,go,n,ReportingEvents,0
I,i,s,FirstPer,0
will,will,s,PredictedFuture,0
adore,adore,s,Positivity,0
your,your,s,DirectAddress,0
shadow,shadow,s,SenseObject,0
too,too,s,,0
and,and,s,,0
fro,fro,c,SpaceRelation,0
.,.,nn,,0
Against,against,s,Resistance,0
such,such,s,Resistance,1
a,a,s,,0
charming,charming,s,Positivity,0
violence,violence,n,StandardsNeg,0
If,if,s,Contingency,0
I,i,s,Contingency,1
can,can,s,Contingency,2
find,find,s,,0
no,no,s,DenyDisclaim,0
guard,guard,s,Resistance,0
or,or,s,,0
fence,fence,c,SenseObject,0
",",",",n,,0
I,i,s,Metadiscourse,0
Will,will,s,Metadiscourse,1
have,have,s,Metadiscourse,2
recourse,recourse,s,AbstractConcepts,0
for,for,s,,0
quenching,quenching,s,ReportingEvents,0
of,of,s,Specifiers,0
this,this,s,Specifiers,1
fire,fire,n,SenseObject,0
Unto,unto,s,CommonAuthorities,0
the,the,s,StandardsPos,0
Arts,arts,s,StandardsPos,1
of,of,s,StandardsPos,2
Proteus,proteus,s,AbstractConcepts,0
my,my,s,FirstPer,0
great,great,s,Intensity,0
Sire,sire,c,PersonProperty,0
.,.,n,,0
Peleus,peleus,s,UNRECOGNIZED,0
will,will,s,PredictedFuture,0
then,then,s,PredictedFuture,1
desist,desist,c,Resistance,0
",",",",s,,0
unless,unless,s,Contingency,0
he,he,s,PersonPronoun,0
fall,fall,n,Positivity,0
In,in,s,Positivity,1
love,love,s,Positivity,2
with,with,s,Positivity,3
Lions,lions,c,SenseObject,0
",",",",s,,0
Monsters,monsters,c,Negativity,0
",",",",s,,0
Rocks,rocks,s,SenseObject,0
and,and,s,Generalization,0
all,all,c,Generalization,1
.,.,nn,,0
Dear,dear,c,Positivity,0
",",",",s,Specifiers,0
What,what,s,Specifiers,1
Is,is,s,Specifiers,2
that,that,s,DirectAddress,0
you,you,s,DirectAddress,1
whisper,whisper,c,Motions,0
?,?,nn,Question,0
May,may,s,DirectAddress,0
your,your,s,DirectAddress,1
laments,laments,n,Sad,0
Find,find,s,,0
their,their,s,PersonPronoun,0
contents,contents,c,AbstractConcepts,0
.,.,nn,,0
Oh,oh,s,OralCues,0
pleasing,pleasing,s,Positivity,0
accents,accents,c,SenseProperty,0
!,!,nn,,0
But,but,s,Resistance,0
Peleus,peleus,s,UNRECOGNIZED,0
now,now,s,Immediacy,0
I,i,s,FirstPer,0
will,will,s,PredictedFuture,0
you,you,s,DirectAddress,0
disabuse,disabuse,c,StandardsPos,0
",",",",n,,0
They,they,s,ReportingStates,0
are,are,s,ReportingStates,1
feigned,feigned,s,SubjectivePercept,0
fancies,fancies,s,PrivateThinking,0
which,which,s,,0
you,you,s,DirectAddress,0
thus,thus,s,ReasonForward,0
amuse,amuse,n,Positivity,0
When,when,s,DirectAddress,0
you,you,s,DirectAddress,1
made,made,s,SelfDisclosure,0
me,me,s,SelfDisclosure,1
the,the,s,,0
object,object,s,AbstractConcepts,0
of,of,s,AbstractConcepts,1
your,your,s,DirectAddress,0
mind,mind,n,DirectAddress,1
You,you,s,DirectAddress,0
took,took,s,SubjectivePercept,0
me,me,s,SubjectivePercept,1
for,for,s,SubjectivePercept,2
a,a,s,SubjectivePercept,3
Nymph,nymph,c,SenseObject,0
",",",",n,,0
I,i,s,SelfDisclosure,0
am,am,s,SelfDisclosure,1
a,a,s,SelfDisclosure,2
ravenous,ravenous,s,Intensity,0
Lion,lion,c,SenseObject,0
",",",",s,,0
a,a,s,,0
hard,hard,s,SenseObject,0
Rock,rock,c,SenseObject,1
",",",",n,,0
A,a,s,Intensity,0
Monster,monster,s,Intensity,1
that,that,s,,0
wears,wears,s,SpaceRelation,0
clouds,clouds,s,SenseObject,0
in,in,s,Substitution,0
lieu,lieu,s,Substitution,1
of,of,s,Substitution,2
smock,smock,c,SenseObject,0
.,.,nn,,0
My,my,s,FirstPer,0
sweetest,sweetest,s,Positivity,0
friend,friend,c,StandardsPos,0
",",",",n,,0
What,what,s,DirectAddress,0
do,do,s,DirectAddress,1
you,you,s,DirectAddress,2
now,now,s,Immediacy,0
intend,intend,c,ProjectAhead,0
?,?,nn,Question,0
I,i,s,FirstPer,0
Will,will,s,PredictedFuture,0
wrap,wrap,s,SenseObject,0
my,my,s,FirstPer,0
self,self,s,SubjectivePercept,0
within,within,s,,0
that,that,s,,0
cloud,cloud,c,SenseObject,0
:,:,nn,,0
Do,do,s,DenyDisclaim,0
not,not,s,DenyDisclaim,1
do,do,s,Intensity,0
so,so,c,Intensity,1
",",",",n,,0
O,o,s,LangRef,0
heaven,heaven,s,Positivity,0
bless,bless,s,StandardsPos,0
me,me,c,FirstPer,0
",",",",s,,0
what,what,s,Question,0
do,do,s,Question,1
I,i,s,Question,2
see,see,c,,0
!,!,n,,0
Can,can,s,Contingency,0
such,such,s,Contingency,1
a,a,s,Contingency,2
beauteous,beauteous,s,StandardsPos,0
Creature,creature,s,SenseObject,0
turn,turn,s,Transformation,0
to,to,s,Transformation,1
be,be,n,ReportingStates,0
A,a,s,ReportingStates,1
beast,beast,s,Negativity,0
of,of,s,Specifiers,0
such,such,s,Specifiers,1
immane,immane,s,UNRECOGNIZED,0
ferocity,ferocity,c,Intensity,0
?,?,n,Question,0
You,you,s,Confront,0
cannot,cannot,s,Confront,1
fright,fright,s,Negativity,0
me,me,c,FirstPer,0
",",",",s,,0
or,or,s,,0
make,make,s,ReportingEvents,0
an,an,s,,0
escape,escape,c,SceneShift,0
",",",",n,,0
My,my,s,FirstPer,0
Thetis,thetis,s,UNRECOGNIZED,0
I,i,s,Metadiscourse,0
Will,will,s,Metadiscourse,1
pursue,pursue,s,Metadiscourse,2
in,in,s,,0
any,any,s,,0
shape,shape,c,AbstractConcepts,0
.,.,n,Question,0
What,what,s,Question,1
do,do,s,Question,2
I,i,s,FirstPer,0
see,see,c,,0
?,?,n,Question,0
And,and,s,,0
shows,shows,s,Confidence,0
that,that,s,Confidence,1
you,you,s,DirectAddress,0
are,are,s,DirectAddress,1
cruel,cruel,c,Anger,0
",",",",s,,0
fierce,fierce,s,Resistance,0
and,and,s,,0
fell,fell,c,ReportingStates,0
.,.,n,ReportingStates,1
But,but,s,Resistance,0
all,all,s,Generalization,0
this,this,s,Generalization,1
cunning,cunning,s,Negativity,0
will,will,s,PredictedFuture,0
not,not,s,PredictedFuture,1
serve,serve,s,ReportingEvents,0
your,your,s,DirectAddress,0
turn,turn,c,DirectAddress,1
",",",",n,,0
The,the,s,DirectAddress,0
more,more,s,DirectAddress,1
you,you,s,DirectAddress,2
horrid,horrid,s,Negativity,0
are,are,c,ReportingStates,0
",",",",s,,0
the,the,s,Comparison,0
more,more,s,Comparison,1
I,i,s,FirstPer,0
burn,burn,c,,0
.,.,n,,0
A,a,s,,0
Sacrifice,sacrifice,s,StandardsPos,0
of,of,s,,0
sighs,sighs,s,Motions,0
and,and,s,,0
groans,groans,n,Negativity,0
I,i,s,FirstPer,0
Will,will,s,PredictedFuture,0
offer,offer,s,ReportingEvents,0
though,though,s,Concessive,0
you,you,s,DirectAddress,0
change,change,s,Transformation,0
to,to,s,Transformation,1
stones,stones,c,SenseObject,0
.,.,n,,0
Dear,dear,c,Positivity,0
",",",",s,,0
take,take,s,ReportingEvents,0
your,your,s,DirectAddress,0
shape,shape,s,AbstractConcepts,0
again,again,c,RecurringEvents,0
",",",",n,,0
And,and,s,,0
ease,ease,s,Reassure,0
me,me,s,FirstPer,0
of,of,s,Specifiers,0
this,this,s,Specifiers,1
pungent,pungent,s,SenseProperty,0
pain,pain,c,Negativity,0
.,.,nn,,0
O,o,s,LangRef,0
God,god,c,CommonAuthorities,0
",",",",n,,0
The,the,s,Comparison,0
more,more,s,Comparison,1
I,i,s,FirstPer,0
monstrous,monstrous,s,Negativity,0
make,make,s,SelfDisclosure,0
my,my,s,SelfDisclosure,1
self,self,s,SubjectivePercept,0
in,in,s,,0
show,show,c,ReportingEvents,0
",",",",n,,0
The,the,s,Comparison,0
more,more,s,Comparison,1
my,my,s,FirstPer,0
spirits,spirits,s,SubjectivePercept,0
melt,melt,c,Motions,0
",",",",s,,0
and,and,s,,0
gentle,gentle,s,Positivity,0
grow,grow,c,ReportingEvents,0
.,.,n,,0
I,i,s,SelfDisclosure,0
am,am,s,SelfDisclosure,1
almost,almost,s,SubjectivePercept,0
in,in,s,Positivity,0
Love,love,c,Positivity,1
.,.,nn,,0
Almost,almost,c,SubjectivePercept,0
!,!,s,,0
That,that,s,,0
word,word,s,LangRef,0
my,my,s,FirstPer,0
panting,panting,s,Motions,0
breast,breast,s,PersonProperty,0
does,does,s,ReportingEvents,0
pierce,pierce,c,Motions,0
",",",",n,,0
And,and,s,,0
shows,shows,s,ReportingEvents,0
you,you,s,DirectAddress,0
still,still,s,TimeDuration,0
are,are,s,TimeDuration,1
cruel,cruel,c,Anger,0
",",",",s,,0
fell,fell,s,ReportingEvents,0
and,and,s,,0
fierce,fierce,c,Resistance,0
",",",",n,,0
In,in,s,Substitution,0
lieu,lieu,s,Substitution,1
of,of,s,Substitution,2
solacing,solacing,s,StandardsPos,0
my,my,s,FirstPer,0
love-swoln,love-swoln,s,UNRECOGNIZED,0
mind,mind,c,SubjectivePercept,0
",",",",n,,0
It,it,s,SceneShift,0
leaves,leaves,s,SceneShift,1
a,a,s,SceneShift,2
double,double,s,,0
agony,agony,s,Negativity,0
behind,behind,c,,0
",",",",n,,0
Ohime,ohime,c,UNRECOGNIZED,0
",",",",s,,0
what,what,s,,0
Lions,lions,c,SenseObject,0
",",",",s,,0
Monsters,monsters,s,Negativity,0
thus,thus,s,ReasonForward,0
oppose,oppose,n,Resistance,0
My,my,s,FirstPer,0
virtuous,virtuous,s,StandardsPos,0
Love,love,c,Positivity,0
",",",",s,,0
and,and,s,,0
make,make,s,SubjectivePercept,0
themselves,themselves,s,SubjectivePercept,1
my,my,s,FirstPer,0
foes,foes,c,Negative_Relation,0
?,?,nn,Question,0
I,i,s,FirstPer,0
know,know,s,Uncertainty,0
not,not,s,Uncertainty,1
where,where,s,Question,0
to,to,s,Question,1
turn,turn,c,Question,2
",",",",s,,0
my,my,s,FirstPer,0
spirits,spirits,s,SubjectivePercept,0
are,are,n,ReportingStates,0
in,in,s,Specifiers,0
such,such,s,Specifiers,1
a,a,s,Specifiers,2
strange,strange,s,SubjectivePercept,0
confusion,confusion,c,Negativity,0
",",",",s,Resistance,0
yet,yet,s,Resistance,1
I,i,s,SelfDisclosure,0
dare,dare,n,SelfDisclosure,1
Not,not,s,SelfDisclosure,2
say,say,s,SelfDisclosure,3
I,i,s,FirstPer,0
love,love,s,Positivity,0
as,as,s,SubjectiveTime,0
yet,yet,c,SubjectiveTime,1
;,;,s,,0
my,my,s,FirstPer,0
hot,hot,s,SenseProperty,0
desire,desire,n,Positivity,0
I,i,s,FirstPer,0
will,will,s,PredictedFuture,0
suppress,suppress,s,Resistance,0
and,and,s,,0
quench,quench,s,ReportingEvents,0
this,this,s,,0
raging,raging,s,SenseProperty,0
fire,fire,c,SenseProperty,1
.,.,n,,0
The,the,s,SenseObject,0
tongue,tongue,s,SenseObject,1
shall,shall,s,ProjectAhead,0
give,give,s,,0
my,my,s,SelfDisclosure,0
heart,heart,s,SelfDisclosure,1
the,the,s,,0
ly,ly,c,OralCues,0
;,;,n,,0
I,i,s,FirstPer,0
Will,will,s,PredictedFuture,0
make,make,s,ReportingEvents,0
no,no,s,DenyDisclaim,0
haste,haste,c,Negativity,0
",",",",n,Concessive,0
Though,though,s,Concessive,1
I,i,s,Insist,0
must,must,s,Insist,1
yield,yield,s,ReportingEvents,0
at,at,s,SubjectiveTime,0
last,last,c,SubjectiveTime,1
",",",",n,,0
There,there,s,DenyDisclaim,0
is,is,s,DenyDisclaim,1
no,no,s,DenyDisclaim,2
remedy,remedy,c,Positivity,0
.,.,nn,,0
Dear,dear,s,Positivity,0
Thetis,thetis,c,UNRECOGNIZED,0
",",",",s,,0
cast,cast,s,ReportingEvents,0
on,on,s,ReportingEvents,1
him,him,s,PersonPronoun,0
a,a,s,,0
pitying,pitying,s,Sad,0
eye,eye,c,SenseObject,0
",",",",n,,0
Whose,whose,s,PersonPronoun,0
breast,breast,s,PersonProperty,0
for,for,s,,0
thee,thee,s,DirectAddress,0
with,with,s,,0
candent,candent,s,SenseProperty,0
coals,coals,s,SenseObject,0
does,does,s,ReportingEvents,0
fry,fry,c,Motions,0
.,.,nn,,0
Distracted,distracted,s,Negativity,0
soul,soul,c,Disclosure,0
",",",",s,,0
it,it,s,,0
is,is,s,Negativity,0
too,too,s,Negativity,1
too,too,s,,0
true,true,c,Concessive,0
",",",",n,Concessive,1
I,i,s,Insist,0
must,must,s,Insist,1
bid,bid,s,ReportingEvents,0
now,now,s,Immediacy,0
Virginity,virginity,s,PersonProperty,0
adieu,adieu,c,SceneShift,0
.,.,n,Resistance,0
But,but,s,Resistance,1
sure,sure,s,Confidence,0
my,my,s,FirstPer,0
lips,lips,s,SenseObject,0
and,and,s,,0
faltring,faltring,s,UNRECOGNIZED,0
tongue,tongue,s,SenseObject,0
does,does,s,ReportingEvents,0
err,err,c,StandardsNeg,0
",",",",n,,0
Oh,oh,s,OralCues,0
did,did,s,ReportingEvents,0
my,my,s,SelfDisclosure,0
heart,heart,s,SelfDisclosure,1
do,do,s,Intensity,0
so,so,c,Intensity,1
;,;,s,,0
I,i,s,Insist,0
must,must,s,Insist,1
prefer,prefer,n,PrivateThinking,0
The,the,s,SenseObject,0
heart,heart,s,SenseObject,1
before,before,s,Sequence,0
the,the,s,SenseObject,0
tongue,tongue,c,SenseObject,1
",",",",s,,0
because,because,s,ReasonBackward,0
the,the,s,ReasonBackward,1
last,last,c,Sequence,0
*,*,n,,0
Less,less,s,Comparison,0
noble,noble,s,StandardsPos,0
is,is,c,ReportingStates,0
;,;,s,,0
in,in,s,,0
the,the,s,SenseObject,0
Heart,heart,s,SenseObject,1
Dame,dame,s,SenseObject,0
Nature,nature,s,AbstractConcepts,0
placed,placed,n,Narrative_Verbs,0
The,the,s,Narrative_Verbs,1
pure,pure,s,StandardsPos,0
arterial,arterial,s,SpaceRelation,0
and,and,s,,0
illustrious,illustrious,s,StandardsPos,0
blood,blood,c,SenseObject,0
;,;,n,,0
I,i,s,Fear,0
fear,fear,s,Fear,1
that,that,s,Fear,2
I,i,s,SelfDisclosure,0
am,am,s,SelfDisclosure,1
too,too,s,SelfDisclosure,2
well,well,s,StandardsPos,0
understood,understood,c,StandardsPos,1
.,.,n,,0
By,by,s,,0
Peleus,peleus,c,UNRECOGNIZED,0
.,.,n,,0
Ohime,ohime,c,UNRECOGNIZED,0
",",",",s,,0
by,by,s,,0
soft,soft,s,SenseProperty,0
degrees,degrees,s,AbstractConcepts,0
I,i,s,SelfDisclosure,0
find,find,n,SelfDisclosure,1
That,that,s,SelfDisclosure,2
cunning,cunning,s,Negativity,0
little,little,s,SenseProperty,0
God,god,c,CommonAuthorities,0
",",",",s,Concessive,0
though,though,s,Concessive,1
blind,blind,c,Negativity,0
",",",",n,,0
Does,does,s,Intensity,0
make,make,s,Intensity,1
his,his,s,SceneShift,0
way,way,s,SceneShift,1
into,into,s,SceneShift,2
my,my,s,FirstPer,0
breast,breast,c,PersonProperty,0
",",",",n,,0
Maugre,maugre,s,Resistance,0
my,my,s,FirstPer,0
self,self,c,SubjectivePercept,0
",",",",s,,0
I,i,s,Insist,0
must,must,s,Insist,1
make,make,s,Cause,0
him,him,s,Cause,1
my,my,s,FirstPer,0
guest,guest,c,PersonProperty,0
.,.,n,Resistance,0
Yet,yet,s,Resistance,1
I,i,s,Insist,0
must,must,s,Insist,1
try,try,s,ProjectAhead,0
once,once,s,RecurringEvents,0
more,more,s,RecurringEvents,1
this,this,s,,0
Boy,boy,s,PersonProperty,0
to,to,s,,0
mock,mock,c,Negativity,0
",",",",n,,0
And,and,s,,0
turn,turn,s,,0
my,my,s,FirstPer,0
self,self,s,SubjectivePercept,0
into,into,s,Transformation,0
a,a,s,Transformation,1
senseless,senseless,s,Negativity,0
Rock,rock,c,SenseObject,0
:,:,nn,,0
Have,have,s,Question,0
I,i,s,Question,1
again,again,s,RecurringEvents,0
lost,lost,s,Negativity,0
Thetis,thetis,c,UNRECOGNIZED,0
?,?,n,Question,0
Must,must,s,Insist,0
I,i,s,FirstPer,0
to,to,s,,0
stones,stones,s,SenseObject,0
and,and,s,,0
rocks,rocks,s,SenseObject,0
make,make,s,ReportingEvents,0
now,now,s,Immediacy,0
my,my,s,FirstPer,0
moan,moan,c,SenseProperty,0
?,?,n,Question,0
O,o,s,LangRef,0
precious,precious,s,StandardsPos,0
cristal,cristal,s,UNRECOGNIZED,0
Rock,rock,c,SenseObject,0
",",",",s,,0
thou,thou,s,DirectAddress,0
now,now,s,Immediacy,0
do,do,s,Intensity,0
hold,hold,n,,0
A,a,s,SenseObject,0
gem,gem,s,SenseObject,1
more,more,s,Comparison,0
rich,rich,s,Positivity,0
then,then,s,,0
Diamond,diamond,s,SenseObject,0
or,or,s,,0
Gold,gold,c,SenseObject,0
;,;,n,,0
I,i,s,Fear,0
fear,fear,s,Fear,1
that,that,s,Fear,2
at,at,s,SpaceRelation,0
the,the,s,SpaceRelation,1
foot,foot,s,SpaceRelation,2
of,of,s,SpaceRelation,3
this,this,s,,0
hard,hard,s,SenseObject,0
Rock,rock,n,SenseObject,1
My,my,s,FirstPer,0
Hope,hope,s,Positivity,0
will,will,s,PredictedFuture,0
shipwreck,shipwreck,s,Negativity,0
by,by,s,,0
a,a,s,,0
fatal,fatal,s,Negativity,0
shock,shock,c,Negativity,0
.,.,n,Resistance,0
But,but,s,Resistance,1
for,for,s,,0
strong,strong,s,SenseProperty,0
water,water,s,SenseProperty,1
made,made,s,Specifiers,0
of,of,s,Specifiers,1
Mercury,mercury,c,SenseObject,0
",",",",n,,0
I,i,s,Metadiscourse,0
Will,will,s,Metadiscourse,1
try,try,s,Metadiscourse,2
with,with,s,Sad,0
tears,tears,s,Sad,1
this,this,s,,0
Rock,rock,s,SenseObject,0
to,to,s,,0
mollify,mollify,c,Positivity,0
.,.,n,,0
My,my,s,FirstPer,0
heat,heat,s,SenseObject,0
is,is,s,Intensity,0
such,such,c,Intensity,1
",",",",s,,0
',',c,,0
twill,twill,s,SenseObject,0
me,me,s,FirstPer,0
to,to,s,,0
ashes,ashes,s,SenseObject,0
turn,turn,c,,0
",",",",n,,0
Then,then,s,,0
will,will,s,PredictedFuture,0
I,i,s,FirstPer,0
make,make,s,ReportingEvents,0
this,this,s,,0
precious,precious,s,StandardsPos,0
Rock,rock,s,SenseObject,0
my,my,s,FirstPer,0
Urne,urne,c,UNRECOGNIZED,0
.,.,nn,,0
Love,love,c,Positivity,0
",",",",s,,0
Lo,lo,c,DirectAddress,0
",",",",s,,0
I,i,s,FirstPer,0
yield,yield,c,ReportingEvents,0
",",",",s,,0
I,i,s,Contingency,0
can,can,s,Contingency,1
no,no,s,DenyDisclaim,0
more,more,s,DenyDisclaim,1
resist,resist,n,Resistance,0
Thy,thy,s,DirectAddress,0
all,all,s,,0
subduing,subduing,s,,0
power,power,c,AbstractConcepts,0
",",",",s,,0
or,or,s,,0
persist,persist,n,Insist,0
In,in,s,Insist,1
my,my,s,Autobio,0
first,first,s,Autobio,1
purposes,purposes,c,ProjectAhead,0
",",",",s,,0
thy,thy,s,DirectAddress,0
dart,dart,n,Motions,0
Has,has,s,,0
split,split,s,SenseProperty,0
in,in,s,SenseProperty,1
two,two,s,SenseProperty,2
my,my,s,FirstPer,0
tender,tender,s,Positivity,0
heart,heart,c,Positivity,1
.,.,n,Question,0
Who,who,s,Question,1
have,have,s,,0
no,no,s,DenyDisclaim,0
hearts,hearts,s,SenseObject,0
at,at,s,Intensity,0
all,all,s,Intensity,1
are,are,s,ReportingStates,0
only,only,s,SubjectivePercept,0
fit,fit,n,ProjectAhead,0
To,to,s,ProjectAhead,1
cope,cope,s,Negativity,0
with,with,s,Negativity,1
thee,thee,c,DirectAddress,0
",",",",s,,0
and,and,s,,0
fence,fence,s,SenseObject,0
away,away,s,,0
thy,thy,s,DirectAddress,0
hit,hit,c,ReportingStates,0
.,.,n,ReportingStates,1
Lo,lo,s,DirectAddress,0
Peleus,peleus,s,UNRECOGNIZED,0
I,i,s,SelfDisclosure,0
am,am,s,SelfDisclosure,1
thine,thine,c,UNRECOGNIZED,0
.,.,nn,Imperative,0
Hold,hold,s,Imperative,1
heart,heart,c,SenseObject,0
",",",",s,,0
do,do,s,DenyDisclaim,0
not,not,s,DenyDisclaim,1
too,too,s,,0
wide,wide,s,SenseProperty,0
thy,thy,s,DirectAddress,0
self,self,s,SubjectivePercept,0
dilate,dilate,c,SenseProperty,0
",",",",n,,0
Lest,lest,s,Negativity,0
by,by,s,,0
excess,excess,s,Negativity,0
of,of,s,Negativity,1
joy,joy,s,Positivity,0
I,i,s,FirstPer,0
draw,draw,s,Motions,0
my,my,s,FirstPer,0
fate,fate,n,SubjectivePercept,0
Too,too,s,Negativity,0
soon,soon,s,Negativity,1
upon,upon,s,Immediacy,0
me,me,c,Immediacy,1
",",",",s,ReasonForward,0
and,and,s,ReasonForward,1
so,so,s,ReasonForward,2
dye,dye,n,SenseObject,0
Ere,ere,s,ProjectBack,0
I,i,s,FirstPer,0
make,make,s,ReportingEvents,0
use,use,s,ReportingEvents,1
of,of,s,ReportingEvents,2
Victory,victory,c,Positivity,0
.,.,n,DirectAddress,0
And,and,s,DirectAddress,1
you,you,s,DirectAddress,0
my,my,s,FirstPer,0
faithful,faithful,s,StandardsPos,0
followers,followers,s,PersonProperty,0
rejoice,rejoice,c,Positivity,0
",",",",n,,0
And,and,s,,0
cleave,cleave,s,SpaceRelation,0
the,the,s,SpaceRelation,0
air,air,s,SpaceRelation,1
with,with,s,DirectAddress,0
your,your,s,DirectAddress,1
triumphing,triumphing,s,Positivity,0
voice,voice,c,,0
:,:,n,,0
You,you,s,DirectAddress,0
have,have,s,DirectAddress,1
been,been,s,ProjectBack,0
sharers,sharers,s,Inclusive,0
of,of,s,Inclusive,1
my,my,s,FirstPer,0
misery,misery,c,StandardsNeg,0
",",",",n,,0
Now,now,s,Immediacy,0
you,you,s,Insist,0
shall,shall,s,Insist,1
share,share,s,AbstractConcepts,0
of,of,s,AbstractConcepts,1
my,my,s,FirstPer,0
prosperity,prosperity,c,StandardsPos,0
.,.,nn,,0
Now,now,s,Immediacy,0
our,our,s,Positivity,0
Desires,desires,n,Positivity,1
Do,do,s,Intensity,0
flame,flame,s,SenseObject,0
with,with,s,AbstractConcepts,0
equal,equal,s,AbstractConcepts,1
fires,fires,c,SenseObject,0
.,.,n,DirectAddress,0
And,and,s,DirectAddress,1
there,there,s,,0
does,does,s,DenyDisclaim,0
nothing,nothing,s,DenyDisclaim,1
want,want,s,ProjectAhead,0
but,but,s,Resistance,0
constancy,constancy,c,StandardsPos,0
",",",",n,ReasonForward,0
For,for,s,ReasonForward,1
to,to,s,,0
complete,complete,s,Sequence,0
both,both,s,,0
our,our,s,Inclusive,0
Felicity,felicity,c,Positivity,0
.,.,nn,,0
Thetis,thetis,c,UNRECOGNIZED,0
",",",",s,,0
Thou,thou,s,DirectAddress,0
art,art,s,AbstractConcepts,0
my,my,s,FirstPer,0
chiefest,chiefest,s,UNRECOGNIZED,0
good,good,c,,0
.,.,nn,DirectAddress,0
And,and,s,DirectAddress,1
you,you,s,DirectAddress,0
my,my,s,SelfDisclosure,0
heart,heart,s,SelfDisclosure,1
and,and,s,,0
precious,precious,s,StandardsPos,0
blood,blood,c,SenseObject,0
.,.,nn,Imperative,0
Behold,behold,s,Imperative,1
the,the,s,Imperative,2
Gods,gods,s,CommonAuthorities,0
are,are,s,ReportingStates,0
come,come,s,Transformation,0
to,to,s,Transformation,1
be,be,s,Transformation,2
our,our,s,Inclusive,0
Guests,guests,c,PersonProperty,0
",",",",n,,0
And,and,s,,0
learn,learn,s,,0
of,of,s,Inclusive,0
us,us,s,Inclusive,1
what,what,s,Curiosity,0
it,it,s,Curiosity,1
is,is,s,Curiosity,2
to,to,s,Curiosity,3
be,be,s,Curiosity,4
blessed,blessed,c,StandardsPos,0
.,.,nn,,0
Peleus,peleus,c,UNRECOGNIZED,0
",",",",s,,0
We,we,s,,0
now,now,s,Updates,0
are,are,s,Updates,1
both,both,s,,0
from,from,s,,0
tortures,tortures,s,Negativity,0
free,free,c,AbstractConcepts,0
;,;,n,,0
You,you,s,DirectAddress,0
Hymen,hymen,s,SenseObject,0
helped,helped,c,StandardsPos,0
",",",",s,,0
and,and,s,,0
Hercules,hercules,s,AbstractConcepts,0
helped,helped,s,StandardsPos,0
me,me,c,FirstPer,0
.,.,n,DirectAddress,0
And,and,s,DirectAddress,1
to,to,s,,0
oblige,oblige,s,Responsibility,0
us,us,s,Inclusive,0
further,further,c,Metadiscourse,0
",",",",s,Metadiscourse,1
they,they,s,ReportingStates,0
are,are,s,ReportingStates,1
here,here,n,SpaceRelation,0
To,to,s,SpaceRelation,1
mingle,mingle,s,SpaceRelation,0
joy,joy,s,Positivity,0
with,with,s,Inclusive,0
us,us,c,Inclusive,1
",",",",s,,0
and,and,s,,0
make,make,s,StandardsPos,0
good,good,s,StandardsPos,1
cheer,cheer,c,Positivity,0
.,.,nn,,0
To,to,s,,0
them,them,s,,0
who,who,s,,0
languish,languish,n,Negativity,0
In,in,s,Negativity,0
pain,pain,s,Negativity,1
and,and,s,,0
anguish,anguish,c,Negativity,0
",",",",n,,0
Love,love,s,Positivity,0
gives,gives,s,,0
at,at,s,SubjectiveTime,0
last,last,n,SubjectiveTime,1
A,a,s,,0
sweet,sweet,s,SenseProperty,0
repast,repast,c,SenseObject,0
.,.,nn,,0
Just,just,s,Intensity,0
heaven,heaven,s,Positivity,0
never,never,s,DenyDisclaim,0
fails,fails,c,StandardsNeg,0
",",",",s,,0
and,and,s,,0
Powers,powers,s,AbstractConcepts,0
above,above,n,SpaceRelation,0
To,to,s,,0
recompense,recompense,s,RecurringEvents,0
a,a,s,,0
virtuous,virtuous,s,StandardsPos,0
constant,constant,s,RecurringEvents,0
Love,love,c,Positivity,0
;,;,n,,0
Grief,grief,c,Sad,0
",",",",s,,0
cares,cares,c,SubjectivePercept,0
",",",",s,,0
and,and,s,,0
pain,pain,n,Negativity,0
Turn,turn,s,,0
all,all,s,,0
at,at,s,SubjectiveTime,0
last,last,s,SubjectiveTime,1
to,to,s,,0
gain,gain,c,,0
.,.,n,,0
By,by,s,,0
this,this,s,,0
we,we,s,Metadiscourse,0
find,find,s,Metadiscourse,1
adversity,adversity,s,Resistance,0
to,to,s,GenericEvents,0
be,be,n,GenericEvents,1
The,the,s,,0
surest,surest,s,Confidence,0
road,road,s,SenseObject,0
to,to,s,,0
true,true,s,StandardsPos,0
Felicity,felicity,c,Positivity,0
.,.,nnn,,0
