WEre,were,s,Contingency,0
it,it,s,Contingency,1
possible,possible,s,Contingency,0
for,for,s,,0
a,a,s,PersonProperty,0
Man,man,c,PersonProperty,1
",",",",s,,0
in,in,s,,0
the,the,s,SenseObject,0
Compass,compass,s,SenseObject,1
of,of,s,TimeDuration,0
a,a,s,TimeDuration,1
Day,day,c,TimeDuration,2
",",",",s,,0
to,to,s,,0
behold,behold,s,SpaceRelation,0
(,(,c,Aside,0
as,as,s,Aside,1
the,the,s,Aside,2
Sun,sun,n,SenseObject,0
does,does,c,ReportingEvents,0
),),s,,0
All,all,s,Generalization,0
the,the,s,Generalization,1
Cities,cities,s,AbstractConcepts,0
in,in,s,Intensity,0
the,the,s,Intensity,1
World,world,c,Intensity,2
",",",",s,Intensity,3
as,as,s,Resemblances,0
if,if,s,Resemblances,1
he,he,s,PersonPronoun,0
went,went,s,ReportingEvents,0
with,with,s,ReportingEvents,1
Walking,walking,s,SenseObject,0
Beams,beams,s,SenseObject,1
about,about,n,,0
him,him,c,PersonPronoun,0
;,;,s,,0
That,that,s,,0
Man,man,s,PersonProperty,0
should,should,s,Insist,0
never,never,s,Insist,1
see,see,s,SpaceRelation,0
in,in,s,SpaceRelation,1
any,any,s,,0
Part,part,s,Specifiers,0
of,of,s,Specifiers,1
the,the,s,Specifiers,2
year,year,c,TimeDuration,0
",",",",s,,0
Any,any,s,,0
City,city,c,CommonAuthorities,0
",",",",s,ReasonForward,0
so,so,n,ReasonForward,1
Magnificently,magnificently,s,Positivity,0
Adorned,adorned,s,SenseProperty,0
with,with,s,SenseProperty,1
All,all,s,Specifiers,0
Sorts,sorts,s,Specifiers,1
of,of,s,Specifiers,2
Tryumphes,tryumphes,c,UNRECOGNIZED,0
",",",",s,,0
variety,variety,s,AbstractConcepts,0
of,of,s,,0
Music,music,c,SenseProperty,0
",",",",s,,0
of,of,n,,0
Bravery,bravery,c,StandardsPos,0
",",",",s,,0
of,of,s,,0
Bewty,bewty,c,UNRECOGNIZED,0
",",",",s,,0
of,of,s,,0
Feastings,feastings,c,UNRECOGNIZED,0
",",",",s,,0
of,of,s,,0
Civil,civil,s,CommonAuthorities,0
(,(,c,,0
yet,yet,s,Resistance,0
Rich,rich,c,Positivity,0
),),s,,0
Ceremonies,ceremonies,c,CommonAuthorities,0
",",",",s,,0
with,with,s,,0
gallant,gallant,n,StandardsPos,0
Lords,lords,s,PersonProperty,0
and,and,s,PersonProperty,1
Ladies,ladies,c,PersonProperty,2
",",",",s,,0
and,and,s,,0
Thronges,thronges,s,UNRECOGNIZED,0
of,of,s,AbstractConcepts,0
People,people,s,AbstractConcepts,1
as,as,s,,0
London,london,s,,0
is,is,s,ReportingStates,0
enriched,enriched,s,StandardsPos,0
with,with,c,StandardsPos,1
",",",",s,,0
on,on,s,Sequence,0
the,the,n,Sequence,1
first,first,s,Sequence,2
Day,day,c,TimeDuration,0
",",",",s,,0
that,that,s,,0
Her,her,s,PersonPronoun,0
Great,great,s,Intensity,0
Lord,lord,s,CommonAuthorities,0
(,(,c,,0
or,or,s,,0
Lord,lord,s,PersonProperty,0
Mayor,mayor,c,PersonProperty,1
",",",",s,ReasonForward,0
for,for,s,ReasonForward,1
it,it,s,ReasonForward,2
is,is,s,ReasonForward,3
all,all,s,SubjectivePercept,0
one,one,c,SubjectivePercept,1
),),s,,0
Takes,takes,c,ReportingEvents,0
",",",",s,,0
That,that,n,,0
Office,office,s,SenseObject,0
upon,upon,s,Immediacy,0
him,him,nn,Immediacy,1
In,in,s,,0
former,former,s,ProjectBack,0
Ages,ages,c,TimeDuration,0
",",",",s,,0
He,he,s,PersonPronoun,0
was,was,s,ProjectBack,0
not,not,s,DenyDisclaim,0
Encompast,encompast,s,UNRECOGNIZED,0
with,with,s,Specifiers,0
such,such,s,Specifiers,1
Glories,glories,c,StandardsPos,0
",",",",s,,0
No,no,s,DenyDisclaim,0
such,such,s,Intensity,0
Firmaments,firmaments,s,StandardsPos,0
of,of,n,,0
Stars,stars,s,SenseObject,0
were,were,s,Future_in_Past,0
to,to,s,Future_in_Past,1
be,be,s,Future_in_Past,2
seen,seen,s,SpaceRelation,0
in,in,s,,0
Cheape-side,cheape-side,c,UNRECOGNIZED,0
:,:,s,,0
Thames,thames,s,,0
drank,drank,s,ReportingEvents,0
no,no,s,DenyDisclaim,0
such,such,s,Intensity,0
Costly,costly,s,StandardsNeg,0
Healthes,healthes,n,UNRECOGNIZED,0
to,to,s,,0
London,london,c,,0
",",",",s,,0
as,as,s,TimeDuration,0
he,he,s,TimeDuration,1
does,does,s,ReportingEvents,0
Now,now,c,Immediacy,0
.,.,s,Resistance,0
But,but,s,Resistance,1
as,as,s,,0
Troynouant,troynouant,s,UNRECOGNIZED,0
spread,spread,s,,0
in,in,s,,0
Fame,fame,c,StandardsPos,0
",",",",s,ReasonForward,0
so,so,s,ReasonForward,1
our,our,s,Inclusive,0
English,english,n,AbstractConcepts,0
Kings,kings,c,PersonProperty,0
",",",",s,,0
shined,shined,s,Positivity,0
upon,upon,s,Positivity,1
her,her,s,PersonPronoun,0
with,with,s,,0
Favors,favors,nn,Positivity,0
In,in,s,,0
Those,those,s,,0
Homespun,homespun,s,StandardsPos,0
Times,times,c,AbstractConcepts,0
",",",",s,,0
They,they,s,ProjectBack,0
had,had,s,ProjectBack,1
no,no,s,DenyDisclaim,0
Collars,collars,s,SenseObject,0
of,of,s,,0
SS,ss,c,,0
",",",",s,,0
no,no,s,DenyDisclaim,0
Mace,mace,c,SenseObject,0
",",",",s,,0
Sword,sword,c,SenseObject,0
",",",",s,,0
nor,nor,s,DenyDisclaim,0
Cap,cap,n,SenseObject,0
of,of,s,SenseObject,1
Maintenance,maintenance,c,SenseObject,2
",",",",s,,0
These,these,s,Immediacy,0
came,came,s,SceneShift,0
by,by,s,SceneShift,1
Degrees,degrees,c,AbstractConcepts,0
",",",",s,,0
as,as,s,,0
Additamenta,additamenta,s,UNRECOGNIZED,0
Honoris,honoris,c,,0
",",",",s,,0
additions,additions,s,AbstractConcepts,0
or,or,n,,0
Ensigns,ensigns,s,PersonProperty,0
of,of,s,,0
more,more,s,Comparison,0
Honor,honor,c,StandardsPos,0
",",",",s,,0
Conferd,conferd,s,UNRECOGNIZED,0
by,by,s,,0
several,several,s,Specifiers,0
Princes,princes,s,PersonProperty,0
on,on,s,,0
this,this,s,,0
City,city,c,CommonAuthorities,0
:,:,s,,0
For,for,c,,0
",",",",s,,0
in,in,s,TimeDuration,0
the,the,n,TimeDuration,1
time,time,s,TimeDuration,2
of,of,s,TimeDuration,3
Edward,edward,s,UNRECOGNIZED,0
Confessor,confessor,c,PersonProperty,0
",",",",s,,0
the,the,s,,0
chief,chief,s,CommonAuthorities,0
Ruler,ruler,s,PersonProperty,0
of,of,s,PersonProperty,1
the,the,s,,0
City,city,s,CommonAuthorities,0
was,was,s,ProjectBack,0
called,called,s,ReportingEvents,0
Reeue,reeue,c,UNRECOGNIZED,0
",",",",n,,0
Grieve,grieve,c,Sad,0
",",",",s,,0
or,or,s,,0
Portreeue,portreeue,c,UNRECOGNIZED,0
:,:,s,,0
The,the,s,Sequence,0
next,next,s,Sequence,1
to,to,s,PersonPronoun,0
him,him,s,PersonPronoun,1
in,in,s,CommonAuthorities,0
authority,authority,c,CommonAuthorities,1
",",",",s,,0
Provost,provost,nn,CommonAuthorities,0
Then,then,s,,0
in,in,s,,0
the,the,s,Sequence,0
first,first,s,Sequence,1
of,of,s,Sequence,2
Richard,richard,s,,0
1,1,c,Sequence,0
.,.,s,Sequence,1
two,two,s,Numbers,0
Bayliffes,bayliffes,s,UNRECOGNIZED,0
carried,carried,s,Narrative_Verbs,0
the,the,s,Narrative_Verbs,1
sway,sway,c,Motions,0
:,:,s,,0
This,this,s,,0
continued,continued,n,TimeDuration,0
till,till,s,Motions,0
the,the,s,Motions,1
ninth,ninth,s,Sequence,0
of,of,s,Sequence,1
King,king,s,PersonProperty,0
John,john,c,PersonProperty,0
",",",",s,,0
who,who,s,,0
by,by,s,,0
Letters,letters,s,SenseObject,0
Patents,patents,s,Innovations,0
gave,gave,s,Narrative_Verbs,0
the,the,s,Narrative_Verbs,1
Citizens,citizens,s,CommonAuthorities,0
power,power,c,AbstractConcepts,0
",",",",n,,0
yearly,yearly,s,RecurringEvents,0
to,to,s,,0
choose,choose,s,ReportingEvents,0
themselves,themselves,s,PersonPronoun,0
a,a,s,,0
Lord,lord,s,PersonProperty,0
Mayor,mayor,c,PersonProperty,1
",",",",s,,0
and,and,s,,0
two,two,s,Numbers,0
Sheriffs,sheriffs,nn,CommonAuthorities,0
Then,then,c,TimeShift,0
",",",",s,TimeShift,1
King,king,s,PersonProperty,0
Henry,henry,s,PersonProperty,0
3,3,c,Sequence,0
.,.,s,Sequence,1
made,made,s,ReportingEvents,0
the,the,s,,0
first,first,s,Sequence,0
Aldermen,aldermen,s,PersonProperty,0
in,in,s,,0
London,london,s,,0
(,(,c,,0
yet,yet,s,Resistance,0
the,the,s,Specifiers,0
Name,name,s,Specifiers,1
of,of,n,Specifiers,2
Ealdorman,ealdorman,s,PersonProperty,0
was,was,s,ProjectBack,0
known,known,s,CommonAuthorities,0
in,in,s,CommonAuthorities,1
the,the,s,,0
Saxons,saxons,s,UNRECOGNIZED,0
time,time,c,,0
",",",",s,ReasonForward,0
for,for,s,ReasonForward,1
Alwin,alwin,s,UNRECOGNIZED,0
in,in,s,,0
the,the,s,CommonAuthorities,0
reign,reign,s,CommonAuthorities,1
of,of,s,CommonAuthorities,2
Edgar,edgar,c,UNRECOGNIZED,0
",",",",s,,0
was,was,n,ProjectBack,0
Alderman,alderman,s,PersonProperty,0
of,of,s,Specifiers,0
All,all,s,Specifiers,1
England,england,c,,0
",",",",s,,0
that,that,s,Specifiers,0
is,is,s,Specifiers,1
to,to,s,Specifiers,2
say,say,c,Specifiers,3
",",",",s,Specifiers,4
Chief,chief,s,CommonAuthorities,0
Justice,justice,c,CommonAuthorities,1
:,:,c,OralCues,0
),),s,OralCues,1
and,and,s,,0
those,those,s,,0
Aldermen,aldermen,s,PersonProperty,0
of,of,n,,0
London,london,c,,0
",",",",s,,0
had,had,s,ProjectBack,0
Rule,rule,s,AbstractConcepts,0
then,then,s,,0
(,(,c,Aside,0
as,as,s,Aside,1
Now,now,c,Immediacy,0
),),s,,0
over,over,s,SpaceRelation,0
the,the,s,SpaceRelation,1
Wards,wards,s,SpaceRelation,0
of,of,s,SpaceRelation,1
the,the,s,,0
City,city,c,CommonAuthorities,0
",",",",s,Resistance,0
but,but,s,Resistance,1
were,were,s,ProjectBack,0
every,every,n,RecurringEvents,0
year,year,s,RecurringEvents,1
changed,changed,c,ReportingStates,0
",",",",s,ReportingStates,1
as,as,s,,0
the,the,s,,0
Shreiffes,shreiffes,s,UNRECOGNIZED,0
are,are,s,ReportingStates,0
in,in,s,Immediacy,0
these,these,s,Immediacy,1
days,days,nn,Immediacy,2
Then,then,s,,0
Edward,edward,s,UNRECOGNIZED,0
1,1,c,Sequence,0
.,.,s,Sequence,1
ordained,ordained,s,CommonAuthorities,0
that,that,s,,0
the,the,s,,0
Lord,lord,s,PersonProperty,0
Mayor,mayor,c,PersonProperty,1
",",",",s,Future_Question,0
should,should,s,Future_Question,1
in,in,s,,0
the,the,s,SenseObject,0
Kings,kings,s,SenseObject,1
absence,absence,c,Negativity,0
",",",",s,,0
sit,sit,n,SenseProperty,0
in,in,s,Generalization,0
all,all,s,Generalization,1
Places,places,s,Generalization,2
within,within,s,,0
London,london,c,,0
",",",",s,,0
as,as,s,,0
Chief,chief,s,CommonAuthorities,0
Justice,justice,c,CommonAuthorities,1
;,;,s,,0
And,and,s,,0
that,that,s,,0
every,every,s,Generalization,0
Alderman,alderman,s,PersonProperty,0
that,that,n,ProjectBack,0
had,had,s,ProjectBack,1
bin,bin,s,SenseObject,0
Lord,lord,s,PersonProperty,0
Mayor,mayor,c,PersonProperty,1
",",",",s,Future_Question,0
should,should,s,Future_Question,1
be,be,s,ReportingStates,0
a,a,s,ReportingStates,1
Justice,justice,s,StandardsPos,0
of,of,s,,0
Peace,peace,s,StandardsPos,0
for,for,s,,0
London,london,s,,0
and,and,s,,0
Middlesex,middlesex,s,UNRECOGNIZED,0
all,all,n,Disclosure,0
his,his,s,Disclosure,1
life,life,s,Disclosure,2
after,after,nn,Sequence,0
Then,then,c,TimeShift,0
",",",",s,TimeShift,1
in,in,s,,0
the,the,s,CommonAuthorities,0
reign,reign,s,CommonAuthorities,1
of,of,s,CommonAuthorities,2
Henry,henry,s,PersonProperty,0
7,7,c,Sequence,0
.,.,s,Sequence,1
Sr,sr,c,UNRECOGNIZED,0
.,.,s,,0
John,john,s,PersonProperty,0
Shaw,shaw,s,PersonProperty,0
Goldsmith,goldsmith,c,PersonProperty,0
",",",",s,,0
being,being,s,ReportingStates,0
Lord,lord,s,PersonProperty,0
Mayor,mayor,c,PersonProperty,1
",",",",n,,0
caused,caused,s,Cause,0
the,the,s,Cause,1
Aldermen,aldermen,s,PersonProperty,0
to,to,s,,0
ride,ride,s,SceneShift,0
from,from,s,SceneShift,1
the,the,s,,0
Guild,guild,s,SpaceRelation,0
Hall,hall,s,SpaceRelation,1
to,to,s,,0
the,the,s,SenseObject,0
water,water,s,SenseObject,1
side,side,c,,0
",",",",s,,0
when,when,s,TimeShift,0
he,he,s,TimeShift,1
went,went,n,ReportingEvents,0
to,to,s,,0
take,take,s,CommonAuthorities,0
his,his,s,CommonAuthorities,1
Oath,oath,s,CommonAuthorities,2
at,at,s,,0
Westminster,westminster,c,,0
",",",",s,,0
(,(,c,,0
where,where,s,,0
before,before,s,Sequence,0
they,they,s,Sequence,1
Rode,rode,s,ReportingEvents,0
by,by,s,SpaceRelation,0
land,land,s,SpaceRelation,1
thither,thither,c,SpaceRelation,0
",",",",c,,0
),),s,,0
and,and,n,,0
at,at,s,,0
his,his,s,PersonPronoun,0
return,return,s,SceneShift,0
to,to,s,SceneShift,1
ride,ride,s,,0
again,again,s,RecurringEvents,0
to,to,s,,0
the,the,s,,0
Guild,guild,s,SpaceRelation,0
Hall,hall,c,SpaceRelation,1
",",",",s,,0
there,there,s,SpaceRelation,0
to,to,s,SpaceRelation,1
dine,dine,c,SpaceRelation,0
",",",",s,Generalization,0
all,all,s,Generalization,1
the,the,n,SenseObject,0
Kitchens,kitchens,c,SenseObject,1
",",",",s,,0
and,and,s,,0
other,other,s,Specifiers,0
Offices,offices,s,SenseObject,0
there,there,c,SpaceRelation,0
",",",",s,SpaceRelation,1
Being,being,s,ReportingStates,0
built,built,s,ReportingEvents,0
by,by,s,,0
Him,him,c,PersonPronoun,0
:,:,s,,0
since,since,s,TimeDuration,0
which,which,s,TimeDuration,1
time,time,c,,0
",",",",s,,0
the,the,n,Positivity,0
Feast,feast,s,Positivity,1
has,has,s,,0
there,there,s,,0
bin,bin,s,SenseObject,0
kept,kept,c,TimeDuration,0
:,:,s,,0
for,for,s,,0
before,before,c,Sequence,0
",",",",s,,0
it,it,s,ProjectBack,0
was,was,s,ProjectBack,1
either,either,s,Metadiscourse,0
at,at,s,,0
Grocers,grocers,s,PersonProperty,0
Hall,hall,c,SenseObject,0
",",",",s,,0
or,or,s,,0
the,the,n,,0
Merchantaylors,merchantaylors,nn,UNRECOGNIZED,0
Thus,thus,s,ReasonForward,0
small,small,s,SenseProperty,0
Roots,roots,s,AbstractConcepts,0
grow,grow,s,SpaceRelation,0
in,in,s,SpaceRelation,1
time,time,s,SubjectiveTime,0
to,to,s,SubjectiveTime,1
Caedars,caedars,c,UNRECOGNIZED,0
",",",",s,,0
shallow,shallow,s,SenseProperty,0
streams,streams,c,SenseObject,0
",",",",s,,0
to,to,s,,0
rivers,rivers,c,SenseObject,0
",",",",s,,0
and,and,s,,0
a,a,n,SenseObject,0
Hand,hand,s,SenseObject,1
of,of,s,SenseObject,2
Government,government,s,CommonAuthorities,0
to,to,s,GenericEvents,0
be,be,s,GenericEvents,1
the,the,s,,0
strongest,strongest,s,Comparison,0
Arm,arm,s,SenseObject,0
in,in,s,,0
a,a,s,,0
Kingdom,kingdom,c,CommonAuthorities,0
.,.,s,,0
Thus,thus,s,ReasonForward,0
you,you,s,DirectAddress,0
see,see,s,DirectAddress,1
London,london,n,,0
in,in,s,Specifiers,0
her,her,s,Specifiers,1
mean,mean,s,,0
attire,attire,c,SenseObject,0
",",",",s,,0
then,then,s,,0
in,in,s,,0
Robes,robes,s,SenseObject,0
Maiestical,maiestical,c,UNRECOGNIZED,0
;,;,s,,0
and,and,s,,0
sitting,sitting,s,SenseProperty,0
in,in,s,Specifiers,0
that,that,s,Specifiers,1
Pomp,pomp,c,SenseProperty,0
",",",",s,,0
cast,cast,n,DirectAddress,0
your,your,s,DirectAddress,1
Eye,eye,c,DirectAddress,2
",",",",s,,0
upon,upon,s,,0
those,those,s,,0
alluring,alluring,s,Positivity,0
Objects,objects,c,AbstractConcepts,0
",",",",s,Aside,0
which,which,s,Aside,1
she,she,s,Aside,2
her,her,s,SubjectivePercept,0
self,self,s,SubjectivePercept,1
Beholds,beholds,s,SpaceRelation,0
with,with,n,,0
Admiration,admiration,nn,StandardsPos,0
The,the,s,,0
first,first,s,Sequence,0
Scaene,scaene,s,UNRECOGNIZED,0
is,is,s,ReportingStates,0
a,a,s,ReportingStates,1
Water-worke,water-worke,c,UNRECOGNIZED,0
",",",",s,,0
presented,presented,s,ReportingEvents,0
by,by,s,,0
Oceanus,oceanus,c,UNRECOGNIZED,0
",",",",s,,0
King,king,s,PersonProperty,0
of,of,s,,0
the,the,s,,0
Sea,sea,s,SenseObject,0
(,(,c,,0
from,from,n,,0
whose,whose,s,Specifiers,0
Name,name,s,Specifiers,1
the,the,s,,0
Universal,universal,s,Generalization,0
Maine,maine,s,UNRECOGNIZED,0
Sea,sea,s,SenseObject,0
is,is,s,ReportingStates,0
called,called,s,Narrative_Verbs,0
the,the,s,Narrative_Verbs,1
Ocean,ocean,c,SenseObject,0
),),s,,0
He,he,c,PersonPronoun,0
",",",",s,,0
to,to,s,Positivity,0
celebrate,celebrate,s,Positivity,1
the,the,n,,0
Ceremonies,ceremonies,s,CommonAuthorities,0
and,and,s,,0
Honors,honors,c,StandardsPos,0
",",",",s,,0
due,due,s,ReasonBackward,0
to,to,s,ReasonBackward,1
this,this,s,,0
great,great,s,Intensity,0
Festival,festival,c,Positivity,0
",",",",s,,0
and,and,s,,0
to,to,s,,0
show,show,s,ReportingEvents,0
the,the,s,ReportingEvents,1
world,world,s,ReportingEvents,2
his,his,n,PersonPronoun,0
Marine,marine,s,PersonProperty,0
Chariot,chariot,c,SenseObject,0
",",",",s,,0
sits,sits,s,SpaceRelation,0
Triumphantly,triumphantly,s,Positivity,0
in,in,s,,0
the,the,s,,0
Vast,vast,s,Intensity,0
(,(,c,,0
but,but,s,Resistance,0
Queint,queint,c,UNRECOGNIZED,0
),),s,,0
shell,shell,s,SenseObject,0
of,of,s,,0
a,a,s,SenseObject,0
silver,silver,n,SenseObject,1
Scollup,scollup,c,UNRECOGNIZED,0
",",",",s,,0
Reyning,reyning,s,UNRECOGNIZED,0
in,in,s,,0
the,the,s,SenseObject,0
heads,heads,s,SenseObject,1
of,of,s,,0
two,two,s,Numbers,0
wild,wild,s,Intensity,0
Seahorses,seahorses,c,SenseObject,0
",",",",s,,0
proportioned,proportioned,s,Comparison,0
to,to,s,StandardsPos,0
the,the,s,StandardsPos,1
life,life,c,StandardsPos,2
",",",",n,,0
their,their,s,PersonPronoun,0
maynes,maynes,s,UNRECOGNIZED,0
falling,falling,s,Motions,0
about,about,s,Motions,1
their,their,s,PersonPronoun,0
necks,necks,c,SenseObject,0
",",",",s,,0
shining,shining,s,SenseProperty,0
with,with,s,SenseProperty,1
curles,curles,s,UNRECOGNIZED,0
of,of,s,,0
gold,gold,nn,SenseObject,0
On,on,s,SpaceRelation,0
his,his,s,SpaceRelation,1
head,head,c,SpaceRelation,2
",",",",s,Aside,0
which,which,s,Aside,1
(,(,c,Aside,0
as,as,s,Aside,1
his,his,s,PersonPronoun,0
Beard,beard,c,SenseObject,0
),),s,,0
is,is,s,SenseProperty,0
knotted,knotted,c,SenseProperty,1
",",",",s,,0
long,long,c,SenseProperty,0
",",",",s,,0
carelessly,carelessly,s,Negativity,0
spread,spread,c,ReportingStates,0
",",",",s,ReportingStates,1
and,and,n,,0
white,white,c,SenseProperty,0
",",",",s,,0
is,is,s,ReportingStates,0
placd,placd,c,UNRECOGNIZED,0
",",",",s,,0
a,a,s,,0
Diadem,diadem,c,SenseObject,0
",",",",s,,0
whose,whose,s,PersonPronoun,0
Bottom,bottom,c,SpaceRelation,0
",",",",s,ReportingStates,0
is,is,s,ReportingStates,1
a,a,s,ReportingStates,2
conceited,conceited,s,Negativity,0
Coronet,coronet,s,SenseObject,0
of,of,s,,0
gold,gold,c,SenseObject,0
;,;,s,,0
The,the,n,,0
middle,middle,s,AbstractConcepts,0
over,over,s,,0
that,that,c,,0
",",",",s,ReportingStates,0
is,is,s,ReportingStates,1
a,a,s,ReportingStates,2
Coronet,coronet,s,SenseObject,0
of,of,s,,0
silver,silver,s,SenseObject,0
Scollops,scollops,c,SenseObject,0
",",",",s,,0
and,and,s,,0
on,on,s,SpaceRelation,0
the,the,s,SpaceRelation,1
top,top,s,SpaceRelation,2
a,a,s,Positivity,0
fair,fair,n,Positivity,1
spreading,spreading,s,Transformation,0
branch,branch,s,AbstractConcepts,0
of,of,s,AbstractConcepts,1
Corrall,corrall,c,UNRECOGNIZED,0
",",",",s,,0
interwouen,interwouen,s,UNRECOGNIZED,0
thickly,thickly,s,SenseProperty,0
with,with,s,,0
Pearl,pearl,c,SenseObject,0
.,.,s,,0
In,in,s,Specifiers,0
his,his,s,Specifiers,1
right,right,s,AbstractConcepts,0
hand,hand,c,AbstractConcepts,1
",",",",n,,0
a,a,s,,0
golden,golden,s,SenseProperty,0
Trident,trident,c,SenseObject,0
",",",",s,,0
or,or,s,,0
three,three,s,Numbers,0
forked,forked,s,SenseProperty,0
Scepter,scepter,nn,SenseObject,0
His,his,s,PersonPronoun,0
habit,habit,s,RecurringEvents,0
is,is,s,ReportingStates,0
Antique,antique,c,SenseObject,0
",",",",s,,0
the,the,s,Specifiers,0
stuff,stuff,s,Specifiers,1
watchet,watchet,c,SenseObject,0
",",",",s,,0
and,and,s,,0
silver,silver,c,SenseObject,0
:,:,s,,0
a,a,s,SenseObject,0
mantle,mantle,s,SenseObject,1
crossing,crossing,s,SpaceRelation,0
his,his,n,PersonPronoun,0
body,body,c,SenseObject,0
",",",",s,,0
with,with,s,,0
silver,silver,s,SenseObject,0
waves,waves,c,SenseObject,0
",",",",s,,0
Bases,bases,c,SenseObject,0
",",",",s,,0
and,and,s,,0
Buskins,buskins,s,SenseObject,0
cut,cut,s,ReportingEvents,0
likewise,likewise,s,Specifiers,0
at,at,s,SpaceRelation,0
the,the,s,SpaceRelation,1
top,top,s,SpaceRelation,2
into,into,s,,0
silver,silver,n,SenseObject,0
scollups,scollups,c,UNRECOGNIZED,0
.,.,s,DirectAddress,0
And,and,s,DirectAddress,1
in,in,s,,0
this,this,s,,0
language,language,s,LangRef,0
he,he,s,PersonPronoun,0
congratulates,congratulates,s,Positivity,0
his,his,s,CommonAuthorities,0
Lordship,lordship,nn,CommonAuthorities,1
THus,thus,s,ReasonForward,0
Mounted,mounted,c,ReportingStates,0
",",",",s,ReportingStates,1
hither,hither,s,SpaceRelation,0
comes,comes,s,ReportingEvents,0
the,the,s,SenseObject,0
King,king,s,SenseObject,1
of,of,s,,0
waves,waves,c,SenseObject,0
",",",",n,,0
Whose,whose,s,PersonPronoun,0
voice,voice,s,,0
Charms,charms,s,Positivity,0
roughest,roughest,s,Comparison,0
Billows,billows,s,SenseProperty,0
into,into,s,,0
slaves,slaves,c,PersonProperty,0
",",",",n,,0
Whose,whose,s,PersonPronoun,0
Foot,foot,c,SenseObject,0
",",",",s,,0
treades,treades,s,UNRECOGNIZED,0
down,down,s,,0
their,their,s,PersonPronoun,0
necks,necks,s,Positivity,0
with,with,s,Positivity,1
as,as,s,Comparison,0
much,much,s,Comparison,1
Ease,ease,n,Reassure,0
As,as,s,Resemblances,0
in,in,s,Resemblances,1
my,my,s,FirstPer,0
shelly,shelly,s,SenseProperty,0
Coach,coach,c,PersonProperty,0
",",",",s,,0
I,i,s,FirstPer,0
reyne,reyne,s,UNRECOGNIZED,0
up,up,s,,0
These,these,c,Immediacy,0
.,.,n,,0
Loud,loud,s,SenseProperty,0
Echoes,echoes,s,SpaceRelation,0
called,called,s,ReportingEvents,0
me,me,s,FirstPer,0
from,from,s,SelfDisclosure,0
my,my,s,SelfDisclosure,1
glittering,glittering,s,SenseProperty,0
Throne,throne,n,SenseObject,0
To,to,s,ProjectAhead,0
see,see,s,ProjectAhead,1
the,the,s,CommonAuthorities,0
Noble,noble,s,CommonAuthorities,1
Thamesis,thamesis,c,UNRECOGNIZED,0
;,;,s,,0
--,--,s,,0
A,a,s,PersonProperty,0
Son,son,n,PersonProperty,1
To,to,s,,0
this,this,s,,0
my,my,s,FirstPer,0
Queen,queen,s,PersonProperty,0
and,and,s,,0
Me,me,s,FirstPer,0
((,((,c,UNRECOGNIZED,0
...,...,c,UNRECOGNIZED,0
)),)),s,UNRECOGNIZED,0
whose,whose,s,PersonPronoun,0
Ear,ear,n,SenseObject,0
Never,never,s,DenyDisclaim,0
Ieweld,ieweld,s,UNRECOGNIZED,0
up,up,s,,0
such,such,s,Intensity,0
Music,music,s,SenseProperty,0
as,as,s,,0
sounds,sounds,s,SenseProperty,0
Here,here,c,SpaceRelation,0
.,.,n,,0
For,for,c,,0
",",",",s,,0
our,our,s,Inclusive,0
vnfaddomd,vnfaddomd,s,UNRECOGNIZED,0
World,world,c,AbstractConcepts,0
",",",",s,,0
Roares,roares,s,UNRECOGNIZED,0
out,out,s,SpaceRelation,0
with,with,s,SpaceRelation,1
None,none,n,DenyDisclaim,0
But,but,s,Resistance,0
Horrid,horrid,s,Negativity,0
Sea,sea,s,GenericEvents,0
Fights,fights,c,GenericEvents,1
",",",",s,,0
Nauies,nauies,s,UNRECOGNIZED,0
Overthrown,overthrown,c,Negativity,0
",",",",n,,0
Islands,islands,s,SenseObject,0
halfe-drownd,halfe-drownd,s,UNRECOGNIZED,0
in,in,s,SenseProperty,0
Blood,blood,c,SenseProperty,1
",",",",s,,0
Pirates,pirates,s,PersonProperty,0
pell,pell,s,SubjectiveTime,0
mell,mell,c,SubjectiveTime,1
",",",",n,,0
Turks,turks,s,PersonProperty,0
slavish,slavish,s,Anger,0
tugging,tugging,s,Motions,0
Oars,oars,c,SenseObject,0
",",",",s,,0
The,the,s,,0
Dunkerks,dunkerks,s,UNRECOGNIZED,0
Hell,hell,c,OralCues,0
",",",",n,OralCues,1
The,the,s,,0
Dutchmans,dutchmans,s,UNRECOGNIZED,0
Thunder,thunder,c,SenseObject,0
",",",",s,,0
And,and,s,,0
the,the,s,,0
Spaniards,spaniards,s,PersonProperty,0
Lightning,lightning,c,SenseObject,0
",",",",n,,0
To,to,s,PersonProperty,0
whom,whom,c,PersonProperty,1
",",",",s,,0
the,the,s,,0
Sulphures,sulphures,s,UNRECOGNIZED,0
Breath,breath,s,SenseObject,0
gives,gives,s,,0
Heat,heat,s,SenseObject,0
and,and,s,,0
Heightning,heightning,c,UNRECOGNIZED,0
",",",",n,,0
O,o,c,LangRef,0
!,!,s,,0
These,these,s,ReportingStates,0
are,are,s,ReportingStates,1
the,the,s,,0
Dire,dire,s,Negativity,0
Tunes,tunes,s,SenseProperty,0
my,my,s,FirstPer,0
Consort,consort,s,Negativity,0
sings,sings,c,Motions,0
",",",",n,Resistance,0
But,but,s,Resistance,1
here,here,c,SpaceRelation,0
!,!,s,,0
old,old,s,SenseProperty,0
Them,them,s,,0
out,out,s,,0
shines,shines,s,SenseProperty,0
the,the,s,,0
Beams,beams,s,SenseObject,0
of,of,s,,0
Kings,kings,c,PersonProperty,0
.,.,n,,0
This,this,s,,0
City,city,s,CommonAuthorities,0
Adds,adds,s,ReportingEvents,0
New,new,s,,0
Glories,glories,s,StandardsPos,0
to,to,s,,0
Jove's,jove's,s,UNRECOGNIZED,0
Court,court,c,AbstractConcepts,0
.,.,n,DirectAddress,0
And,and,s,DirectAddress,1
to,to,s,Generalization,0
All,all,s,Generalization,1
you,you,c,DirectAddress,0
",",",",s,Curiosity,0
who,who,s,Curiosity,1
to,to,s,Curiosity,2
this,this,s,,0
Hall,hall,s,SenseObject,0
resort,resort,c,SenseObject,0
",",",",n,,0
This,this,s,,0
(,(,c,,0
...,...,c,UNRECOGNIZED,0
),),s,,0
via,via,s,AbstractConcepts,0
(,(,c,Aside,0
as,as,s,Aside,1
a,a,s,,0
Path,path,c,AbstractConcepts,0
),),s,,0
is,is,s,ReportingStates,0
given,given,c,ReportingStates,0
",",",",n,ReportingStates,1
Being,being,s,ReportingStates,0
P^l^d,p^l^d,s,UNRECOGNIZED,0
with,with,s,,0
Pearl,pearl,c,SenseObject,0
",",",",s,,0
as,as,s,Comparison,0
that,that,s,Comparison,1
with,with,s,,0
Stars,stars,s,ReportingEvents,0
in,in,s,ReportingEvents,1
heaven,heaven,n,Positivity,0
I,i,s,Contingency,0
could,could,s,Contingency,1
(,(,c,,0
to,to,s,,0
^,^,c,UNRECOGNIZED,0
w^ll,w^ll,s,UNRECOGNIZED,0
my,my,s,FirstPer,0
train,train,c,SenseObject,0
),),s,,0
Becon,becon,s,UNRECOGNIZED,0
the,the,s,,0
Rhine,rhine,c,,0
.,.,n,,0
(,(,c,,0
But,but,s,Resistance,0
the,the,s,SenseProperty,0
wild,wild,s,SenseProperty,1
Boar,boar,s,SenseObject,0
ha,ha,s,OralCues,0
tusked,tusked,s,SenseProperty,0
up,up,s,,0
his,his,s,PersonPronoun,0
vine,vine,c,SenseObject,0
.,.,c,,0
),),n,,0
I,i,s,Contingency,0
could,could,s,Contingency,1
Swif^,swif^,s,UNRECOGNIZED,0
Volga,volga,s,UNRECOGNIZED,0
Call,call,c,ReportingEvents,0
",",",",s,,0
whose,whose,s,PersonPronoun,0
curld,curld,s,UNRECOGNIZED,0
head,head,s,SenseObject,0
lies,lies,n,SpaceRelation,0
On,on,s,SpaceRelation,1
seven,seven,s,Numbers,0
(,(,c,,0
...,...,c,UNRECOGNIZED,0
),),s,,0
pillowes,pillowes,c,UNRECOGNIZED,0
",",",",s,,0
(,(,c,,0
But,but,c,Resistance,0
",",",",s,Resistance,1
in,in,s,,0
merchandizs,merchandizs,n,UNRECOGNIZED,0
The,the,s,,0
Russian,russian,c,,0
",",",",s,,0
him,him,s,PersonPronoun,0
imployes,imployes,c,UNRECOGNIZED,0
),),c,,0
-,-,c,,0
I,i,s,Contingency,0
could,could,s,Contingency,1
to,to,s,,0
these,these,n,Immediacy,0
Call,call,s,ReportingEvents,0
Ganges,ganges,c,UNRECOGNIZED,0
",",",",s,,0
Nilus,nilus,c,UNRECOGNIZED,0
",",",",s,,0
long,long,s,SenseProperty,0
haird,haird,s,UNRECOGNIZED,0
Euphrates,euphrates,c,UNRECOGNIZED,0
",",",",n,,0
Tagus,tagus,s,UNRECOGNIZED,0
whose,whose,s,PersonPronoun,0
golden,golden,s,SenseProperty,0
Hands,hands,s,SenseObject,0
claspe,claspe,s,UNRECOGNIZED,0
Lisbone,lisbone,s,UNRECOGNIZED,0
walls,walls,c,SenseObject,0
",",",",n,,0
Him,him,s,PersonPronoun,0
could,could,s,Contingency,0
J,j,s,LangRef,0
call,call,s,ReportingEvents,0
too,too,c,Metadiscourse,0
",",",",s,Metadiscourse,1
But,but,s,Resistance,0
what,what,s,Resistance,1
need,need,s,Insist,0
these,these,s,Immediacy,0
calls,calls,c,ReportingEvents,0
?,?,n,Question,0
Were,were,s,Contingency,0
they,they,s,Contingency,1
all,all,s,Generalization,0
here,here,c,Generalization,1
",",",",s,,0
they,they,s,Biographical_Time,0
would,would,s,Biographical_Time,1
weep,weep,s,Sad,0
out,out,s,SpaceRelation,0
there,there,s,SpaceRelation,1
eyes,eyes,c,SenseObject,0
",",",",n,,0
Mad,mad,s,Negativity,0
that,that,s,Negativity,1
new,new,s,,0
Troys,troys,s,AbstractConcepts,0
high,high,s,,0
towers,towers,s,SenseObject,0
on,on,s,SpaceRelation,0
tiptoe,tiptoe,s,SpaceRelation,1
rize,rize,n,UNRECOGNIZED,0
To,to,s,,0
hit,hit,s,ReportingEvents,0
Heavens,heavens,s,Positivity,0
Roof,roof,c,SenseObject,0
:,:,s,,0
Mad,mad,c,Negativity,0
",",",",s,,0
to,to,s,ProjectAhead,0
see,see,s,ProjectAhead,1
Thames,thames,s,,0
this,this,s,Immediacy,0
day,day,n,Immediacy,1
(,(,c,,0
For,for,s,Specifiers,0
all,all,s,Specifiers,1
his,his,s,Specifiers,2
age,age,c,Specifiers,0
),),s,,0
in,in,s,,0
wanton,wanton,s,StandardsNeg,0
windinges,windinges,s,UNRECOGNIZED,0
Play,play,c,ReportingEvents,0
",",",",n,,0
Before,before,s,Sequence,0
his,his,c,PersonPronoun,0
",",",",s,,0
new,new,s,,0
Grave,grave,s,Negativity,0
Praetor,praetor,c,PersonProperty,0
",",",",s,,0
and,and,s,,0
before,before,n,Sequence,0
These,these,s,Immediacy,0
senators,senators,c,CommonAuthorities,0
",",",",s,,0
Best,best,s,Comparison,0
fathers,fathers,s,PersonProperty,0
of,of,s,,0
the,the,s,StandardsNeg,0
poor,poor,c,StandardsNeg,1
.,.,n,,0
That,that,s,,0
Grand,grand,s,Intensity,0
Canale,canale,c,UNRECOGNIZED,0
",",",",s,SpaceRelation,0
where,where,s,SpaceRelation,1
(,(,c,,0
stately,stately,c,StandardsPos,0
),),s,,0
once,once,s,RecurringEvents,0
a,a,s,RecurringEvents,1
year,year,n,RecurringEvents,2
A,a,s,SenseObject,0
Fleet,fleet,s,SenseObject,1
of,of,s,,0
bridal,bridal,s,PersonProperty,0
Gondoletts,gondoletts,s,UNRECOGNIZED,0
appear,appear,c,SubjectivePercept,0
",",",",n,,0
To,to,s,,0
marry,marry,s,Positivity,0
with,with,s,Specifiers,0
a,a,s,Specifiers,1
golden,golden,s,SenseProperty,0
Ring,ring,c,SenseObject,0
",",",",s,,0
(,(,c,,0
That's,that's,s,ReportingStates,0
Hurld,hurld,c,UNRECOGNIZED,0
",",",",n,,0
Into,into,s,Transformation,0
the,the,s,Transformation,1
sea,sea,c,SenseObject,0
),),s,,0
That,that,s,,0
minion,minion,s,PersonProperty,0
of,of,s,,0
the,the,s,,0
world,world,n,AbstractConcepts,0
Venice,venice,s,UNRECOGNIZED,0
to,to,s,,0
Neptune,neptune,c,,0
",",",",c,,0
-,-,c,,0
A,a,s,StandardsNeg,0
poor,poor,s,StandardsNeg,1
Lantscip,lantscip,s,UNRECOGNIZED,0
is,is,c,ReportingStates,0
",",",",n,,0
To,to,s,,0
these,these,s,Immediacy,0
full,full,s,,0
Brauereis,brauereis,s,UNRECOGNIZED,0
of,of,s,,0
Thamesis,thamesis,c,UNRECOGNIZED,0
.,.,n,Imperative,0
Go,go,s,Imperative,1
therefore,therefore,s,ReasonForward,0
up,up,s,,0
to,to,s,,0
Caeasars,caeasars,s,UNRECOGNIZED,0
Court,court,c,AbstractConcepts,0
",",",",c,,0
-,-,c,,0
And,and,s,,0
claim,claim,n,Citations,0
What,what,s,,0
honors,honors,s,StandardsPos,0
there,there,s,ReportingStates,0
are,are,s,ReportingStates,1
left,left,s,SceneShift,0
to,to,s,SceneShift,1
Campe-bels,campe-bels,s,UNRECOGNIZED,0
name,name,n,LangRef,0
As,as,s,AbstractConcepts,0
by,by,s,AbstractConcepts,1
disent,disent,c,UNRECOGNIZED,0
",",",",s,,0
whilst,whilst,s,TimeDuration,0
we,we,s,,0
tow,tow,s,Motions,0
up,up,s,,0
a,a,s,,0
tide,tide,n,SenseObject,0
Which,which,s,,0
shall,shall,s,ProjectAhead,0
run,run,s,ReportingEvents,0
sweating,sweating,s,SenseProperty,0
up,up,s,,0
by,by,s,DirectAddress,0
you,you,s,DirectAddress,1
barges,barges,s,SenseObject,0
side,side,c,,0
:,:,n,,0
That,that,s,,0
done,done,c,ReportingStates,0
",",",",s,ReportingStates,1
Time,time,s,,0
shall,shall,s,ProjectAhead,0
Oceanus,oceanus,s,UNRECOGNIZED,0
Name,name,s,LangRef,0
Inroll,inroll,c,UNRECOGNIZED,0
",",",",n,ReasonForward,0
For,for,s,ReasonForward,1
guarding,guarding,s,Resistance,0
You,you,s,DirectAddress,0
to,to,s,,0
Londons,londons,s,UNRECOGNIZED,0
Capitol,capitol,c,SenseObject,0
.,.,n,,0
The,the,s,,0
Invention,invention,s,StandardsPos,0
is,is,s,ReportingStates,0
a,a,s,ReportingStates,1
Proud,proud,s,StandardsPos,0
swelling,swelling,s,SenseObject,0
Sea,sea,c,SenseObject,0
",",",",s,,0
on,on,s,PersonProperty,0
whose,whose,s,PersonProperty,1
Waves,waves,s,SenseObject,0
is,is,s,ReportingStates,0
borne,borne,s,ReportingEvents,0
up,up,c,,0
",",",",s,,0
a,a,s,,0
sea,sea,s,SenseObject,0
Lion,lion,c,SenseObject,1
",",",",n,,0
as,as,s,,0
a,a,s,StandardsPos,0
proper,proper,s,StandardsPos,1
and,and,s,,0
eminent,eminent,s,StandardsPos,0
Body,body,c,SenseObject,0
",",",",s,,0
to,to,s,,0
Marshall,marshall,s,PersonProperty,0
in,in,s,,0
the,the,s,PersonProperty,0
following,following,s,PersonProperty,1
Triumphs,triumphs,c,Positivity,0
;,;,s,,0
In,in,n,,0
reguard,reguard,s,UNRECOGNIZED,0
it,it,s,,0
is,is,s,ReportingStates,0
one,one,s,Specifiers,0
of,of,s,Specifiers,1
the,the,s,Specifiers,2
supporters,supporters,s,Positivity,0
of,of,s,Positivity,1
the,the,s,SpaceRelation,0
East,east,s,SpaceRelation,1
Indian,indian,s,PersonProperty,0
Company,company,c,AbstractConcepts,0
",",",",s,,0
of,of,s,Specifiers,0
which,which,s,Specifiers,1
his,his,n,CommonAuthorities,0
Lordship,lordship,s,CommonAuthorities,1
is,is,s,Positivity,0
free,free,c,Positivity,1
",",",",s,,0
and,and,s,,0
a,a,s,Intensity,0
great,great,s,Intensity,1
aduenturer,aduenturer,c,UNRECOGNIZED,0
.,.,s,DirectAddress,0
And,and,s,DirectAddress,1
these,these,s,Immediacy,0
Marine,marine,s,PersonProperty,0
creatures,creatures,c,SenseObject,0
",",",",s,ReportingStates,0
are,are,s,ReportingStates,1
the,the,n,ReportingStates,2
more,more,s,Comparison,0
fitly,fitly,s,StandardsPos,0
employed,employed,c,ReportingStates,0
",",",",s,ReportingStates,1
In,in,s,,0
regard,regard,s,PrivateThinking,0
also,also,c,Specifiers,0
",",",",s,Specifiers,1
that,that,s,,0
his,his,s,CommonAuthorities,0
Lordship,lordship,s,CommonAuthorities,1
is,is,s,ReportingStates,0
Mayor,mayor,s,PersonProperty,0
of,of,s,,0
the,the,s,,0
Staple,staple,c,SenseObject,0
",",",",n,,0
Governor,governor,s,PersonProperty,0
of,of,s,,0
the,the,s,,0
French,french,s,AbstractConcepts,0
Company,company,c,AbstractConcepts,0
",",",",s,,0
and,and,s,,0
free,free,s,StandardsPos,0
of,of,s,StandardsPos,1
the,the,s,,0
East-land,east-land,s,UNRECOGNIZED,0
Company,company,nn,AbstractConcepts,0
On,on,s,,0
this,this,s,,0
Lion,lion,s,SenseObject,0
(,(,c,,0
which,which,s,,0
is,is,s,ReportingStates,0
cut,cut,s,SenseProperty,0
out,out,s,SenseProperty,1
of,of,s,SenseProperty,2
w^^d,w^^d,s,UNRECOGNIZED,0
to,to,s,StandardsPos,0
the,the,s,StandardsPos,1
life,life,c,StandardsPos,2
),),s,,0
rides,rides,s,Motions,0
Tethys,tethys,s,UNRECOGNIZED,0
wife,wife,s,PersonProperty,0
to,to,n,,0
Oceanus,oceanus,c,UNRECOGNIZED,0
",",",",s,,0
and,and,s,,0
Queen,queen,s,PersonProperty,0
of,of,s,,0
the,the,s,,0
Sea,sea,c,SenseObject,0
;,;,s,,0
for,for,s,,0
why,why,s,Question,0
should,should,s,Insist,0
the,the,s,SenseObject,0
King,king,s,SenseObject,1
of,of,s,,0
waves,waves,s,SenseObject,0
be,be,s,ReportingStates,0
in,in,s,ReportingStates,1
such,such,s,Specifiers,0
a,a,n,Specifiers,1
glorious,glorious,s,Positivity,0
progress,progress,s,StandardsPos,0
without,without,s,Contingency,0
his,his,s,Contingency,1
Queen,queen,c,PersonProperty,0
",",",",s,,0
or,or,s,,0
she,she,s,PersonPronoun,0
without,without,s,Contingency,0
him,him,c,Contingency,1
?,?,s,Question,0
They,they,s,,0
both,both,s,,0
therefore,therefore,n,ReasonForward,0
twin,twin,s,AbstractConcepts,0
themselves,themselves,s,PersonPronoun,0
together,together,s,Inclusive,0
to,to,s,Inclusive,1
heighten,heighten,s,Transformation,0
these,these,s,Immediacy,0
solemnities,solemnities,nn,CommonAuthorities,0
Her,her,s,PersonPronoun,0
hair,hair,s,SenseObject,0
is,is,s,ReportingStates,0
long,long,c,SenseProperty,0
",",",",s,,0
and,and,s,,0
Disheuelled,disheuelled,c,UNRECOGNIZED,0
",",",",s,,0
on,on,s,SpaceRelation,0
her,her,s,SpaceRelation,1
head,head,c,SpaceRelation,2
",",",",s,,0
an,an,s,ProjectBack,0
antique,antique,s,ProjectBack,1
sea-tyre,sea-tyre,c,UNRECOGNIZED,0
",",",",n,,0
encompast,encompast,s,UNRECOGNIZED,0
with,with,s,Specifiers,0
a,a,s,Specifiers,1
Coronall,coronall,s,UNRECOGNIZED,0
of,of,s,,0
gold,gold,s,SenseObject,0
and,and,s,,0
pearl,pearl,c,SenseObject,0
",",",",s,,0
her,her,s,PersonPronoun,0
garments,garments,s,SenseObject,0
rich,rich,c,Positivity,0
",",",",s,,0
and,and,s,,0
proper,proper,s,StandardsPos,0
to,to,n,StandardsPos,1
her,her,s,PersonPronoun,0
quality,quality,c,,0
",",",",s,,0
with,with,s,Specifiers,0
a,a,s,Specifiers,1
Taffaty,taffaty,s,UNRECOGNIZED,0
mantle,mantle,s,SenseObject,0
fringed,fringed,s,SenseProperty,0
with,with,s,SenseProperty,1
silver,silver,s,SenseObject,0
crossing,crossing,s,SpaceRelation,0
her,her,s,PersonPronoun,0
body,body,c,SenseObject,0
.,.,s,,0
Her,her,n,PersonPronoun,0
right,right,s,AbstractConcepts,0
hand,hand,c,AbstractConcepts,1
",",",",s,,0
supporting,supporting,s,GenericEvents,0
a,a,s,,0
large,large,s,SenseObject,0
streamer,streamer,c,SenseObject,1
",",",",s,,0
in,in,s,Specifiers,0
which,which,s,Specifiers,1
are,are,s,ReportingStates,0
the,the,s,ReportingStates,1
Lord,lord,s,CommonAuthorities,0
Majors,majors,s,AbstractConcepts,0
arms,arms,nn,SenseObject,0
On,on,s,,0
each,each,s,Specifiers,0
side,side,s,SpaceRelation,0
of,of,s,SpaceRelation,1
this,this,s,,0
Lion,lion,c,SenseObject,0
",",",",s,,0
attend,attend,s,SpaceRelation,0
a,a,s,SpaceRelation,1
Mermaid,mermaid,c,SenseObject,0
",",",",s,,0
and,and,s,,0
Merman,merman,c,SenseObject,0
",",",",s,,0
holding,holding,s,,0
two,two,s,Numbers,0
Banners,banners,c,SenseObject,0
",",",",n,,0
with,with,s,Specifiers,0
the,the,s,Specifiers,1
Arms,arms,s,SenseObject,0
of,of,s,,0
the,the,s,,0
two,two,s,Numbers,0
New,new,s,,0
Shrieues,shrieues,c,UNRECOGNIZED,0
",",",",s,,0
several,several,s,Specifiers,0
fishes,fishes,s,SenseObject,0
swimming,swimming,s,Motions,0
as,as,s,Metadiscourse,0
it,it,s,Metadiscourse,1
were,were,n,Metadiscourse,2
about,about,s,,0
the,the,s,SpaceRelation,0
border,border,c,SpaceRelation,1
.,.,s,DirectAddress,0
And,and,s,DirectAddress,1
these,these,s,Immediacy,0
two,two,s,Numbers,0
having,having,s,ReportingEvents,0
dispatched,dispatched,s,ReportingEvents,0
on,on,s,,0
the,the,s,SenseObject,0
water,water,c,SenseObject,1
",",",",s,,0
hasten,hasten,s,ReportingEvents,0
to,to,n,,0
advance,advance,s,ReportingEvents,0
themselves,themselves,s,PersonPronoun,0
on,on,s,SpaceRelation,0
Land,land,nn,SpaceRelation,1
The,the,s,,0
third,third,s,Sequence,0
show,show,s,ReportingEvents,0
is,is,s,ReportingStates,0
an,an,s,ReportingStates,1
Estridge,estridge,c,UNRECOGNIZED,0
",",",",s,,0
cut,cut,s,SenseProperty,0
out,out,s,SenseProperty,1
of,of,s,SenseProperty,2
timber,timber,s,SenseObject,0
to,to,s,StandardsPos,0
the,the,s,StandardsPos,1
life,life,c,StandardsPos,2
",",",",s,,0
biting,biting,s,Motions,0
a,a,n,Motions,1
horse-shoe,horse-shoe,c,UNRECOGNIZED,0
.,.,s,,0
On,on,s,,0
this,this,s,,0
Bird,bird,s,SenseObject,0
rides,rides,s,Motions,0
an,an,s,PersonProperty,0
Indian,indian,s,PersonProperty,1
boy,boy,c,PersonProperty,0
",",",",s,,0
holding,holding,s,ReportingEvents,0
in,in,s,ReportingEvents,1
one,one,s,Numbers,0
hand,hand,s,SenseObject,0
a,a,s,,0
long,long,n,SenseProperty,0
Tobacco,tobacco,s,SenseObject,0
pipe,pipe,c,SenseObject,1
",",",",s,,0
in,in,s,,0
the,the,s,Specifiers,0
other,other,s,Specifiers,1
a,a,s,,0
dart,dart,c,Motions,0
.,.,s,,0
His,his,s,PersonPronoun,0
attire,attire,s,SenseObject,0
is,is,s,ReportingStates,0
proper,proper,s,StandardsPos,0
to,to,s,StandardsPos,1
the,the,s,,0
Country,country,nn,AbstractConcepts,0
At,at,s,SpaceRelation,0
the,the,s,SpaceRelation,1
four,four,s,Numbers,0
angels,angels,s,SenseObject,0
of,of,s,,0
the,the,s,,0
square,square,s,SenseProperty,0
where,where,s,,0
the,the,s,,0
Estridg,estridg,s,UNRECOGNIZED,0
stands,stands,c,,0
",",",",s,,0
are,are,s,ReportingStates,0
placed,placed,s,Narrative_Verbs,0
a,a,n,Narrative_Verbs,1
Turk,turk,c,PersonProperty,0
",",",",s,,0
and,and,s,,0
a,a,s,,0
Persian,persian,c,PersonProperty,0
.,.,s,,0
A,a,s,,0
pikeman,pikeman,s,PersonProperty,0
and,and,s,,0
a,a,s,,0
Musketeere,musketeere,nn,UNRECOGNIZED,0
The,the,s,,0
fourth,fourth,s,Sequence,0
presentation,presentation,s,GenericEvents,0
is,is,s,ReportingStates,0
called,called,s,Narrative_Verbs,0
the,the,s,Narrative_Verbs,1
Lemnian,lemnian,s,SenseProperty,0
Forge,forge,c,ReportingEvents,0
.,.,s,,0
In,in,s,,0
it,it,s,,0
are,are,s,ReportingStates,0
Vulcan,vulcan,c,UNRECOGNIZED,0
",",",",s,,0
the,the,n,,0
Smith,smith,s,PersonProperty,0
of,of,s,,0
Lemnos,lemnos,c,UNRECOGNIZED,0
",",",",s,,0
with,with,s,,0
his,his,s,PersonPronoun,0
servants,servants,s,PersonProperty,0
(,(,c,,0
the,the,s,,0
Cyclopes,cyclopes,c,SenseObject,0
),),s,,0
whose,whose,s,PersonPronoun,0
names,names,s,LangRef,0
are,are,s,ReportingStates,0
Pyracmon,pyracmon,c,UNRECOGNIZED,0
",",",",n,,0
Brontes,brontes,s,UNRECOGNIZED,0
and,and,s,,0
Sceropes,sceropes,c,UNRECOGNIZED,0
",",",",s,,0
working,working,s,GenericEvents,0
at,at,s,GenericEvents,1
the,the,s,GenericEvents,2
Anuile,anuile,s,UNRECOGNIZED,0
Their,their,s,PersonPronoun,0
habit,habit,s,RecurringEvents,0
are,are,s,ReportingStates,0
wast,wast,s,ProjectBack,0
coats,coats,c,SenseObject,0
",",",",s,,0
and,and,n,,0
lether,lether,s,UNRECOGNIZED,0
approns,approns,c,UNRECOGNIZED,0
:,:,s,,0
their,their,s,PersonPronoun,0
hair,hair,s,SenseObject,0
black,black,s,SenseProperty,0
and,and,s,,0
shaggy,shaggy,c,SenseProperty,0
",",",",s,,0
in,in,s,,0
knotted,knotted,s,ReportingEvents,0
curles,curles,nn,UNRECOGNIZED,0
A,a,s,SenseObject,0
fire,fire,s,SenseObject,1
is,is,s,SpaceRelation,0
seen,seen,s,SpaceRelation,1
in,in,s,,0
the,the,s,SenseObject,0
Forge,forge,c,SenseObject,1
",",",",s,,0
Bellows,bellows,s,SenseProperty,0
blowing,blowing,c,SenseProperty,0
",",",",s,,0
some,some,s,Uncertainty,0
filing,filing,c,Motions,0
",",",",s,,0
some,some,s,Uncertainty,0
at,at,s,,0
other,other,n,LangRef,0
works,works,c,LangRef,1
;,;,s,,0
Thunder,thunder,s,SenseProperty,0
and,and,s,SenseProperty,1
Lightning,lightning,s,SenseProperty,2
on,on,s,RecurringEvents,0
occasion,occasion,c,RecurringEvents,1
.,.,s,TimeDuration,0
As,as,s,TimeDuration,1
the,the,s,TimeDuration,2
Smiths,smiths,s,PersonProperty,0
are,are,s,ReportingStates,0
at,at,s,GenericEvents,0
work,work,c,GenericEvents,1
",",",",s,,0
they,they,n,,0
sing,sing,s,Positivity,0
in,in,s,Positivity,1
praise,praise,s,Positivity,2
of,of,s,Positivity,3
Iron,iron,c,SenseObject,0
",",",",s,,0
the,the,s,,0
Anuile,anuile,s,UNRECOGNIZED,0
and,and,s,,0
Hammer,hammer,c,Motions,0
:,:,s,,0
by,by,s,,0
the,the,s,,0
concordant,concordant,s,Positivity,0
strokes,strokes,s,Motions,0
and,and,n,,0
soundes,soundes,s,UNRECOGNIZED,0
of,of,s,Specifiers,0
which,which,c,Specifiers,1
",",",",s,,0
Tuballcayne,tuballcayne,s,UNRECOGNIZED,0
became,became,s,Precedent_Setting,0
the,the,s,Precedent_Setting,1
first,first,s,Precedent_Setting,2
inuentor,inuentor,s,UNRECOGNIZED,0
of,of,s,,0
Music,music,nn,SenseProperty,0
Brave,brave,s,StandardsPos,0
Jron,jron,c,UNRECOGNIZED,0
!,!,s,,0
Brave,brave,s,StandardsPos,0
Hammer,hammer,c,Motions,0
!,!,s,,0
from,from,s,DirectAddress,0
your,your,s,DirectAddress,1
sound,sound,c,SenseProperty,0
",",",",n,,0
The,the,s,StandardsPos,0
Art,art,s,StandardsPos,1
of,of,s,StandardsPos,2
Music,music,s,SenseProperty,0
has,has,s,Cause,0
her,her,s,Cause,1
Ground,ground,c,SenseObject,0
",",",",n,,0
On,on,s,,0
the,the,s,,0
Anuile,anuile,c,UNRECOGNIZED,0
",",",",s,,0
Thou,thou,s,DirectAddress,0
keep'st,keep'st,s,UNRECOGNIZED,0
Time,time,c,,0
",",",",n,,0
Thy,thy,s,DirectAddress,0
Knick-a-knock,knick-a-knock,s,UNRECOGNIZED,0
is,is,s,ReportingStates,0
a,a,s,ReportingStates,1
smithes,smithes,s,UNRECOGNIZED,0
Best,best,s,Comparison,0
Chyme,chyme,c,AbstractConcepts,0
",",",",n,Resistance,0
Yet,yet,s,Resistance,1
Thwick,thwick,s,UNRECOGNIZED,0
a-Thwack,a-thwack,c,UNRECOGNIZED,0
",",",",n,,0
Thwick,thwick,c,UNRECOGNIZED,0
",",",",s,,0
Thwac-a-Thwac-Thwac,thwac-a-thwac-thwac,c,UNRECOGNIZED,0
",",",",n,,0
Make,make,s,Cause,0
our,our,s,Cause,1
Brawny,brawny,s,PersonProperty,0
sinews,sinews,s,SenseObject,0
Crack,crack,c,SenseProperty,0
",",",",n,,0
Then,then,s,,0
Pit,pit,s,SenseObject,0
a-pat-pat,a-pat-pat,c,UNRECOGNIZED,0
",",",",s,,0
pit-a-pat-pat,pit-a-pat-pat,c,UNRECOGNIZED,0
",",",",n,,0
Till,till,s,AbstractConcepts,0
thickest,thickest,s,Comparison,0
bars,bars,s,SenseObject,0
be,be,s,ReportingStates,0
beaten,beaten,s,Negativity,0
flat,flat,c,SenseProperty,0
.,.,n,,0
We,we,s,,0
shoe,shoe,s,SenseObject,0
the,the,s,SenseObject,0
Horses,horses,s,SenseObject,1
of,of,s,,0
the,the,s,SenseObject,0
Sun,sun,c,SenseObject,1
",",",",n,,0
Harness,harness,s,ReportingEvents,0
the,the,s,ReportingEvents,1
Dragons,dragons,s,SubjectivePercept,0
of,of,s,,0
the,the,s,SenseObject,0
Moon,moon,c,SenseObject,1
",",",",n,,0
Forge,forge,s,ReportingEvents,0
Cupids,cupids,s,Positivity,0
Quiver,quiver,c,Motions,0
",",",",s,,0
Bow,bow,c,SenseObject,0
",",",",s,,0
and,and,s,,0
Arrows,arrows,c,SenseObject,0
",",",",n,,0
And,and,s,,0
our,our,s,Inclusive,0
Dames,dames,s,SenseObject,0
Coach,coach,c,PersonProperty,0
",",",",s,,0
that's,that's,s,ReportingStates,0
drawn,drawn,s,SenseProperty,0
with,with,s,SenseProperty,1
Sparrowes,sparrowes,c,UNRECOGNIZED,0
.,.,n,Imperative,0
Till,till,s,Imperative,1
thwick-a-thwack,thwick-a-thwack,c,UNRECOGNIZED,0
",",",",s,,0
etc,etc,c,AbstractConcepts,0
.,.,n,AbstractConcepts,1
Jove's,jove's,s,UNRECOGNIZED,0
Roaring,roaring,s,Motions,0
Cannons,cannons,c,SenseObject,0
",",",",s,,0
and,and,s,,0
his,his,s,PersonPronoun,0
Rammers,rammers,c,SenseObject,0
",",",",n,,0
We,we,s,,0
beat,beat,s,Negativity,0
out,out,s,SpaceRelation,0
with,with,s,SpaceRelation,1
our,our,s,Inclusive,0
Lemnian,lemnian,s,SenseProperty,0
Hammers,hammers,c,Motions,0
",",",",n,,0
Mars,mars,s,Negativity,0
his,his,s,Negativity,1
Gauntlet,gauntlet,c,SenseObject,0
",",",",s,,0
Helm,helm,s,AbstractConcepts,0
and,and,s,,0
Spear,spear,c,SenseObject,0
",",",",n,,0
And,and,s,,0
Gorgon,gorgon,s,SenseObject,0
Shield,shield,s,SenseObject,0
are,are,s,SubjectivePercept,0
all,all,s,SubjectivePercept,1
made,made,s,ReportingEvents,0
here,here,c,SpaceRelation,0
.,.,n,Imperative,0
Till,till,s,Imperative,1
thwick-a-thwack,thwick-a-thwack,c,UNRECOGNIZED,0
",",",",s,,0
etc,etc,c,AbstractConcepts,0
.,.,n,AbstractConcepts,1
The,the,s,,0
Grate,grate,s,SenseObject,0
which,which,s,,0
(,(,c,,0
shut,shut,c,ReportingEvents,0
),),s,,0
the,the,s,TimeDuration,0
Day,day,s,TimeDuration,1
out-barres,out-barres,c,UNRECOGNIZED,0
",",",",n,,0
Those,those,s,,0
golden,golden,s,SenseProperty,0
studdes,studdes,s,UNRECOGNIZED,0
which,which,s,,0
nail,nail,s,ReportingEvents,0
the,the,s,ReportingEvents,1
stars,stars,c,SenseObject,0
",",",",n,,0
The,the,s,,0
Globes-case,globes-case,c,UNRECOGNIZED,0
",",",",s,,0
and,and,s,,0
the,the,s,,0
Axletree,axletree,c,SenseObject,0
",",",",n,,0
Who,who,s,,0
can,can,s,Contingency,0
Hammer,hammer,s,Motions,0
these,these,s,Immediacy,0
but,but,s,Resistance,0
We,we,c,,0
.,.,n,Imperative,0
Till,till,s,Imperative,1
thwick-a-thwack,thwick-a-thwack,c,UNRECOGNIZED,0
",",",",s,,0
etc,etc,c,AbstractConcepts,0
.,.,n,AbstractConcepts,1
A,a,s,,0
Warming-panne,warming-panne,s,UNRECOGNIZED,0
to,to,s,,0
heat,heat,s,SenseObject,0
Earth's,earth's,s,,0
bed,bed,c,SenseObject,0
",",",",n,,0
Lying,lying,s,Negativity,0
ith,ith,s,UNRECOGNIZED,0
frozen,frozen,s,SenseProperty,0
Zone,zone,s,AbstractConcepts,0
halfe-dead,halfe-dead,c,UNRECOGNIZED,0
",",",",n,,0
Hob-nailes,hob-nailes,s,UNRECOGNIZED,0
to,to,s,,0
serve,serve,s,ReportingEvents,0
the,the,s,PersonProperty,0
Man,man,s,PersonProperty,1
ith,ith,s,UNRECOGNIZED,0
Moon,moon,c,SenseObject,0
",",",",n,,0
And,and,s,,0
Sparrow-bils,sparrow-bils,s,UNRECOGNIZED,0
to,to,s,,0
cloute,cloute,s,UNRECOGNIZED,0
Pan's,pan's,s,UNRECOGNIZED,0
shoone,shoone,c,UNRECOGNIZED,0
.,.,n,,0
Whose,whose,s,PersonPronoun,0
work,work,s,GenericEvents,0
but,but,s,Resistance,0
ours,ours,c,Inclusive,0
?,?,s,Question,0
Till,till,s,AbstractConcepts,0
thwic-a-thwack,thwic-a-thwack,c,UNRECOGNIZED,0
",",",",s,,0
etc,etc,c,AbstractConcepts,0
",",",",n,AbstractConcepts,1
Venus,venus,s,UNRECOGNIZED,0
Kettles,kettles,c,SenseObject,0
",",",",s,,0
Pots,pots,s,SenseObject,0
and,and,s,,0
Pens,pens,c,SenseObject,0
",",",",n,,0
We,we,s,,0
make,make,c,ReportingEvents,0
",",",",s,,0
or,or,s,Contingency,0
else,else,s,Contingency,1
she,she,s,PersonPronoun,0
Brawles,brawles,s,UNRECOGNIZED,0
and,and,s,,0
Bannes,bannes,c,UNRECOGNIZED,0
",",",",n,,0
Tongues,tongues,c,SenseObject,0
",",",",s,,0
Shouels,shouels,c,UNRECOGNIZED,0
",",",",s,,0
Andirons,andirons,s,SenseObject,0
have,have,s,,0
their,their,s,PersonPronoun,0
places,places,c,SpaceRelation,0
",",",",n,,0
Else,else,s,Contingency,0
she,she,s,Neutral_Attribution,0
scratches,scratches,s,Neutral_Attribution,1
all,all,s,Inclusive,0
our,our,s,Inclusive,1
faces,faces,c,SenseObject,0
.,.,n,Imperative,0
Till,till,s,Imperative,1
thick,thick,s,SenseProperty,0
a-thwack,a-thwack,c,UNRECOGNIZED,0
",",",",s,,0
etc,etc,c,AbstractConcepts,0
.,.,n,AbstractConcepts,1
Cupid,cupid,s,Positivity,0
sits,sits,s,SpaceRelation,0
in,in,s,,0
one,one,s,Numbers,0
place,place,s,SpaceRelation,0
of,of,s,SpaceRelation,1
this,this,s,,0
Forge,forge,c,ReportingEvents,0
;,;,s,,0
on,on,s,SpaceRelation,0
his,his,s,SpaceRelation,1
head,head,s,SpaceRelation,2
a,a,s,,0
curld,curld,s,UNRECOGNIZED,0
yellow,yellow,s,SenseProperty,0
hair,hair,c,SenseObject,0
",",",",s,,0
his,his,n,PersonPronoun,0
eyes,eyes,s,SenseObject,0
hid,hid,s,SpaceRelation,0
in,in,s,SpaceRelation,1
Lawne,lawne,c,UNRECOGNIZED,0
",",",",s,,0
a,a,s,,0
Bow,bow,s,SenseObject,0
and,and,s,,0
Quiver,quiver,c,Motions,0
",",",",s,,0
his,his,s,PersonPronoun,0
armor,armor,c,SenseObject,0
.,.,s,,0
Wings,wings,s,SenseObject,0
at,at,s,,0
his,his,s,PersonPronoun,0
back,back,c,,0
;,;,s,,0
his,his,s,PersonPronoun,0
body,body,n,SenseObject,0
in,in,s,,0
light,light,s,SenseProperty,0
colors,colors,c,SenseProperty,0
",",",",s,,0
a,a,s,,0
changeable,changeable,s,Specifiers,0
silk,silk,s,SenseObject,0
mantle,mantle,s,SenseObject,0
crossing,crossing,s,SpaceRelation,0
it,it,c,,0
:,:,s,,0
Golden,golden,s,SenseProperty,0
and,and,s,,0
silver,silver,n,SenseObject,0
arrows,arrows,c,SenseObject,0
",",",",s,,0
are,are,s,RecurringEvents,0
ever,ever,s,RecurringEvents,1
and,and,s,,0
anon,anon,s,ProjectAhead,0
reached,reached,s,ReportingEvents,0
up,up,s,,0
to,to,s,PersonPronoun,0
him,him,c,PersonPronoun,1
",",",",s,Aside,0
which,which,s,Aside,1
he,he,s,Aside,2
shootes,shootes,s,UNRECOGNIZED,0
upward,upward,s,SpaceRelation,0
into,into,s,Transformation,0
the,the,n,Transformation,1
air,air,c,ReportingEvents,0
",",",",s,,0
and,and,s,Updates,0
is,is,s,Updates,1
still,still,s,Updates,2
supplied,supplied,s,SpaceRelation,0
with,with,s,SpaceRelation,1
more,more,s,Comparison,0
from,from,s,,0
the,the,s,SenseObject,0
Forge,forge,nn,SenseObject,1
On,on,s,SpaceRelation,0
the,the,s,SpaceRelation,1
top,top,s,SpaceRelation,2
sits,sits,s,SpaceRelation,0
Jove,jove,c,,0
",",",",s,,0
in,in,s,,0
a,a,s,,0
rich,rich,s,Positivity,0
Antique,antique,s,SenseObject,0
habit,habit,c,RecurringEvents,0
",",",",s,,0
a,a,s,,0
long,long,s,SenseObject,0
white,white,s,SenseObject,1
reverend,reverend,s,PersonProperty,0
hair,hair,s,SenseObject,0
on,on,n,SpaceRelation,0
his,his,s,SpaceRelation,1
head,head,c,SpaceRelation,2
",",",",s,,0
a,a,s,,0
beard,beard,s,SenseObject,0
long,long,s,SenseProperty,0
and,and,s,SenseProperty,1
curld,curld,c,UNRECOGNIZED,0
:,:,s,,0
A,a,s,,0
Mace,mace,s,SenseObject,0
of,of,s,,0
Triple,triple,s,Transformation,0
fire,fire,s,SenseObject,0
in,in,s,Specifiers,0
his,his,s,Specifiers,1
hand,hand,s,SenseObject,0
burning,burning,s,SenseProperty,0
who,who,n,,0
calling,calling,s,GenericEvents,0
to,to,s,GenericEvents,1
Vulcan,vulcan,c,UNRECOGNIZED,0
",",",",s,,0
This,this,s,,0
language,language,s,LangRef,0
passes,passes,s,ReportingEvents,0
between,between,s,,0
them,them,c,,0
.,.,s,,0
Jove,jove,c,,0
.,.,s,,0
Ho,ho,s,OralCues,0
Vulcan,vulcan,nn,UNRECOGNIZED,0
Stop,stop,s,Resistance,0
your,your,s,DirectAddress,0
Hammers,hammers,c,Motions,0
:,:,s,Question,0
what,what,s,Question,1
ails,ails,s,Negativity,0
Jove,jove,c,,0
?,?,n,Question,0
We,we,s,ReportingStates,0
are,are,s,ReportingStates,1
making,making,s,ReportingEvents,0
arrows,arrows,s,AbstractConcepts,0
for,for,s,AbstractConcepts,1
my,my,s,FirstPer,0
slip-string,slip-string,s,SenseProperty,0
son,son,c,PersonProperty,0
",",",",n,,0
Here,here,c,SpaceRelation,0
",",",",s,SpaceRelation,1
--,--,s,,0
reach,reach,s,AbstractConcepts,0
him,him,s,PersonPronoun,0
those,those,s,,0
two,two,s,Numbers,0
dozen,dozen,c,Numbers,1
;,;,s,,0
I,i,s,Insist,0
must,must,s,Insist,1
now,now,n,Updates,0
A,a,s,Updates,1
golden,golden,s,SenseProperty,0
handle,handle,s,SenseObject,0
make,make,s,ReportingEvents,0
for,for,s,ReportingEvents,1
my,my,s,FirstPer,0
wifes,wifes,s,,0
fann,fann,c,UNRECOGNIZED,0
:,:,n,,0
Work,work,s,GenericEvents,0
my,my,s,FirstPer,0
sine,sine,s,AbstractConcepts,0
Smugges,smugges,c,UNRECOGNIZED,0
.,.,nn,Sequence,0
First,first,s,Sequence,1
hear,hear,c,SpaceRelation,0
;,;,s,,0
you,you,s,Insist,0
shall,shall,s,Insist,1
not,not,s,DenyDisclaim,0
play,play,c,ReportingEvents,0
",",",",n,,0
The,the,s,,0
Fates,fates,s,SubjectivePercept,0
would,would,s,ProjectBack,0
scold,scold,s,Negative_Relation,0
should,should,s,DirectAddress,0
you,you,s,DirectAddress,1
keep,keep,s,TimeDuration,0
Holiday,holiday,c,Positivity,0
.,.,nn,Curiosity,0
What,what,s,Curiosity,1
then,then,c,Curiosity,2
?,?,nn,Question,0
Command,command,s,CommonAuthorities,0
thy,thy,s,DirectAddress,0
Brawny,brawny,s,PersonProperty,0
fisted,fisted,s,Motions,0
slaves,slaves,s,PersonProperty,0
to,to,s,,0
sweat,sweat,n,SenseObject,0
At,at,s,SpaceRelation,0
the,the,s,SpaceRelation,1
Anuile,anuile,c,UNRECOGNIZED,0
",",",",s,,0
and,and,s,,0
to,to,s,,0
dust,dust,s,Motions,0
their,their,s,Motions,1
Hammers,hammers,s,Motions,0
beat,beat,c,ReportingStates,0
",",",",n,ReportingStates,1
To,to,s,,0
stuff,stuff,s,Uncertainty,0
with,with,s,,0
Thunderbolts,thunderbolts,s,SenseObject,0
Jove's,jove's,s,UNRECOGNIZED,0
Armoryes,armoryes,c,UNRECOGNIZED,0
",",",",n,ReasonForward,0
For,for,s,ReasonForward,1
Vices,vices,s,Negativity,0
(,(,c,,0
mountaine-like,mountaine-like,c,UNRECOGNIZED,0
),),s,,0
in,in,s,Positivity,0
black,black,s,Positivity,1
heaps,heaps,s,SenseObject,0
rize,rize,c,UNRECOGNIZED,0
",",",",n,,0
My,my,s,FirstPer,0
sinews,sinews,s,SenseObject,0
crack,crack,s,SenseProperty,0
to,to,s,,0
fell,fell,s,Narrative_Verbs,0
them,them,c,Narrative_Verbs,1
:,:,s,,0
--,--,s,,0
Idiot,idiot,s,Anger,0
pride,pride,n,StandardsPos,0
Stalks,stalks,s,Motions,0
upon,upon,s,,0
stilts,stilts,c,SenseObject,0
",",",",s,,0
--,--,s,,0
Ambition,ambition,c,ProjectAhead,0
",",",",s,,0
by,by,s,SpaceRelation,0
her,her,s,SpaceRelation,1
side,side,c,SpaceRelation,2
",",",",n,,0
Climbing,climbing,s,Motions,0
to,to,s,,0
catch,catch,s,ReportingEvents,0
Stars,stars,c,SenseObject,0
",",",",s,,0
breaks,breaks,s,Negativity,0
her,her,s,Negativity,1
neck,neck,s,Negativity,2
in,in,s,TimeDuration,0
the,the,s,TimeDuration,1
fall,fall,c,TimeDuration,2
",",",",n,,0
The,the,s,StandardsPos,0
Gallant,gallant,s,StandardsPos,1
Roares,roares,c,UNRECOGNIZED,0
",",",",s,,0
--,--,s,,0
Roarers,roarers,s,UNRECOGNIZED,0
drink,drink,s,Motions,0
oaths,oaths,s,CommonAuthorities,0
and,and,s,,0
gall,gall,c,AbstractConcepts,0
",",",",n,,0
The,the,s,,0
Beggar,beggar,s,PersonProperty,0
curses,curses,c,Negativity,0
",",",",s,,0
--,--,s,,0
Avarice,avarice,s,Negativity,0
eats,eats,s,ReportingEvents,0
gold,gold,n,SenseObject,0
Yet,yet,s,Resistance,0
never,never,s,DenyDisclaim,0
is,is,s,ReportingStates,0
filled,filled,c,ReportingStates,0
",",",",s,ReportingStates,1
--,--,s,,0
Learning's,learning's,s,UNRECOGNIZED,0
awrangling,awrangling,s,UNRECOGNIZED,0
scold,scold,c,Negative_Relation,0
",",",",n,,0
War,war,s,GenericEvents,0
has,has,s,ReportingEvents,0
a,a,s,ReportingEvents,1
Fatal,fatal,s,Negativity,0
hand,hand,c,SenseObject,0
",",",",s,,0
--,--,s,,0
Peace,peace,c,StandardsPos,0
",",",",s,,0
whorish,whorish,s,StandardsNeg,0
Eyes,eyes,c,SenseObject,0
",",",",n,,0
Shall,shall,s,ProjectAhead,0
not,not,s,ProjectAhead,1
Jove,jove,c,,0
",",",",s,,0
beat,beat,s,Resistance,0
down,down,s,Resistance,1
such,such,s,Intensity,0
Impieties,impieties,c,StandardsNeg,0
?,?,n,Question,0
Is,is,s,Question,0
It,it,s,Question,1
not,not,s,DenyDisclaim,0
high,high,s,SubjectiveTime,0
time,time,c,SubjectiveTime,1
",",",",s,,0
Is,is,s,Question,0
It,it,s,Question,1
not,not,s,DenyDisclaim,0
true,true,s,DenyDisclaim,1
Justice,justice,s,StandardsPos,0
then,then,n,,0
(,(,c,,0
Vulcan,vulcan,c,UNRECOGNIZED,0
),),s,,0
for,for,s,,0
thee,thee,c,DirectAddress,0
",",",",s,,0
and,and,s,,0
thy,thy,s,DirectAddress,0
tough,tough,s,Negativity,0
Hammer-men,hammer-men,n,UNRECOGNIZED,0
To,to,s,,0
heat,heat,s,SenseObject,0
thy,thy,s,DirectAddress,0
Anuile,anuile,c,UNRECOGNIZED,0
",",",",s,,0
--,--,s,,0
and,and,s,,0
blow,blow,s,Motions,0
fires,fires,s,SenseObject,0
to,to,s,,0
flames,flames,n,SenseObject,0
To,to,s,,0
burnethese,burnethese,s,UNRECOGNIZED,0
Broodes,broodes,c,UNRECOGNIZED,0
",",",",s,,0
who,who,s,,0
kill,kill,s,Negativity,0
even,even,s,Comparison,0
with,with,s,Comparison,1
their,their,s,PersonPronoun,0
Names,names,c,LangRef,0
?,?,nn,Question,0
Yes,yes,s,DirectAddress,0
Jove,jove,c,,0
",",",",s,,0
it,it,s,,0
is,is,s,ReportingStates,0
more,more,s,Comparison,0
then,then,s,,0
Time,time,c,,0
.,.,nn,DirectAddress,0
And,and,s,DirectAddress,1
what,what,s,,0
helps,helps,s,Positivity,0
this,this,c,Immediacy,0
",",",",s,Immediacy,1
but,but,s,Resistance,0
Iron,iron,c,SenseObject,0
!,!,s,,0
O,o,s,LangRef,0
then,then,c,TimeShift,0
",",",",s,TimeShift,1
how,how,s,,0
high,high,n,,0
Shall,shall,s,ProjectAhead,0
this,this,s,,0
Great,great,s,Intensity,0
Troy,troy,c,AbstractConcepts,0
",",",",s,,0
Text,text,s,LangRef,0
up,up,s,,0
the,the,s,PrivateThinking,0
Memory,memory,n,PrivateThinking,1
Of,of,s,DirectAddress,0
you,you,s,DirectAddress,1
her,her,s,PersonPronoun,0
Noble,noble,s,StandardsPos,0
Praetor,praetor,c,PersonProperty,0
",",",",s,,0
and,and,s,,0
tall,tall,s,SenseProperty,0
Those,those,n,,0
(,(,c,,0
Your,your,s,DirectAddress,0
worthy,worthy,s,StandardsPos,0
Brotherhood,brotherhood,c,StandardsPos,0
),),s,,0
through,through,s,,0
whose,whose,s,PersonPronoun,0
Care,care,s,StandardsPos,0
goes,goes,n,ReportingEvents,0
That,that,s,Exceptions,0
rare,rare,c,Exceptions,1
",",",",s,,0
rich,rich,s,Positivity,0
prize,prize,s,Positivity,0
of,of,s,,0
Iron,iron,c,SenseObject,0
",",",",s,,0
to,to,s,,0
the,the,s,Specifiers,0
whole,whole,s,Specifiers,1
Land,land,c,AbstractConcepts,0
",",",",n,,0
Iron,iron,c,SenseObject,0
!,!,s,,0
far,far,s,Intensity,0
more,more,s,Intensity,1
worth,worth,s,AbstractConcepts,0
then,then,s,,0
Tagus,tagus,s,UNRECOGNIZED,0
golden,golden,s,SenseProperty,0
Sand,sand,c,SenseObject,0
.,.,n,,0
Iron,iron,c,SenseObject,0
!,!,s,,0
best,best,s,Positivity,0
of,of,s,Positivity,1
Metals,metals,c,SenseObject,0
!,!,s,,0
Pride,pride,s,StandardsPos,0
of,of,s,AbstractConcepts,0
Minerals,minerals,c,AbstractConcepts,1
!,!,n,,0
Heart,heart,s,SenseObject,0
of,of,s,,0
the,the,s,SpaceRelation,0
Earth,earth,c,SpaceRelation,1
!,!,s,,0
Hand,hand,s,SenseObject,0
of,of,s,,0
the,the,s,,0
World,world,c,AbstractConcepts,0
",",",",s,Aside,0
which,which,s,Aside,1
falls,falls,n,,0
Heavy,heavy,s,SenseProperty,0
when,when,s,Question,0
it,it,s,Question,1
strikes,strikes,s,Intensity,0
home,home,c,Intensity,1
:,:,s,,0
--,--,s,,0
By,by,s,,0
Irons,irons,s,SenseObject,0
strong,strong,s,Intensity,0
Charms,charms,n,Positivity,0
Ryots,ryots,s,UNRECOGNIZED,0
lie,lie,s,Motions,0
bound,bound,c,ReportingEvents,0
:,:,s,,0
--,--,s,,0
War,war,s,GenericEvents,0
stops,stops,s,Resistance,0
her,her,s,PersonPronoun,0
rough,rough,s,SenseProperty,0
Allarmes,allarmes,n,UNRECOGNIZED,0
Iron,iron,c,SenseObject,0
;,;,s,,0
Earthquakes,earthquakes,s,SenseProperty,0
strikes,strikes,s,Intensity,0
in,in,s,Intensity,1
Foes,foes,c,Negative_Relation,0
:,:,s,,0
--,--,s,,0
Knits,knits,s,Motions,0
friends,friends,s,StandardsPos,0
in,in,s,Positivity,0
love,love,c,Positivity,1
",",",",n,,0
Iron's,iron's,s,UNRECOGNIZED,0
that,that,s,,0
maine,maine,s,UNRECOGNIZED,0
Hinge,hinge,c,SenseObject,0
",",",",s,,0
on,on,s,AbstractConcepts,0
which,which,s,AbstractConcepts,1
the,the,s,,0
World,world,s,AbstractConcepts,0
does,does,s,ReportingEvents,0
move,move,c,Motions,0
:,:,n,,0
No,no,s,DenyDisclaim,0
Kingdoms,kingdoms,s,CommonAuthorities,0
Globe,globe,s,SenseObject,0
can,can,s,Contingency,0
turn,turn,c,,0
",",",",s,,0
Even,even,c,SubjectivePercept,0
",",",",s,,0
Smooth,smooth,s,SenseProperty,0
and,and,s,SenseProperty,1
Round,round,c,SenseProperty,2
",",",",n,Resistance,0
But,but,s,Resistance,1
that,that,s,Resistance,2
his,his,s,PersonPronoun,0
Axletree,axletree,s,SenseObject,0
in,in,s,,0
Iron,iron,s,SenseObject,0
is,is,s,ReportingStates,0
found,found,c,ReportingEvents,0
:,:,n,,0
For,for,c,,0
",",",",s,,0
Armies,armies,s,PersonProperty,0
wanting,wanting,s,PrivateThinking,0
Iron,iron,c,SenseObject,0
",",",",s,,0
are,are,s,ReportingStates,0
puffes,puffes,s,UNRECOGNIZED,0
of,of,s,SenseObject,0
wind,wind,c,SenseObject,1
",",",",n,,0
And,and,c,,0
",",",",s,Resistance,0
but,but,s,Resistance,1
for,for,s,,0
Iron,iron,c,SenseObject,0
",",",",s,,0
who,who,s,,0
thrones,thrones,s,SenseObject,0
of,of,s,,0
peace,peace,s,StandardsPos,0
would,would,s,ProjectBack,0
mind,mind,c,SubjectivePercept,0
?,?,n,Question,0
Were,were,s,ProjectBack,0
there,there,s,DenyDisclaim,0
no,no,s,DenyDisclaim,1
gold,gold,s,SenseObject,0
nor,nor,s,DenyDisclaim,0
silver,silver,s,SenseObject,0
in,in,s,,0
the,the,s,SenseObject,0
land,land,c,SenseObject,1
:,:,n,,0
Yet,yet,s,Resistance,0
Navigations,navigations,s,,0
(,(,c,,0
which,which,s,,0
on,on,s,,0
Jron,jron,s,UNRECOGNIZED,0
does,does,s,ReportingEvents,0
stand,stand,c,AbstractConcepts,0
),),n,,0
Could,could,s,Contingency,0
fetch,fetch,s,Motions,0
it,it,s,,0
in,in,s,,0
--,--,s,,0
Gold's,gold's,s,UNRECOGNIZED,0
Darling,darling,s,Positivity,0
to,to,s,,0
the,the,s,SenseObject,0
Sun,sun,c,SenseObject,1
",",",",n,Resistance,0
But,but,s,Resistance,1
Iron,iron,c,SenseObject,0
",",",",s,,0
his,his,s,PersonPronoun,0
hardy,hardy,s,StandardsPos,0
Boy,boy,c,PersonProperty,0
",",",",s,,0
by,by,s,,0
whom,whom,s,PersonPronoun,0
is,is,s,Updates,0
done,done,n,Updates,1
More,more,s,Comparison,0
than,than,s,Comparison,1
the,the,s,Comparison,2
The,the,s,Specifiers,0
Other,other,s,Specifiers,1
dare,dare,c,SubjectivePercept,0
:,:,s,,0
The,the,s,,0
Merchants,merchants,s,PersonProperty,0
Gates,gates,n,SenseObject,0
By,by,s,,0
Iron,iron,c,SenseObject,0
",",",",s,,0
bar,bar,s,SpaceRelation,0
out,out,s,SpaceRelation,1
theeuish,theeuish,s,UNRECOGNIZED,0
assassinates,assassinates,c,Negative_Relation,0
:,:,n,,0
Iron,iron,s,SenseObject,0
is,is,s,ReportingStates,0
the,the,s,ReportingStates,1
Shopkeepers,shopkeepers,s,PersonProperty,0
both,both,s,,0
Lock,lock,s,ReportingEvents,0
and,and,s,,0
Kay,kay,c,UNRECOGNIZED,0
",",",",n,Specifiers,0
What,what,s,Specifiers,1
are,are,s,Specifiers,2
your,your,s,DirectAddress,0
Course,course,s,Sequence,0
of,of,s,Sequence,1
Guard,guard,c,Resistance,0
",",",",s,,0
when,when,s,,0
Iron's,iron's,s,UNRECOGNIZED,0
away,away,c,,0
?,?,n,Question,0
How,how,s,Future_Question,0
would,would,s,Future_Question,1
the,the,s,,0
Cornepricke,cornepricke,s,UNRECOGNIZED,0
up,up,s,,0
her,her,s,PersonPronoun,0
golden,golden,s,SenseProperty,0
Ears,ears,c,SenseObject,0
:,:,n,,0
But,but,s,Resistance,0
that,that,s,Resistance,1
Iron,iron,s,SenseObject,0
Plough,plough,s,SenseObject,0
shares,shares,c,ReportingEvents,0
",",",",s,Generalization,0
all,all,s,Generalization,1
the,the,s,,0
labor,labor,s,AbstractConcepts,0
bears,bears,n,SenseObject,0
In,in,s,,0
Earth's,earth's,s,,0
strange,strange,s,SubjectivePercept,0
Midwiffry,midwiffry,c,UNRECOGNIZED,0
?,?,s,Question,0
Brave,brave,s,StandardsPos,0
Jron,jron,c,UNRECOGNIZED,0
!,!,s,,0
what,what,s,,0
praise,praise,n,StandardsPos,0
Deserves,deserves,s,StandardsPos,0
it,it,c,,0
?,?,s,Question,0
More,more,s,Comparison,0
it,it,s,,0
is,is,s,ReportingStates,0
beat,beat,c,ReportingStates,0
",",",",s,ReportingStates,1
more,more,s,Comparison,0
it,it,s,,0
obayes,obayes,c,UNRECOGNIZED,0
;,;,n,,0
The,the,s,Comparison,0
more,more,s,Comparison,1
it,it,s,,0
suffers,suffers,c,Negativity,0
:,:,s,,0
More,more,s,Comparison,0
it,it,s,,0
smoothes,smoothes,s,Positivity,0
offense,offense,c,SubjectivePercept,0
:,:,n,,0
In,in,s,,0
Drudgery,drudgery,c,Negativity,0
",",",",s,,0
it,it,s,,0
shines,shines,s,SenseProperty,0
with,with,s,SenseProperty,1
Patience,patience,c,StandardsPos,0
.,.,n,,0
This,this,s,,0
Fellowship,fellowship,c,StandardsPos,0
",",",",s,,0
was,was,s,Biographical_Time,0
then,then,s,Biographical_Time,1
with,with,s,,0
Judging,judging,s,PrivateThinking,0
Eyes,eyes,n,SenseObject,0
United,united,s,Inclusive,0
to,to,s,,0
the,the,s,,0
twelve,twelve,s,Numbers,0
great,great,s,Intensity,0
Companies,companies,c,AbstractConcepts,0
:,:,n,,0
It,it,s,ReportingStates,0
being,being,s,ReportingStates,1
far,far,s,Intensity,0
more,more,s,Intensity,1
Worthy,worthy,c,StandardsPos,0
",",",",s,,0
than,than,s,Comparison,0
to,to,s,Comparison,1
Fill,fill,n,,0
A,a,s,SenseObject,0
File,file,s,SenseObject,1
inferior,inferior,c,StandardsNeg,0
;,;,s,,0
--,--,s,,0
You's,you's,s,DirectAddress,0
the,the,s,,0
Sunne's,sunne's,s,UNRECOGNIZED,0
guilt,guilt,s,StandardsNeg,0
Hill,hill,c,SenseObject,0
:,:,n,,0
On,on,s,,0
toot,toot,c,SenseProperty,0
:,:,s,,0
Jove,jove,s,,0
guardes,guardes,s,UNRECOGNIZED,0
you,you,s,DirectAddress,0
on,on,c,,0
:,:,s,,0
Cyclopes,cyclopes,s,SenseObject,0
a,a,s,SenseObject,0
Ring,ring,n,SenseObject,1
Make,make,s,ReportingEvents,0
with,with,s,ReportingEvents,1
your,your,s,DirectAddress,0
Hammers,hammers,c,Motions,0
",",",",s,,0
to,to,s,,0
whose,whose,s,PersonPronoun,0
Music,music,s,SenseProperty,0
Sing,sing,c,LangRef,0
.,.,nn,LangRef,1
The,the,s,,0
fifth,fifth,s,Sequence,0
Presentation,presentation,s,GenericEvents,0
is,is,s,ReportingStates,0
called,called,s,ReportingEvents,0
Londons,londons,s,UNRECOGNIZED,0
Tempe,tempe,c,SenseObject,0
",",",",s,,0
or,or,s,,0
The,the,s,SenseObject,0
Field,field,s,SenseObject,1
of,of,s,SenseObject,2
Happiness,happiness,c,Positivity,0
;,;,n,,0
thereby,thereby,s,ReasonForward,0
redecting,redecting,s,UNRECOGNIZED,0
upon,upon,s,,0
the,the,s,Specifiers,0
name,name,s,Specifiers,1
of,of,s,Specifiers,2
Campe-bell,campe-bell,c,UNRECOGNIZED,0
",",",",s,,0
or,or,s,,0
Le,le,s,AbstractConcepts,0
Beu,beu,s,UNRECOGNIZED,0
Champe,champe,c,UNRECOGNIZED,0
",",",",s,,0
A,a,s,Positivity,0
fair,fair,s,Positivity,1
and,and,n,,0
glorious,glorious,s,Positivity,0
field,field,c,SenseObject,0
.,.,s,ReportingStates,0
It,it,s,ReportingStates,1
is,is,s,ReportingStates,2
an,an,s,,0
arbor,arbor,c,SenseObject,0
",",",",s,,0
supported,supported,s,ReportingEvents,0
by,by,s,,0
4,4,s,Numbers,0
Great,great,s,Intensity,0
Terms,terms,c,AbstractConcepts,0
:,:,s,,0
On,on,s,,0
the,the,s,,0
4,4,s,Numbers,0
Angles,angles,c,,0
",",",",n,,0
or,or,s,,0
corners,corners,s,AbstractConcepts,0
over,over,s,SpaceRelation,0
the,the,s,SpaceRelation,1
Terms,terms,c,AbstractConcepts,0
",",",",s,,0
are,are,s,ReportingStates,0
placed,placed,s,ReportingEvents,0
4,4,s,Numbers,0
Pendants,pendants,s,SenseObject,0
with,with,s,,0
arms,arms,s,SenseObject,0
in,in,s,,0
them,them,nn,,0
It,it,s,,0
is,is,s,ReportingStates,0
round,round,s,AbstractConcepts,0
about,about,s,AbstractConcepts,1
furnished,furnished,s,ReportingEvents,0
with,with,s,,0
trees,trees,s,SenseObject,0
and,and,s,,0
flowers,flowers,c,SenseObject,0
:,:,s,,0
the,the,s,Positivity,0
upper,upper,s,Positivity,1
part,part,s,SceneShift,0
with,with,n,SceneShift,1
several,several,s,Specifiers,0
fruits,fruits,c,SenseObject,0
:,:,s,,0
Intimating,intimating,s,Disclosure,0
that,that,s,Disclosure,1
as,as,s,,0
London,london,s,,0
is,is,s,ReportingStates,0
the,the,s,ReportingStates,1
best-stored,best-stored,s,UNRECOGNIZED,0
Garden,garden,s,SpaceRelation,0
in,in,s,SpaceRelation,1
the,the,n,,0
Kingdom,kingdom,s,CommonAuthorities,0
for,for,s,,0
Plants,plants,c,SenseObject,0
",",",",s,,0
Herbs,herbs,c,SenseObject,0
",",",",s,,0
Flowers,flowers,c,SenseObject,0
",",",",s,,0
Roots,roots,c,AbstractConcepts,0
",",",",s,,0
and,and,s,,0
such,such,s,Resemblances,0
like,like,c,Resemblances,1
;,;,s,,0
So,so,c,AbstractConcepts,0
",",",",s,AbstractConcepts,1
on,on,s,,0
this,this,s,Immediacy,0
day,day,s,Immediacy,1
it,it,n,,0
is,is,s,ReportingStates,0
the,the,s,ReportingStates,1
most,most,s,Comparison,0
glorious,glorious,s,Positivity,0
City,city,s,CommonAuthorities,0
in,in,s,,0
the,the,s,,0
Christian,christian,s,PersonProperty,0
world,world,nn,AbstractConcepts,0
And,and,s,,0
therefore,therefore,s,ReasonForward,0
Tytan,tytan,s,UNRECOGNIZED,0
(,(,c,,0
one,one,s,Specifiers,0
of,of,s,Specifiers,1
the,the,s,Specifiers,2
names,names,s,AbstractConcepts,0
of,of,s,AbstractConcepts,1
the,the,s,SenseObject,0
Sun,sun,c,SenseObject,1
),),s,,0
in,in,s,Intensity,0
all,all,s,Intensity,1
his,his,s,Intensity,2
splendour,splendour,c,StandardsPos,0
",",",",s,,0
with,with,n,,0
Flora,flora,c,SenseObject,0
",",",",s,,0
Ceres,ceres,c,SenseObject,0
",",",",s,,0
Pomona,pomona,c,UNRECOGNIZED,0
",",",",s,,0
Ver,ver,s,,0
and,and,s,,0
Estas,estas,c,UNRECOGNIZED,0
",",",",s,,0
are,are,s,ReportingStates,0
seated,seated,s,SpaceRelation,0
in,in,s,SpaceRelation,1
this,this,s,,0
Tempe,tempe,c,SenseObject,0
;,;,s,,0
on,on,s,SpaceRelation,0
the,the,s,SpaceRelation,1
top,top,s,SpaceRelation,2
of,of,n,SpaceRelation,3
all,all,s,,0
stands,stands,s,SpaceRelation,0
a,a,s,SpaceRelation,1
Lions,lions,s,SenseObject,0
head,head,c,SenseObject,0
",",",",s,,0
being,being,s,ReportingStates,0
the,the,s,ReportingStates,1
Lord,lord,s,CommonAuthorities,0
Majors,majors,s,AbstractConcepts,0
Crest,crest,nn,SenseObject,0
Tytan,tytan,s,UNRECOGNIZED,0
being,being,s,ReportingStates,0
the,the,s,ReportingStates,1
Speaker,speaker,c,CommunicatorRole,0
",",",",s,,0
does,does,s,ReportingEvents,0
in,in,s,,0
this,this,s,,0
language,language,s,LangRef,0
court,court,s,Positivity,0
his,his,s,Positivity,1
Lordship,lordship,s,CommonAuthorities,0
to,to,s,SubjectivePercept,0
attention,attention,c,SubjectivePercept,1
.,.,nn,,0
WElcome,welcome,s,Positivity,0
(,(,c,,0
great,great,s,Intensity,0
Praetor,praetor,c,PersonProperty,0
),),s,,0
Now,now,s,Immediacy,0
hear,hear,s,SpaceRelation,0
Tytan,tytan,s,UNRECOGNIZED,0
speak,speak,c,ReportingEvents,0
",",",",n,,0
Whose,whose,s,PersonPronoun,0
beams,beams,s,SenseObject,0
to,to,s,,0
Crown,crown,s,SenseObject,0
this,this,s,Immediacy,0
Day,day,c,Immediacy,1
",",",",s,,0
through,through,s,,0
Clouds,clouds,s,SenseObject,0
thus,thus,s,ReasonForward,0
Break,break,n,ReportingEvents,0
My,my,s,FirstPer,0
coach,coach,s,PersonProperty,0
of,of,s,,0
beaten,beaten,s,Negativity,0
gold,gold,s,SenseObject,0
is,is,s,ReportingStates,0
set,set,s,ReportingEvents,0
aside,aside,c,ReportingEvents,1
",",",",n,,0
My,my,s,FirstPer,0
Horses,horses,s,SenseObject,0
to,to,s,,0
Ambrosiall,ambrosiall,s,UNRECOGNIZED,0
mangers,mangers,s,SenseObject,0
tied,tied,c,ReportingStates,0
",",",",n,ReportingStates,1
Why,why,s,Curiosity,0
is,is,s,Curiosity,1
this,this,s,,0
done,done,c,ReportingStates,0
?,?,s,Question,0
why,why,s,Question,0
leave,leave,s,,0
I,i,s,FirstPer,0
mine,mine,s,FirstPer,0
own,own,s,ReportingEvents,0
Sphere,sphere,c,SenseObject,0
?,?,n,Question,0
But,but,s,Immediacy,0
here,here,s,Immediacy,1
to,to,s,,0
circle,circle,s,AbstractConcepts,0
You,you,c,DirectAddress,0
",",",",s,ReasonForward,0
for,for,s,ReasonForward,1
a,a,s,TimeDuration,0
whole,whole,s,TimeDuration,1
Year,year,c,TimeDuration,2
:,:,n,,0
Embrace,embrace,s,Positivity,0
then,then,s,,0
Tytans,tytans,s,UNRECOGNIZED,0
Counsel,counsel,c,PersonProperty,0
:,:,s,,0
--,--,s,,0
Now,now,s,Immediacy,0
so,so,s,,0
Guide,guide,n,ReportingEvents,0
The,the,s,ReportingEvents,1
Chariot,chariot,s,SenseObject,0
of,of,s,DirectAddress,0
your,your,s,DirectAddress,1
sway,sway,s,Motions,0
in,in,s,,0
a,a,s,StandardsPos,0
Just,just,s,StandardsPos,1
Pace,pace,c,,0
",",",",n,,0
That,that,s,Generalization,0
All,all,s,Generalization,1
(,(,c,,0
to,to,s,,0
come,come,s,ReportingEvents,0
hereafter,hereafter,c,ProjectAhead,0
),),s,,0
may,may,s,Contingency,0
with,with,s,StandardsPos,0
Pride,pride,c,StandardsPos,1
",",",",n,,0
Say,say,c,Citations,0
",",",",s,,0
None,none,s,DenyDisclaim,0
like,like,s,SubjectivePercept,0
you,you,s,DirectAddress,0
did,did,s,ReportingEvents,0
Noblier,noblier,s,UNRECOGNIZED,0
quit,quit,s,ReportingEvents,0
the,the,s,ReportingEvents,1
Place,place,c,SpaceRelation,0
*,*,n,,0
Lower,lower,s,Comparison,0
than,than,s,Comparison,1
Now,now,s,Immediacy,0
you,you,s,DirectAddress,0
are,are,s,DirectAddress,1
in,in,s,,0
Fame,fame,c,StandardsPos,0
",",",",s,,0
Never,never,s,DenyDisclaim,0
fall,fall,c,,0
",",",",n,DirectReasoning,0
Note,note,s,DirectReasoning,1
me,me,s,FirstPer,0
(,(,c,,0
the,the,s,SenseObject,0
Sun,sun,c,SenseObject,1
),),s,,0
who,who,s,,0
in,in,s,,0
my,my,s,FirstPer,0
Noone,noone,s,,0
Careere,careere,c,UNRECOGNIZED,0
",",",",n,,0
Renders,renders,s,ReportingEvents,0
a,a,s,ReportingEvents,1
shadow,shadow,c,SenseObject,0
",",",",s,,0
short,short,s,SenseProperty,0
or,or,s,,0
None,none,s,DenyDisclaim,0
at,at,s,Intensity,0
all,all,c,Intensity,1
",",",",n,Intensity,2
And,and,s,ReasonForward,0
so,so,c,ReasonForward,1
",",",",s,ReasonForward,0
since,since,s,ReasonForward,1
Honors,honors,s,StandardsPos,0
Zodiac,zodiac,s,AbstractConcepts,0
is,is,s,DirectAddress,0
your,your,s,DirectAddress,1
sphaere,sphaere,c,UNRECOGNIZED,0
",",",",n,,0
A,a,s,SenseObject,0
shrub,shrub,s,SenseObject,1
to,to,s,DirectAddress,0
you,you,s,DirectAddress,1
must,must,s,Insist,0
be,be,s,Insist,1
the,the,s,Insist,2
tallest,tallest,s,Comparison,0
Pine,pine,c,SenseObject,0
",",",",n,,0
On,on,s,,0
poor,poor,s,Negativity,0
and,and,s,,0
rich,rich,s,Positivity,0
you,you,s,DirectAddress,0
Equally,equally,s,Comparison,0
must,must,s,Insist,0
shine,shine,c,SenseProperty,0
.,.,n,,0
This,this,s,,0
if,if,s,Contingency,0
you,you,s,DirectAddress,0
Do,do,c,DirectAddress,1
",",",",s,,0
my,my,s,FirstPer,0
Arms,arms,s,SenseObject,0
shall,shall,s,ProjectAhead,0
ever,ever,s,Biographical_Time,0
spread,spread,n,SpaceRelation,0
About,about,s,SpaceRelation,1
those,those,s,,0
Rooms,rooms,s,SenseObject,0
you,you,s,DirectAddress,0
Feast,feast,s,SenseObject,0
in,in,c,,0
:,:,s,,0
--,--,s,,0
From,from,s,,0
her,her,s,PersonPronoun,0
head,head,n,SenseObject,0
Flora,flora,c,SenseObject,0
",",",",s,,0
her,her,s,PersonPronoun,0
garlands,garlands,s,SenseObject,0
pluck,pluck,s,StandardsPos,0
(,(,c,,0
being,being,s,ReportingStates,0
Queen,queen,s,PersonProperty,0
of,of,s,,0
Flowers,flowers,c,SenseObject,0
),),n,,0
To,to,s,,0
dress,dress,s,SenseObject,0
your,your,s,DirectAddress,0
Parlors,parlors,s,SenseObject,0
up,up,s,,0
like,like,s,SubjectivePercept,0
summers,summers,s,TimeDuration,0
Bowers,bowers,c,SenseObject,0
:,:,n,,0
Ceres,ceres,c,SenseObject,0
",",",",s,,0
lay,lay,s,ReportingEvents,0
golden,golden,s,SenseProperty,0
sheaffes,sheaffes,s,UNRECOGNIZED,0
on,on,s,DirectAddress,0
your,your,s,DirectAddress,1
full,full,s,CommonAuthorities,0
board,board,c,CommonAuthorities,1
",",",",n,,0
With,with,s,,0
fruit,fruit,s,SenseObject,0
you,you,s,DirectAddress,0
from,from,s,,0
Pomona,pomona,s,UNRECOGNIZED,0
shall,shall,s,ProjectAhead,0
be,be,s,ProjectAhead,1
sloard,sloard,c,UNRECOGNIZED,0
",",",",n,,0
Whilst,whilst,s,TimeDuration,0
Ver,ver,s,,0
and,and,s,,0
Estas,estas,s,UNRECOGNIZED,0
(,(,c,,0
Spring,spring,s,AbstractConcepts,0
and,and,s,,0
Summer,summer,c,TimeDuration,0
),),s,,0
Drive,drive,n,SceneShift,0
From,from,s,SceneShift,1
this,this,s,,0
your,your,s,DirectAddress,0
Tempe,tempe,c,SenseObject,0
",",",",s,,0
Winter,winter,c,AbstractConcepts,0
",",",",s,,0
till,till,s,TimeShift,0
he,he,s,TimeShift,1
Diue,diue,n,UNRECOGNIZED,0
In,in,s,,0
The,the,s,,0
frozen,frozen,s,SenseProperty,0
Zone,zone,c,AbstractConcepts,0
",",",",s,,0
and,and,s,,0
Tytans,tytans,s,UNRECOGNIZED,0
Radiant,radiant,s,SenseProperty,0
shield,shield,n,SenseObject,0
Guard,guard,s,Resistance,0
Campe-bels,campe-bels,s,UNRECOGNIZED,0
Beuch,beuch,s,UNRECOGNIZED,0
ampe,ampe,c,UNRECOGNIZED,0
",",",",s,,0
Londons,londons,s,UNRECOGNIZED,0
fairest,fairest,s,Comparison,0
field,field,c,SenseObject,0
.,.,n,ReportingStates,0
This,this,s,ReportingStates,1
is,is,s,ReportingStates,2
called,called,s,ReportingEvents,0
Apollo's,apollo's,s,UNRECOGNIZED,0
palace,palace,c,SenseObject,0
:,:,s,,0
because,because,s,ReasonBackward,0
7,7,c,Sequence,0
.,.,s,Sequence,1
persons,persons,s,PersonProperty,0
representing,representing,s,ReportingEvents,0
the,the,s,ReportingEvents,1
7,7,n,Numbers,0
liberal,liberal,s,AbstractConcepts,0
Sciences,sciences,s,CommonAuthorities,0
are,are,s,ReportingStates,0
richly,richly,s,Positivity,0
Inthroned,inthroned,s,UNRECOGNIZED,0
in,in,s,,0
this,this,s,,0
City,city,c,CommonAuthorities,0
.,.,s,,0
Those,those,s,,0
7,7,s,Numbers,0
are,are,s,ReportingStates,0
in,in,s,,0
loose,loose,n,AbstractConcepts,0
roabes,roabes,s,UNRECOGNIZED,0
of,of,s,,0
several,several,s,Specifiers,0
colors,colors,c,SenseProperty,0
",",",",s,,0
with,with,s,,0
mantles,mantles,s,SenseObject,0
according,according,c,Positivity,0
",",",",s,,0
and,and,s,,0
holding,holding,s,ReportingEvents,0
in,in,s,ReportingEvents,1
their,their,s,SenseObject,0
hands,hands,n,SenseObject,1
Escutcheons,escutcheons,c,SenseObject,0
",",",",s,,0
with,with,s,,0
Emblemes,emblemes,s,UNRECOGNIZED,0
in,in,s,,0
them,them,s,,0
proper,proper,s,StandardsPos,0
to,to,s,StandardsPos,1
every,every,s,Generalization,0
one,one,s,Generalization,1
quality,quality,nn,,0
The,the,s,SenseObject,0
body,body,s,SenseObject,1
of,of,s,Specifiers,0
this,this,s,Specifiers,1
work,work,s,GenericEvents,0
is,is,s,ReportingStates,0
supported,supported,s,ReportingEvents,0
by,by,s,,0
12,12,s,Numbers,0
silver,silver,s,SenseObject,0
Columns,columns,c,SpaceRelation,0
.,.,s,,0
At,at,s,SpaceRelation,0
the,the,s,SpaceRelation,1
four,four,s,Numbers,0
angles,angles,n,SpaceRelation,0
of,of,s,SpaceRelation,1
it,it,c,,0
",",",",s,,0
four,four,s,Numbers,0
Pendants,pendants,s,SenseObject,0
play,play,s,SpaceRelation,0
with,with,s,SpaceRelation,1
the,the,s,SpaceRelation,2
Wind,wind,c,SenseProperty,0
.,.,s,,0
On,on,s,SpaceRelation,0
the,the,s,SpaceRelation,1
top,top,s,SpaceRelation,2
is,is,s,ReportingStates,0
erected,erected,s,Narrative_Verbs,0
a,a,s,Narrative_Verbs,1
square,square,s,SenseProperty,0
Tower,tower,c,SenseObject,0
",",",",n,,0
supported,supported,s,ReportingEvents,0
by,by,s,,0
four,four,s,Numbers,0
golden,golden,s,SenseProperty,0
Columes,columes,c,UNRECOGNIZED,0
.,.,s,,0
In,in,s,,0
every,every,s,Generalization,0
square,square,s,SenseProperty,0
is,is,s,ReportingStates,0
presented,presented,s,Narrative_Verbs,0
the,the,s,Narrative_Verbs,1
Embosd,embosd,n,UNRECOGNIZED,0
antique,antique,s,SenseObject,0
head,head,s,PersonProperty,0
of,of,s,PersonProperty,1
an,an,s,PersonProperty,2
Emperor,emperor,c,PersonProperty,0
",",",",s,,0
figuring,figuring,s,ReportingEvents,0
the,the,s,ReportingEvents,1
4,4,c,Sequence,0
.,.,s,Sequence,1
Monarchs,monarchs,s,PersonProperty,0
of,of,s,,0
the,the,s,,0
world,world,c,AbstractConcepts,0
",",",",s,,0
and,and,s,,0
in,in,n,,0
them,them,c,,0
",",",",s,,0
pointing,pointing,s,SpaceRelation,0
at,at,s,SpaceRelation,1
four,four,s,Numbers,0
Kingdoms,kingdoms,nn,CommonAuthorities,0
Apollo,apollo,s,UNRECOGNIZED,0
is,is,s,ReportingStates,0
the,the,s,ReportingStates,1
chief,chief,s,CommonAuthorities,0
person,person,c,PersonProperty,0
;,;,s,,0
on,on,s,SpaceRelation,0
his,his,s,SpaceRelation,1
head,head,s,SpaceRelation,2
a,a,s,,0
garland,garland,s,SenseObject,0
of,of,s,,0
bays,bays,c,SenseObject,0
;,;,s,,0
In,in,s,Specifiers,0
his,his,s,Specifiers,1
hand,hand,s,SenseObject,0
a,a,n,,0
Lute,lute,c,SenseObject,0
;,;,s,,0
Some,some,s,Uncertainty,0
Hypercriticall,hypercriticall,s,UNRECOGNIZED,0
Censurer,censurer,s,UNRECOGNIZED,0
perhaps,perhaps,c,Uncertainty,0
",",",",s,,0
will,will,s,PredictedFuture,0
ask,ask,c,Request,0
",",",",s,,0
why,why,s,Question,0
having,having,s,ReportingEvents,0
Tytan,tytan,c,UNRECOGNIZED,0
",",",",s,,0
I,i,n,Insist,0
should,should,s,Insist,1
bring,bring,s,Transformation,0
in,in,s,Transformation,1
Apollo,apollo,c,UNRECOGNIZED,0
",",",",s,,0
sithence,sithence,s,UNRECOGNIZED,0
they,they,s,,0
both,both,s,,0
are,are,s,ReportingStates,0
names,names,s,LangRef,0
proper,proper,s,StandardsPos,0
to,to,s,StandardsPos,1
the,the,s,SenseObject,0
Sun,sun,c,SenseObject,1
.,.,s,Resistance,0
But,but,n,Resistance,1
the,the,s,,0
youngest,youngest,s,Comparison,0
Nouice,nouice,s,UNRECOGNIZED,0
in,in,s,LangRef,0
Poetry,poetry,s,LangRef,1
can,can,s,Confidence,0
answer,answer,s,Confidence,1
for,for,s,SelfDisclosure,0
me,me,c,SelfDisclosure,1
",",",",s,,0
that,that,s,,0
the,the,s,SenseObject,0
Sun,sun,s,SenseObject,1
when,when,s,TimeShift,0
he,he,s,TimeShift,1
shines,shines,n,SpaceRelation,0
in,in,s,SpaceRelation,1
heaven,heaven,s,Positivity,0
is,is,s,ReportingStates,0
called,called,s,ReportingEvents,0
Tytan,tytan,c,UNRECOGNIZED,0
",",",",s,Resistance,0
but,but,s,Resistance,1
being,being,s,ReportingStates,0
on,on,s,SpaceRelation,0
Earth,earth,s,SpaceRelation,1
(,(,c,Aside,0
as,as,s,Aside,1
he,he,s,Updates,0
is,is,s,Updates,1
here,here,c,SpaceRelation,0
),),s,,0
we,we,s,,0
call,call,s,ReportingEvents,0
him,him,n,PersonPronoun,0
Apollo,apollo,c,UNRECOGNIZED,0
.,.,s,,0
Thus,thus,s,ReasonForward,0
therefore,therefore,s,ReasonForward,0
Apollo,apollo,s,UNRECOGNIZED,0
tunes,tunes,s,ReportingEvents,0
his,his,s,ReportingEvents,1
voice,voice,nn,,0
APollo,apollo,s,UNRECOGNIZED,0
never,never,s,DenyDisclaim,0
stuck,stuck,s,Negative_Relation,0
in,in,s,Negative_Relation,1
Admiration,admiration,s,StandardsPos,0
till,till,s,Immediacy,0
now,now,c,Immediacy,1
:,:,s,,0
My,my,s,FirstPer,0
Delphos,delphos,s,UNRECOGNIZED,0
is,is,s,ReportingStates,0
remouen,remouen,s,UNRECOGNIZED,0
hither,hither,c,SpaceRelation,0
;,;,s,,0
my,my,n,FirstPer,0
Oracles,oracles,s,ProjectAhead,0
are,are,s,ReportingStates,0
spoken,spoken,s,SenseProperty,0
here,here,c,SpaceRelation,0
:,:,s,,0
Here,here,s,SpaceRelation,0
the,the,s,CommonAuthorities,0
Sages,sages,s,CommonAuthorities,1
utter,utter,s,Negativity,0
their,their,s,PersonPronoun,0
wisdom,wisdom,c,StandardsPos,0
",",",",s,,0
Here,here,s,SpaceRelation,0
the,the,s,,0
Sybels,sybels,n,UNRECOGNIZED,0
their,their,s,PersonPronoun,0
divine,divine,s,StandardsPos,0
verses,verses,nn,SenseProperty,0
I,i,s,FirstPer,0
see,see,s,,0
Senators,senators,s,CommonAuthorities,0
this,this,s,Immediacy,0
day,day,s,Immediacy,1
in,in,s,,0
Scarlet,scarlet,s,SenseProperty,0
riding,riding,s,SceneShift,0
to,to,s,SceneShift,1
the,the,s,,0
Capitol,capitol,c,SenseObject,0
",",",",s,,0
and,and,s,,0
to,to,s,,0
morrow,morrow,s,ProjectAhead,0
the,the,n,Comparison,0
same,same,s,Comparison,1
men,men,s,PersonProperty,0
riding,riding,s,SceneShift,0
up,up,s,SceneShift,1
and,and,s,,0
down,down,s,SpaceRelation,0
the,the,s,SpaceRelation,1
field,field,s,SpaceRelation,2
in,in,s,,0
Armors,armors,s,ReportingEvents,0
Gowned,gowned,s,Motions,0
Citizens,citizens,c,CommonAuthorities,0
",",",",s,,0
and,and,s,,0
Warlike,warlike,n,SubjectivePercept,0
Gowne-men,gowne-men,c,UNRECOGNIZED,0
.,.,s,,0
The,the,s,,0
Gunne,gunne,s,UNRECOGNIZED,0
here,here,s,SpaceRelation,0
gives,gives,s,SubjectivePercept,0
place,place,c,SubjectivePercept,1
",",",",s,,0
and,and,s,,0
the,the,s,,0
own,own,s,ReportingEvents,0
takes,takes,s,ReportingEvents,0
the,the,s,ReportingEvents,1
upper,upper,s,SubjectivePercept,0
hand,hand,c,SubjectivePercept,1
.,.,s,,0
The,the,n,SenseObject,0
Gown,gown,s,SenseObject,1
and,and,s,,0
the,the,s,,0
Gunne,gunne,s,UNRECOGNIZED,0
march,march,s,AbstractConcepts,0
in,in,s,,0
one,one,s,Numbers,0
File,file,s,SenseObject,0
together,together,nn,Inclusive,0
Happy,happy,s,Positivity,0
King,king,s,PersonProperty,0
that,that,s,,0
has,has,s,Intensity,0
such,such,s,Intensity,1
people,people,c,PersonProperty,0
",",",",s,,0
happy,happy,s,Positivity,0
Land,land,s,Positivity,1
in,in,s,Specifiers,0
such,such,s,Specifiers,1
a,a,s,Specifiers,2
King,king,c,PersonProperty,0
!,!,s,,0
Happy,happy,s,Positivity,0
Praetor,praetor,s,PersonProperty,0
so,so,n,,0
graced,graced,s,Positive_Attribution,0
with,with,s,Positive_Attribution,1
Honors,honors,c,StandardsPos,0
!,!,s,,0
Happy,happy,s,Positivity,0
Senators,senators,s,CommonAuthorities,0
so,so,s,,0
obayed,obayed,s,UNRECOGNIZED,0
by,by,s,,0
Citizens,citizens,c,CommonAuthorities,0
.,.,s,DirectAddress,0
And,and,s,DirectAddress,1
happy,happy,s,Positivity,0
Citizens,citizens,n,CommonAuthorities,0
that,that,s,Contingency,0
can,can,s,Contingency,1
command,command,s,CommonAuthorities,0
such,such,s,Intensity,0
Triumphs,triumphs,nn,Positivity,0
Good,good,s,,0
in,in,s,DirectAddress,0
your,your,s,DirectAddress,1
full,full,s,,0
glories,glories,c,StandardsPos,0
:,:,s,,0
whilst,whilst,s,TimeDuration,0
Apollo,apollo,c,UNRECOGNIZED,0
",",",",s,,0
and,and,s,,0
these,these,s,Immediacy,0
Mistresses,mistresses,s,PersonProperty,0
of,of,s,,0
the,the,s,StandardsPos,0
Learned,learned,n,StandardsPos,1
Sciences,sciences,c,CommonAuthorities,0
",",",",s,,0
waft,waft,s,Motions,0
you,you,s,DirectAddress,0
to,to,s,,0
that,that,s,,0
Honorable,honorable,s,StandardsPos,0
shore,shore,c,SenseObject,0
;,;,s,,0
whither,whither,s,SpaceRelation,0
Time,time,s,,0
bids,bids,s,ReportingEvents,0
you,you,s,DirectAddress,0
hasten,hasten,s,ReportingEvents,0
to,to,n,,0
arrive,arrive,nn,SceneShift,0
AFter,after,s,Sequence,0
the,the,s,Sequence,1
glorious,glorious,s,Positivity,0
troubles,troubles,s,Negativity,0
of,of,s,Specifiers,0
this,this,s,Specifiers,1
day,day,c,TimeDuration,0
",",",",n,,0
Night,night,s,,0
bids,bids,s,ReportingEvents,0
you,you,s,DirectAddress,0
welcome,welcome,s,Positivity,0
home,home,c,SpaceRelation,0
",",",",s,,0
--,--,s,,0
Night,night,s,,0
who,who,s,Question,0
does,does,s,Question,1
lay,lay,n,ReportingEvents,0
All,all,s,,0
pomp,pomp,c,SenseProperty,0
",",",",s,Generalization,0
all,all,s,Generalization,1
Triumphs,triumphs,c,Positivity,0
",",",",s,,0
by,by,c,,0
",",",",c,,0
-,-,c,,0
state,state,c,,0
",",",",s,,0
now,now,s,Immediacy,0
desends,desends,c,UNRECOGNIZED,0
",",",",n,,0
Here,here,s,SpaceRelation,0
or,or,s,,0
Officious,officious,s,Anger,0
Train,train,s,ReportingEvents,0
their,their,s,ReportingEvents,1
service,service,s,StandardsPos,0
ends,ends,c,Sequence,0
",",",",n,,0
And,and,s,Resistance,0
yet,yet,s,Resistance,1
not,not,s,DenyDisclaim,0
all,all,c,DenyDisclaim,1
",",",",s,ReasonForward,0
for,for,s,ReasonForward,1
see,see,c,,0
:,:,s,,0
the,the,s,,0
golden,golden,s,SenseObject,0
Sun,sun,c,SenseObject,1
",",",",n,,0
Albeiu,albeiu,s,UNRECOGNIZED,0
he,he,s,ProjectBack,0
had,had,s,ProjectBack,1
his,his,s,TimeDuration,0
days,days,s,TimeDuration,1
work,work,s,GenericEvents,0
fully,fully,s,MatureProcess,0
done,done,c,ReportingStates,0
",",",",n,ReportingStates,1
Sits,sits,s,SpaceRelation,0
up,up,s,SpaceRelation,0
above,above,s,SpaceRelation,1
his,his,s,SubjectiveTime,0
hour,hour,c,SubjectiveTime,1
",",",",s,,0
and,and,s,,0
does,does,s,SubjectivePercept,0
his,his,s,SubjectivePercept,1
best,best,n,SubjectivePercept,2
To,to,s,SubjectivePercept,3
keep,keep,s,TimeDuration,0
the,the,s,,0
stars,stars,s,SenseObject,0
from,from,s,,0
lighting,lighting,s,SenseObject,0
you,you,s,DirectAddress,0
to,to,s,,0
rest,rest,c,,0
",",",",n,,0
Him,him,s,PersonPronoun,0
will,will,s,PredictedFuture,0
I,i,s,FirstPer,0
take,take,s,SceneShift,0
along,along,s,SceneShift,1
to,to,s,,0
lay,lay,s,Narrative_Verbs,0
his,his,s,Narrative_Verbs,1
head,head,n,SenseObject,0
In,in,s,,0
Tethys,tethys,s,UNRECOGNIZED,0
lape,lape,c,UNRECOGNIZED,0
",",",",s,,0
Peace,peace,s,StandardsPos,0
therefore,therefore,s,ReasonForward,0
Guard,guard,s,Resistance,0
your,your,s,DirectAddress,0
bedds,bedds,c,UNRECOGNIZED,0
:,:,n,,0
In,in,s,DirectAddress,0
your,your,s,DirectAddress,1
years,years,s,TimeDuration,0
Zediacke,zediacke,s,UNRECOGNIZED,0
may,may,s,DirectAddress,0
you,you,s,DirectAddress,1
fairly,fairly,s,StandardsPos,0
move,move,c,Motions,0
",",",",n,,0
Shined,shined,s,SenseProperty,0
on,on,s,SenseProperty,1
by,by,s,,0
Angels,angels,c,SenseObject,0
",",",",s,,0
blessed,blessed,s,Positive_Attribution,0
with,with,s,Positive_Attribution,1
goodness,goodness,s,StandardsPos,0
love,love,c,Positivity,0
.,.,n,,0
Thus,thus,s,ReasonForward,0
much,much,c,Intensity,0
",",",",s,,0
his,his,s,SubjectivePercept,0
own,own,s,SubjectivePercept,1
worth,worth,c,AbstractConcepts,0
",",",",s,,0
cries,cries,s,Positivity,0
up,up,s,Positivity,1
the,the,s,Positivity,2
Workman,workman,s,PersonProperty,0
(,(,c,,0
M,m,c,AbstractConcepts,0
.,.,s,AbstractConcepts,1
Gerard,gerard,s,PersonProperty,0
Chrismas,chrismas,c,UNRECOGNIZED,0
),),s,,0
for,for,s,,0
his,his,n,PersonPronoun,0
Invention,invention,c,StandardsPos,0
",",",",s,,0
that,that,s,Generalization,0
all,all,s,Generalization,1
the,the,s,,0
pieces,pieces,s,SenseObject,0
were,were,s,ProjectBack,0
exact,exact,c,ReportingEvents,0
",",",",s,,0
and,and,s,,0
set,set,s,Citations,0
forth,forth,s,Citations,1
lively,lively,c,Positivity,0
",",",",s,,0
with,with,s,,0
much,much,n,Intensity,0
Cost,cost,c,AbstractConcepts,0
.,.,s,DirectAddress,0
And,and,s,DirectAddress,1
this,this,s,Immediacy,0
year,year,c,Immediacy,1
",",",",s,,0
gives,gives,s,,0
one,one,s,Numbers,0
Remarkable,remarkable,s,SubjectivePercept,0
Note,note,s,SenseObject,0
to,to,s,,0
after,after,s,Sequence,0
times,times,c,AbstractConcepts,0
",",",",s,,0
that,that,s,Generalization,0
all,all,s,Generalization,1
the,the,n,SenseObject,0
Barges,barges,s,SenseObject,1
followed,followed,s,ReportingEvents,0
one,one,s,Numbers,0
another,another,s,Numbers,1
(,(,c,,0
every,every,s,Generalization,0
Company,company,s,AbstractConcepts,0
in,in,s,Specifiers,0
their,their,s,Specifiers,1
degree,degree,c,AbstractConcepts,0
),),s,,0
in,in,s,,0
a,a,s,SenseProperty,0
Stately,stately,s,SenseProperty,1
and,and,n,,0
Maiesticall,maiesticall,s,UNRECOGNIZED,0
order,order,c,AbstractConcepts,0
.,.,s,,0
This,this,s,ReportingStates,0
being,being,s,ReportingStates,1
the,the,s,,0
Invention,invention,s,StandardsPos,0
of,of,s,,0
a,a,s,CommonAuthorities,0
Noble,noble,s,CommonAuthorities,1
Citizen,citizen,c,CommonAuthorities,0
",",",",s,,0
one,one,s,Specifiers,0
of,of,s,Specifiers,1
the,the,n,Specifiers,2
Captains,captains,s,PersonProperty,0
of,of,s,,0
the,the,s,,0
City,city,nnn,CommonAuthorities,0
